INST;R1;573;;;;;;;;;;;;;;;;;;;;;;;;;;;;;;;;;;;;;;;;;;;;;;;;;;;;;;;;;;;;;;;;;;;;;;;;;;;;;;;;;;;;;;;;;;;;;;;;;;;;;;;;;;;;;;;;;;;;;;;;;;;;;;;;;;;;;;;;;;;;
INST;R1;387;;;;;;;;;;;;;;;;;;;;;;;;;;;;;;;;;;;;;;;;;;;;;;;;;;;;;;;;;;;;;;;;;;;;;;;;;;;;;;;;;;;;;;;;;;;;;;;;;;;;;;;;;;;;;;;;;;;;;;;;;;;;;;;;;;;;;;;;;;;;
INST;R1;582;;;;;;;;;;;;;;;;;;;;;;;;;;;;;;;;;;;;;;;;;;;;;;;;;;;;;;;;;;;;;;;;;;;;;;;;;;;;;;;;;;;;;;;;;;;;;;;;;;;;;;;;;;;;;;;;;;;;;;;;;;;;;;;;;;;;;;;;;;;;
INST;R1;421;;;;;;;;;;;;;;;;;;;;;;;;;;;;;;;;;;;;;;;;;;;;;;;;;;;;;;;;;;;;;;;;;;;;;;;;;;;;;;;;;;;;;;;;;;;;;;;;;;;;;;;;;;;;;;;;;;;;;;;;;;;;;;;;;;;;;;;;;;;;
CorrRes;ITI;Res01rewCum;Res02rewCum;ResTotal;TASK;Wrong;acc;accuracy;average_response_time;avg_rt;background;canvas_backend;clock_backend;color_backend;compensation;coordinates;correct;correctAnswer;correct_instructions_inst;correct_instructions_inst_2;correct_instructions_start;count_ITI_questions;count_count_rewards;count_define_task_1;count_define_task_2;count_empty;count_end;count_evaluate_answer;count_experiment;count_inline_instrumental;count_inline_instrumental_1;count_inline_variabili;count_inline_variabili_ins_1;count_inline_variabili_ins_2;count_inst_questions;count_instructions_inst;count_instructions_inst_2;count_instructions_start;count_instrumental_loop;count_instrumental_loop_1;count_instrumental_loop_complete;count_instrumental_practice;count_instrumental_sequence;count_instrumental_sequence_2;count_instrumental_sequence_complete;count_instrumental_sequence_complete_1;count_learning_criteria;count_logger;count_new_sequence_1;count_open_triggerEEG;count_question_1;cursor_roi;cursor_x;cursor_y;datetime;description;disable_garbage_collection;empty_column;experiment_file;experiment_path;font_bold;font_family;font_italic;font_size;font_underline;foreground;form_clicks;fullscreen;height;keyboard_backend;live_row;live_row_instrumental_loop;live_row_instrumental_loop_1;live_row_instrumental_loop_complete;live_row_instrumental_practice;logfile;mouse_backend;opensesame_codename;opensesame_version;question;repeat_cycle;resO1;resO1nul;resO1reward;resO2;resO2nul;resO2reward;response;response_end;response_instructions_inst;response_instructions_inst_2;response_instructions_start;response_time;response_time_end;response_time_instructions_inst;response_time_instructions_inst_2;response_time_instructions_start;round_decimals;sampler_backend;sound_buf_size;sound_channels;sound_freq;sound_sample_size;start;subject_nr;subject_parity;time_ITI_questions;time_count_rewards;time_define_task_1;time_define_task_2;time_empty;time_end;time_evaluate_answer;time_experiment;time_inline_instrumental;time_inline_instrumental_1;time_inline_variabili;time_inline_variabili_ins_1;time_inline_variabili_ins_2;time_inst_questions;time_instructions_inst;time_instructions_inst_2;time_instructions_start;time_instrumental_loop;time_instrumental_loop_1;time_instrumental_loop_complete;time_instrumental_practice;time_instrumental_sequence;time_instrumental_sequence_2;time_instrumental_sequence_complete;time_instrumental_sequence_complete_1;time_learning_criteria;time_logger;time_new_sequence_1;time_open_triggerEEG;time_question_1;title;total_correct;total_response_time;total_responses;uniform_coordinates;width
0;0;1;0;0;Inst_task;0;undefined;undefined;undefined;undefined;white;xpyriment;legacy;legacy;0;uniform;undefined;NA;undefined;undefined;undefined;1;0;1;NA;0;0;NA;0;0;1;0;0;0;0;0;0;0;0;0;0;0;0;1;0;0;0;0;NA;0;NA;undefined;618;-514;06/08/2021 11:12;The main experiment item;yes;;2. Instrumental.osexp;C:\Users\cncadmin\Desktop\Sara G\new task;no;mono;no;18;no;black;no;yes;768;legacy;0;0;1;0;0;C:/Users/cncadmin/Desktop/Sara G/DatiEEG/10nm2.csv;xpyriment;Kafkaesque Koffka;3.2.8;NA;0;4;3;1;0;0;0;m;NA;1;1;1;78171;NA;112401;78171;20578;2;legacy;1024;2;48000;-16;experiment;10;even;24182;247654;237085;NA;137085;NA;NA;3069;237085;148034;137085;236868;237060;NA;24683;158696;3603;237060;137089;236868;137085;237085;148034;237060;137089;237060;247654;NA;3069;NA;pit experiment;0;0;0;yes;1024
INST;R2;666;;;;;;;;;;;;;;;;;;;;;;;;;;;;;;;;;;;;;;;;;;;;;;;;;;;;;;;;;;;;;;;;;;;;;;;;;;;;;;;;;;;;;;;;;;;;;;;;;;;;;;;;;;;;;;;;;;;;;;;;;;;;;;;;;;;;;;;;;;;;
INST;R2;371;;;;;;;;;;;;;;;;;;;;;;;;;;;;;;;;;;;;;;;;;;;;;;;;;;;;;;;;;;;;;;;;;;;;;;;;;;;;;;;;;;;;;;;;;;;;;;;;;;;;;;;;;;;;;;;;;;;;;;;;;;;;;;;;;;;;;;;;;;;;
INST;R2;378;;;;;;;;;;;;;;;;;;;;;;;;;;;;;;;;;;;;;;;;;;;;;;;;;;;;;;;;;;;;;;;;;;;;;;;;;;;;;;;;;;;;;;;;;;;;;;;;;;;;;;;;;;;;;;;;;;;;;;;;;;;;;;;;;;;;;;;;;;;;
INST;R2;389;;;;;;;;;;;;;;;;;;;;;;;;;;;;;;;;;;;;;;;;;;;;;;;;;;;;;;;;;;;;;;;;;;;;;;;;;;;;;;;;;;;;;;;;;;;;;;;;;;;;;;;;;;;;;;;;;;;;;;;;;;;;;;;;;;;;;;;;;;;;
0;0;1;0;0;Inst_task;0;undefined;undefined;undefined;undefined;white;xpyriment;legacy;legacy;0;uniform;undefined;NA;undefined;undefined;undefined;1;1;2;NA;0;0;NA;0;1;1;0;0;0;0;0;0;0;0;0;0;0;1;1;0;0;0;1;NA;0;NA;undefined;618;-514;06/08/2021 11:12;The main experiment item;yes;;2. Instrumental.osexp;C:\Users\cncadmin\Desktop\Sara G\new task;no;mono;no;18;no;black;no;yes;768;legacy;1;1;1;0;0;C:/Users/cncadmin/Desktop/Sara G/DatiEEG/10nm2.csv;xpyriment;Kafkaesque Koffka;3.2.8;NA;0;0;0;0;4;4;0;z;NA;1;1;1;78171;NA;112401;78171;20578;2;legacy;1024;2;48000;-16;experiment;10;even;24182;258132;247766;NA;137085;NA;NA;3069;247766;148034;137085;236868;237060;NA;24683;158696;3603;237060;137089;236868;137085;247765;148034;237060;137089;237060;258132;NA;3069;NA;pit experiment;0;0;0;yes;1024
INST;R2;531;;;;;;;;;;;;;;;;;;;;;;;;;;;;;;;;;;;;;;;;;;;;;;;;;;;;;;;;;;;;;;;;;;;;;;;;;;;;;;;;;;;;;;;;;;;;;;;;;;;;;;;;;;;;;;;;;;;;;;;;;;;;;;;;;;;;;;;;;;;;
INST;R2;346;;;;;;;;;;;;;;;;;;;;;;;;;;;;;;;;;;;;;;;;;;;;;;;;;;;;;;;;;;;;;;;;;;;;;;;;;;;;;;;;;;;;;;;;;;;;;;;;;;;;;;;;;;;;;;;;;;;;;;;;;;;;;;;;;;;;;;;;;;;;
INST;R2;377;;;;;;;;;;;;;;;;;;;;;;;;;;;;;;;;;;;;;;;;;;;;;;;;;;;;;;;;;;;;;;;;;;;;;;;;;;;;;;;;;;;;;;;;;;;;;;;;;;;;;;;;;;;;;;;;;;;;;;;;;;;;;;;;;;;;;;;;;;;;
INST;R2;398;;;;;;;;;;;;;;;;;;;;;;;;;;;;;;;;;;;;;;;;;;;;;;;;;;;;;;;;;;;;;;;;;;;;;;;;;;;;;;;;;;;;;;;;;;;;;;;;;;;;;;;;;;;;;;;;;;;;;;;;;;;;;;;;;;;;;;;;;;;;
INST;R2;407;;;;;;;;;;;;;;;;;;;;;;;;;;;;;;;;;;;;;;;;;;;;;;;;;;;;;;;;;;;;;;;;;;;;;;;;;;;;;;;;;;;;;;;;;;;;;;;;;;;;;;;;;;;;;;;;;;;;;;;;;;;;;;;;;;;;;;;;;;;;
0;0;1;0;0;Inst_task;0;undefined;undefined;undefined;undefined;white;xpyriment;legacy;legacy;0;uniform;undefined;NA;undefined;undefined;undefined;1;2;3;NA;0;0;NA;0;2;1;0;0;0;0;0;0;0;0;0;0;0;2;1;0;0;0;2;NA;0;NA;undefined;618;-514;06/08/2021 11:12;The main experiment item;yes;;2. Instrumental.osexp;C:\Users\cncadmin\Desktop\Sara G\new task;no;mono;no;18;no;black;no;yes;768;legacy;2;2;1;0;0;C:/Users/cncadmin/Desktop/Sara G/DatiEEG/10nm2.csv;xpyriment;Kafkaesque Koffka;3.2.8;NA;0;0;0;0;5;5;0;m;NA;1;1;1;78171;NA;112401;78171;20578;2;legacy;1024;2;48000;-16;experiment;10;even;24182;269983;258238;NA;137085;NA;NA;3069;258238;148034;137085;236868;237060;NA;24683;158696;3603;237060;137089;236868;137085;258238;148034;237060;137089;237060;269983;NA;3069;NA;pit experiment;0;0;0;yes;1024
INST;R1;605;;;;;;;;;;;;;;;;;;;;;;;;;;;;;;;;;;;;;;;;;;;;;;;;;;;;;;;;;;;;;;;;;;;;;;;;;;;;;;;;;;;;;;;;;;;;;;;;;;;;;;;;;;;;;;;;;;;;;;;;;;;;;;;;;;;;;;;;;;;;
INST;R1;432;;;;;;;;;;;;;;;;;;;;;;;;;;;;;;;;;;;;;;;;;;;;;;;;;;;;;;;;;;;;;;;;;;;;;;;;;;;;;;;;;;;;;;;;;;;;;;;;;;;;;;;;;;;;;;;;;;;;;;;;;;;;;;;;;;;;;;;;;;;;
INST;R1;482;;;;;;;;;;;;;;;;;;;;;;;;;;;;;;;;;;;;;;;;;;;;;;;;;;;;;;;;;;;;;;;;;;;;;;;;;;;;;;;;;;;;;;;;;;;;;;;;;;;;;;;;;;;;;;;;;;;;;;;;;;;;;;;;;;;;;;;;;;;;
INST;R1;397;;;;;;;;;;;;;;;;;;;;;;;;;;;;;;;;;;;;;;;;;;;;;;;;;;;;;;;;;;;;;;;;;;;;;;;;;;;;;;;;;;;;;;;;;;;;;;;;;;;;;;;;;;;;;;;;;;;;;;;;;;;;;;;;;;;;;;;;;;;;
0;0;1;0;0;Inst_task;0;undefined;undefined;undefined;undefined;white;xpyriment;legacy;legacy;0;uniform;undefined;NA;undefined;undefined;undefined;1;3;4;NA;0;0;NA;0;3;1;0;0;0;0;0;0;0;0;0;0;0;3;1;0;0;0;3;NA;0;NA;undefined;618;-514;06/08/2021 11:12;The main experiment item;yes;;2. Instrumental.osexp;C:\Users\cncadmin\Desktop\Sara G\new task;no;mono;no;18;no;black;no;yes;768;legacy;3;3;1;0;0;C:/Users/cncadmin/Desktop/Sara G/DatiEEG/10nm2.csv;xpyriment;Kafkaesque Koffka;3.2.8;NA;0;4;4;0;0;0;0;m;NA;1;1;1;78171;NA;112401;78171;20578;2;legacy;1024;2;48000;-16;experiment;10;even;24182;280715;270077;NA;137085;NA;NA;3069;270077;148034;137085;236868;237060;NA;24683;158696;3603;237060;137089;236868;137085;270077;148034;237060;137089;237060;280716;NA;3069;NA;pit experiment;0;0;0;yes;1024
INST;R2;476;;;;;;;;;;;;;;;;;;;;;;;;;;;;;;;;;;;;;;;;;;;;;;;;;;;;;;;;;;;;;;;;;;;;;;;;;;;;;;;;;;;;;;;;;;;;;;;;;;;;;;;;;;;;;;;;;;;;;;;;;;;;;;;;;;;;;;;;;;;;
INST;R2;354;;;;;;;;;;;;;;;;;;;;;;;;;;;;;;;;;;;;;;;;;;;;;;;;;;;;;;;;;;;;;;;;;;;;;;;;;;;;;;;;;;;;;;;;;;;;;;;;;;;;;;;;;;;;;;;;;;;;;;;;;;;;;;;;;;;;;;;;;;;;
INST;R2;352;;;;;;;;;;;;;;;;;;;;;;;;;;;;;;;;;;;;;;;;;;;;;;;;;;;;;;;;;;;;;;;;;;;;;;;;;;;;;;;;;;;;;;;;;;;;;;;;;;;;;;;;;;;;;;;;;;;;;;;;;;;;;;;;;;;;;;;;;;;;
INST;R2;579;;;;;;;;;;;;;;;;;;;;;;;;;;;;;;;;;;;;;;;;;;;;;;;;;;;;;;;;;;;;;;;;;;;;;;;;;;;;;;;;;;;;;;;;;;;;;;;;;;;;;;;;;;;;;;;;;;;;;;;;;;;;;;;;;;;;;;;;;;;;
INST;R2;387;;;;;;;;;;;;;;;;;;;;;;;;;;;;;;;;;;;;;;;;;;;;;;;;;;;;;;;;;;;;;;;;;;;;;;;;;;;;;;;;;;;;;;;;;;;;;;;;;;;;;;;;;;;;;;;;;;;;;;;;;;;;;;;;;;;;;;;;;;;;
0;0;1;0;0;Inst_task;0;undefined;undefined;undefined;undefined;white;xpyriment;legacy;legacy;0;uniform;undefined;NA;undefined;undefined;undefined;1;4;5;NA;0;0;NA;0;4;1;0;0;0;0;0;0;0;0;0;0;0;4;1;0;0;0;4;NA;0;NA;undefined;618;-514;06/08/2021 11:12;The main experiment item;yes;;2. Instrumental.osexp;C:\Users\cncadmin\Desktop\Sara G\new task;no;mono;no;18;no;black;no;yes;768;legacy;4;4;1;0;0;C:/Users/cncadmin/Desktop/Sara G/DatiEEG/10nm2.csv;xpyriment;Kafkaesque Koffka;3.2.8;NA;0;0;0;0;5;5;0;m;NA;1;1;1;78171;NA;112401;78171;20578;2;legacy;1024;2;48000;-16;experiment;10;even;24182;292736;280775;NA;137085;NA;NA;3069;280775;148034;137085;236868;237060;NA;24683;158696;3603;237060;137089;236868;137085;280774;148034;237060;137089;237060;292736;NA;3069;NA;pit experiment;0;0;0;yes;1024
INST;R2;569;;;;;;;;;;;;;;;;;;;;;;;;;;;;;;;;;;;;;;;;;;;;;;;;;;;;;;;;;;;;;;;;;;;;;;;;;;;;;;;;;;;;;;;;;;;;;;;;;;;;;;;;;;;;;;;;;;;;;;;;;;;;;;;;;;;;;;;;;;;;
INST;R2;439;;;;;;;;;;;;;;;;;;;;;;;;;;;;;;;;;;;;;;;;;;;;;;;;;;;;;;;;;;;;;;;;;;;;;;;;;;;;;;;;;;;;;;;;;;;;;;;;;;;;;;;;;;;;;;;;;;;;;;;;;;;;;;;;;;;;;;;;;;;;
INST;R2;448;;;;;;;;;;;;;;;;;;;;;;;;;;;;;;;;;;;;;;;;;;;;;;;;;;;;;;;;;;;;;;;;;;;;;;;;;;;;;;;;;;;;;;;;;;;;;;;;;;;;;;;;;;;;;;;;;;;;;;;;;;;;;;;;;;;;;;;;;;;;
INST;R2;395;;;;;;;;;;;;;;;;;;;;;;;;;;;;;;;;;;;;;;;;;;;;;;;;;;;;;;;;;;;;;;;;;;;;;;;;;;;;;;;;;;;;;;;;;;;;;;;;;;;;;;;;;;;;;;;;;;;;;;;;;;;;;;;;;;;;;;;;;;;;
0;0;1;2;0;Inst_task;0;undefined;undefined;undefined;undefined;white;xpyriment;legacy;legacy;0;uniform;undefined;NA;undefined;undefined;undefined;1;5;6;NA;0;0;NA;0;5;1;0;0;0;0;0;0;0;0;0;0;0;5;1;0;0;0;5;NA;0;NA;undefined;618;-514;06/08/2021 11:12;The main experiment item;yes;;2. Instrumental.osexp;C:\Users\cncadmin\Desktop\Sara G\new task;no;mono;no;18;no;black;no;yes;768;legacy;5;5;1;0;0;C:/Users/cncadmin/Desktop/Sara G/DatiEEG/10nm2.csv;xpyriment;Kafkaesque Koffka;3.2.8;NA;0;0;0;0;4;2;2;z;NA;1;1;1;78171;NA;112401;78171;20578;2;legacy;1024;2;48000;-16;experiment;10;even;24182;303584;292862;NA;137085;NA;NA;3069;292862;148034;137085;236868;237060;NA;24683;158696;3603;237060;137089;236868;137085;292862;148034;237060;137089;237060;303584;NA;3069;NA;pit experiment;0;0;0;yes;1024
INST;R1;471;;;;;;;;;;;;;;;;;;;;;;;;;;;;;;;;;;;;;;;;;;;;;;;;;;;;;;;;;;;;;;;;;;;;;;;;;;;;;;;;;;;;;;;;;;;;;;;;;;;;;;;;;;;;;;;;;;;;;;;;;;;;;;;;;;;;;;;;;;;;
INST;R1;411;;;;;;;;;;;;;;;;;;;;;;;;;;;;;;;;;;;;;;;;;;;;;;;;;;;;;;;;;;;;;;;;;;;;;;;;;;;;;;;;;;;;;;;;;;;;;;;;;;;;;;;;;;;;;;;;;;;;;;;;;;;;;;;;;;;;;;;;;;;;
INST;R1;365;;;;;;;;;;;;;;;;;;;;;;;;;;;;;;;;;;;;;;;;;;;;;;;;;;;;;;;;;;;;;;;;;;;;;;;;;;;;;;;;;;;;;;;;;;;;;;;;;;;;;;;;;;;;;;;;;;;;;;;;;;;;;;;;;;;;;;;;;;;;
INST;R1;504;;;;;;;;;;;;;;;;;;;;;;;;;;;;;;;;;;;;;;;;;;;;;;;;;;;;;;;;;;;;;;;;;;;;;;;;;;;;;;;;;;;;;;;;;;;;;;;;;;;;;;;;;;;;;;;;;;;;;;;;;;;;;;;;;;;;;;;;;;;;
INST;R1;391;;;;;;;;;;;;;;;;;;;;;;;;;;;;;;;;;;;;;;;;;;;;;;;;;;;;;;;;;;;;;;;;;;;;;;;;;;;;;;;;;;;;;;;;;;;;;;;;;;;;;;;;;;;;;;;;;;;;;;;;;;;;;;;;;;;;;;;;;;;;
0;0;2;2;0;Inst_task;0;undefined;undefined;undefined;undefined;white;xpyriment;legacy;legacy;0;uniform;undefined;NA;undefined;undefined;undefined;1;6;7;NA;0;0;NA;0;6;1;0;0;0;0;0;0;0;0;0;0;0;6;1;0;0;0;6;NA;0;NA;undefined;618;-514;06/08/2021 11:12;The main experiment item;yes;;2. Instrumental.osexp;C:\Users\cncadmin\Desktop\Sara G\new task;no;mono;no;18;no;black;no;yes;768;legacy;6;6;1;0;0;C:/Users/cncadmin/Desktop/Sara G/DatiEEG/10nm2.csv;xpyriment;Kafkaesque Koffka;3.2.8;NA;0;5;4;1;0;0;0;z;NA;1;1;1;78171;NA;112401;78171;20578;2;legacy;1024;2;48000;-16;experiment;10;even;24182;315380;303684;NA;137085;NA;NA;3069;303684;148034;137085;236868;237060;NA;24683;158696;3603;237060;137089;236868;137085;303684;148034;237060;137089;237060;315380;NA;3069;NA;pit experiment;0;0;0;yes;1024
INST;R2;498;;;;;;;;;;;;;;;;;;;;;;;;;;;;;;;;;;;;;;;;;;;;;;;;;;;;;;;;;;;;;;;;;;;;;;;;;;;;;;;;;;;;;;;;;;;;;;;;;;;;;;;;;;;;;;;;;;;;;;;;;;;;;;;;;;;;;;;;;;;;
INST;R2;450;;;;;;;;;;;;;;;;;;;;;;;;;;;;;;;;;;;;;;;;;;;;;;;;;;;;;;;;;;;;;;;;;;;;;;;;;;;;;;;;;;;;;;;;;;;;;;;;;;;;;;;;;;;;;;;;;;;;;;;;;;;;;;;;;;;;;;;;;;;;
INST;R2;383;;;;;;;;;;;;;;;;;;;;;;;;;;;;;;;;;;;;;;;;;;;;;;;;;;;;;;;;;;;;;;;;;;;;;;;;;;;;;;;;;;;;;;;;;;;;;;;;;;;;;;;;;;;;;;;;;;;;;;;;;;;;;;;;;;;;;;;;;;;;
INST;R2;396;;;;;;;;;;;;;;;;;;;;;;;;;;;;;;;;;;;;;;;;;;;;;;;;;;;;;;;;;;;;;;;;;;;;;;;;;;;;;;;;;;;;;;;;;;;;;;;;;;;;;;;;;;;;;;;;;;;;;;;;;;;;;;;;;;;;;;;;;;;;
INST;R2;396;;;;;;;;;;;;;;;;;;;;;;;;;;;;;;;;;;;;;;;;;;;;;;;;;;;;;;;;;;;;;;;;;;;;;;;;;;;;;;;;;;;;;;;;;;;;;;;;;;;;;;;;;;;;;;;;;;;;;;;;;;;;;;;;;;;;;;;;;;;;
0;0;2;5;0;Inst_task;0;undefined;undefined;undefined;undefined;white;xpyriment;legacy;legacy;0;uniform;undefined;NA;undefined;undefined;undefined;1;7;8;NA;0;0;NA;0;7;1;0;0;0;0;0;0;0;0;0;0;0;7;1;0;0;0;7;NA;0;NA;undefined;618;-514;06/08/2021 11:12;The main experiment item;yes;;2. Instrumental.osexp;C:\Users\cncadmin\Desktop\Sara G\new task;no;mono;no;18;no;black;no;yes;768;legacy;7;7;1;0;0;C:/Users/cncadmin/Desktop/Sara G/DatiEEG/10nm2.csv;xpyriment;Kafkaesque Koffka;3.2.8;NA;0;0;0;0;5;2;3;m;NA;1;1;1;78171;NA;112401;78171;20578;2;legacy;1024;2;48000;-16;experiment;10;even;24182;327438;315456;NA;137085;NA;NA;3069;315456;148034;137085;236868;237060;NA;24683;158696;3603;237060;137089;236868;137085;315456;148034;237060;137089;237060;327439;NA;3069;NA;pit experiment;0;0;0;yes;1024
INST;R1;442;;;;;;;;;;;;;;;;;;;;;;;;;;;;;;;;;;;;;;;;;;;;;;;;;;;;;;;;;;;;;;;;;;;;;;;;;;;;;;;;;;;;;;;;;;;;;;;;;;;;;;;;;;;;;;;;;;;;;;;;;;;;;;;;;;;;;;;;;;;;
INST;R1;432;;;;;;;;;;;;;;;;;;;;;;;;;;;;;;;;;;;;;;;;;;;;;;;;;;;;;;;;;;;;;;;;;;;;;;;;;;;;;;;;;;;;;;;;;;;;;;;;;;;;;;;;;;;;;;;;;;;;;;;;;;;;;;;;;;;;;;;;;;;;
INST;R1;389;;;;;;;;;;;;;;;;;;;;;;;;;;;;;;;;;;;;;;;;;;;;;;;;;;;;;;;;;;;;;;;;;;;;;;;;;;;;;;;;;;;;;;;;;;;;;;;;;;;;;;;;;;;;;;;;;;;;;;;;;;;;;;;;;;;;;;;;;;;;
INST;R1;406;;;;;;;;;;;;;;;;;;;;;;;;;;;;;;;;;;;;;;;;;;;;;;;;;;;;;;;;;;;;;;;;;;;;;;;;;;;;;;;;;;;;;;;;;;;;;;;;;;;;;;;;;;;;;;;;;;;;;;;;;;;;;;;;;;;;;;;;;;;;
0;0;3;5;0;Inst_task;0;undefined;undefined;undefined;undefined;white;xpyriment;legacy;legacy;0;uniform;undefined;NA;undefined;undefined;undefined;1;8;9;NA;0;0;NA;0;8;1;0;0;0;0;0;0;0;0;0;0;0;8;1;0;0;0;8;NA;0;NA;undefined;618;-514;06/08/2021 11:12;The main experiment item;yes;;2. Instrumental.osexp;C:\Users\cncadmin\Desktop\Sara G\new task;no;mono;no;18;no;black;no;yes;768;legacy;8;8;1;0;0;C:/Users/cncadmin/Desktop/Sara G/DatiEEG/10nm2.csv;xpyriment;Kafkaesque Koffka;3.2.8;NA;0;4;3;1;0;0;0;m;NA;1;1;1;78171;NA;112401;78171;20578;2;legacy;1024;2;48000;-16;experiment;10;even;24182;338018;327516;NA;137085;NA;NA;3069;327516;148034;137085;236868;237060;NA;24683;158696;3603;237060;137089;236868;137085;327516;148034;237060;137089;237060;338019;NA;3069;NA;pit experiment;0;0;0;yes;1024
INST;R1;493;;;;;;;;;;;;;;;;;;;;;;;;;;;;;;;;;;;;;;;;;;;;;;;;;;;;;;;;;;;;;;;;;;;;;;;;;;;;;;;;;;;;;;;;;;;;;;;;;;;;;;;;;;;;;;;;;;;;;;;;;;;;;;;;;;;;;;;;;;;;
INST;R1;367;;;;;;;;;;;;;;;;;;;;;;;;;;;;;;;;;;;;;;;;;;;;;;;;;;;;;;;;;;;;;;;;;;;;;;;;;;;;;;;;;;;;;;;;;;;;;;;;;;;;;;;;;;;;;;;;;;;;;;;;;;;;;;;;;;;;;;;;;;;;
INST;R1;541;;;;;;;;;;;;;;;;;;;;;;;;;;;;;;;;;;;;;;;;;;;;;;;;;;;;;;;;;;;;;;;;;;;;;;;;;;;;;;;;;;;;;;;;;;;;;;;;;;;;;;;;;;;;;;;;;;;;;;;;;;;;;;;;;;;;;;;;;;;;
INST;R1;435;;;;;;;;;;;;;;;;;;;;;;;;;;;;;;;;;;;;;;;;;;;;;;;;;;;;;;;;;;;;;;;;;;;;;;;;;;;;;;;;;;;;;;;;;;;;;;;;;;;;;;;;;;;;;;;;;;;;;;;;;;;;;;;;;;;;;;;;;;;;
0;0;6;5;0;Inst_task;0;undefined;undefined;undefined;undefined;white;xpyriment;legacy;legacy;0;uniform;undefined;NA;undefined;undefined;undefined;1;9;10;NA;0;0;NA;0;9;1;0;0;0;0;0;0;0;0;0;0;0;9;1;0;0;0;9;NA;0;NA;undefined;618;-514;06/08/2021 11:12;The main experiment item;yes;;2. Instrumental.osexp;C:\Users\cncadmin\Desktop\Sara G\new task;no;mono;no;18;no;black;no;yes;768;legacy;9;9;1;0;0;C:/Users/cncadmin/Desktop/Sara G/DatiEEG/10nm2.csv;xpyriment;Kafkaesque Koffka;3.2.8;NA;0;4;1;3;0;0;0;m;NA;1;1;1;78171;NA;112401;78171;20578;2;legacy;1024;2;48000;-16;experiment;10;even;24182;348706;338118;NA;137085;NA;NA;3069;338118;148034;137085;236868;237060;NA;24683;158696;3603;237060;137089;236868;137085;338118;148034;237060;137089;237060;348706;NA;3069;NA;pit experiment;0;0;0;yes;1024
INST;R2;508;;;;;;;;;;;;;;;;;;;;;;;;;;;;;;;;;;;;;;;;;;;;;;;;;;;;;;;;;;;;;;;;;;;;;;;;;;;;;;;;;;;;;;;;;;;;;;;;;;;;;;;;;;;;;;;;;;;;;;;;;;;;;;;;;;;;;;;;;;;;
INST;R2;366;;;;;;;;;;;;;;;;;;;;;;;;;;;;;;;;;;;;;;;;;;;;;;;;;;;;;;;;;;;;;;;;;;;;;;;;;;;;;;;;;;;;;;;;;;;;;;;;;;;;;;;;;;;;;;;;;;;;;;;;;;;;;;;;;;;;;;;;;;;;
INST;R2;412;;;;;;;;;;;;;;;;;;;;;;;;;;;;;;;;;;;;;;;;;;;;;;;;;;;;;;;;;;;;;;;;;;;;;;;;;;;;;;;;;;;;;;;;;;;;;;;;;;;;;;;;;;;;;;;;;;;;;;;;;;;;;;;;;;;;;;;;;;;;
INST;R2;390;;;;;;;;;;;;;;;;;;;;;;;;;;;;;;;;;;;;;;;;;;;;;;;;;;;;;;;;;;;;;;;;;;;;;;;;;;;;;;;;;;;;;;;;;;;;;;;;;;;;;;;;;;;;;;;;;;;;;;;;;;;;;;;;;;;;;;;;;;;;
INST;R2;392;;;;;;;;;;;;;;;;;;;;;;;;;;;;;;;;;;;;;;;;;;;;;;;;;;;;;;;;;;;;;;;;;;;;;;;;;;;;;;;;;;;;;;;;;;;;;;;;;;;;;;;;;;;;;;;;;;;;;;;;;;;;;;;;;;;;;;;;;;;;
0;0;6;5;0;Inst_task;0;undefined;undefined;undefined;undefined;white;xpyriment;legacy;legacy;0;uniform;undefined;NA;undefined;undefined;undefined;1;10;11;NA;0;0;NA;0;10;1;0;0;0;0;0;0;0;0;0;0;0;10;1;0;0;0;10;NA;0;NA;undefined;618;-514;06/08/2021 11:12;The main experiment item;yes;;2. Instrumental.osexp;C:\Users\cncadmin\Desktop\Sara G\new task;no;mono;no;18;no;black;no;yes;768;legacy;10;10;1;0;0;C:/Users/cncadmin/Desktop/Sara G/DatiEEG/10nm2.csv;xpyriment;Kafkaesque Koffka;3.2.8;NA;0;0;0;0;5;5;0;m;NA;1;1;1;78171;NA;112401;78171;20578;2;legacy;1024;2;48000;-16;experiment;10;even;24182;360329;348778;NA;137085;NA;NA;3069;348778;148034;137085;236868;237060;NA;24683;158696;3603;237060;137089;236868;137085;348778;148034;237060;137089;237060;360329;NA;3069;NA;pit experiment;0;0;0;yes;1024
INST;R2;601;;;;;;;;;;;;;;;;;;;;;;;;;;;;;;;;;;;;;;;;;;;;;;;;;;;;;;;;;;;;;;;;;;;;;;;;;;;;;;;;;;;;;;;;;;;;;;;;;;;;;;;;;;;;;;;;;;;;;;;;;;;;;;;;;;;;;;;;;;;;
INST;R2;390;;;;;;;;;;;;;;;;;;;;;;;;;;;;;;;;;;;;;;;;;;;;;;;;;;;;;;;;;;;;;;;;;;;;;;;;;;;;;;;;;;;;;;;;;;;;;;;;;;;;;;;;;;;;;;;;;;;;;;;;;;;;;;;;;;;;;;;;;;;;
INST;R2;443;;;;;;;;;;;;;;;;;;;;;;;;;;;;;;;;;;;;;;;;;;;;;;;;;;;;;;;;;;;;;;;;;;;;;;;;;;;;;;;;;;;;;;;;;;;;;;;;;;;;;;;;;;;;;;;;;;;;;;;;;;;;;;;;;;;;;;;;;;;;
INST;R2;416;;;;;;;;;;;;;;;;;;;;;;;;;;;;;;;;;;;;;;;;;;;;;;;;;;;;;;;;;;;;;;;;;;;;;;;;;;;;;;;;;;;;;;;;;;;;;;;;;;;;;;;;;;;;;;;;;;;;;;;;;;;;;;;;;;;;;;;;;;;;
0;0;6;5;0;Inst_task;0;undefined;undefined;undefined;undefined;white;xpyriment;legacy;legacy;0;uniform;undefined;NA;undefined;undefined;undefined;1;11;12;NA;0;0;NA;0;11;1;0;0;0;0;0;0;0;0;0;0;0;11;1;0;0;0;11;NA;0;NA;undefined;618;-514;06/08/2021 11:12;The main experiment item;yes;;2. Instrumental.osexp;C:\Users\cncadmin\Desktop\Sara G\new task;no;mono;no;18;no;black;no;yes;768;legacy;11;11;1;0;0;C:/Users/cncadmin/Desktop/Sara G/DatiEEG/10nm2.csv;xpyriment;Kafkaesque Koffka;3.2.8;NA;0;0;0;0;4;4;0;m;NA;1;1;1;78171;NA;112401;78171;20578;2;legacy;1024;2;48000;-16;experiment;10;even;24182;370778;360428;NA;137085;NA;NA;3069;360428;148034;137085;236868;237060;NA;24683;158696;3603;237060;137089;236868;137085;360428;148034;237060;137089;237060;370778;NA;3069;NA;pit experiment;0;0;0;yes;1024
INST;R2;672;;;;;;;;;;;;;;;;;;;;;;;;;;;;;;;;;;;;;;;;;;;;;;;;;;;;;;;;;;;;;;;;;;;;;;;;;;;;;;;;;;;;;;;;;;;;;;;;;;;;;;;;;;;;;;;;;;;;;;;;;;;;;;;;;;;;;;;;;;;;
INST;R2;387;;;;;;;;;;;;;;;;;;;;;;;;;;;;;;;;;;;;;;;;;;;;;;;;;;;;;;;;;;;;;;;;;;;;;;;;;;;;;;;;;;;;;;;;;;;;;;;;;;;;;;;;;;;;;;;;;;;;;;;;;;;;;;;;;;;;;;;;;;;;
INST;R2;392;;;;;;;;;;;;;;;;;;;;;;;;;;;;;;;;;;;;;;;;;;;;;;;;;;;;;;;;;;;;;;;;;;;;;;;;;;;;;;;;;;;;;;;;;;;;;;;;;;;;;;;;;;;;;;;;;;;;;;;;;;;;;;;;;;;;;;;;;;;;
INST;R2;684;;;;;;;;;;;;;;;;;;;;;;;;;;;;;;;;;;;;;;;;;;;;;;;;;;;;;;;;;;;;;;;;;;;;;;;;;;;;;;;;;;;;;;;;;;;;;;;;;;;;;;;;;;;;;;;;;;;;;;;;;;;;;;;;;;;;;;;;;;;;
0;0;6;6;0;Inst_task;0;undefined;undefined;undefined;undefined;white;xpyriment;legacy;legacy;0;uniform;undefined;NA;undefined;undefined;undefined;1;12;13;NA;0;0;NA;0;12;1;0;0;0;0;0;0;0;0;0;0;0;12;1;0;0;0;12;NA;0;NA;undefined;618;-514;06/08/2021 11:12;The main experiment item;yes;;2. Instrumental.osexp;C:\Users\cncadmin\Desktop\Sara G\new task;no;mono;no;18;no;black;no;yes;768;legacy;12;12;1;0;0;C:/Users/cncadmin/Desktop/Sara G/DatiEEG/10nm2.csv;xpyriment;Kafkaesque Koffka;3.2.8;NA;0;0;0;0;4;3;1;z;NA;1;1;1;78171;NA;112401;78171;20578;2;legacy;1024;2;48000;-16;experiment;10;even;24182;381830;370881;NA;137085;NA;NA;3069;370881;148034;137085;236868;237060;NA;24683;158696;3603;237060;137089;236868;137085;370881;148034;237060;137089;237060;381830;NA;3069;NA;pit experiment;0;0;0;yes;1024
INST;R1;427;;;;;;;;;;;;;;;;;;;;;;;;;;;;;;;;;;;;;;;;;;;;;;;;;;;;;;;;;;;;;;;;;;;;;;;;;;;;;;;;;;;;;;;;;;;;;;;;;;;;;;;;;;;;;;;;;;;;;;;;;;;;;;;;;;;;;;;;;;;;
INST;R1;510;;;;;;;;;;;;;;;;;;;;;;;;;;;;;;;;;;;;;;;;;;;;;;;;;;;;;;;;;;;;;;;;;;;;;;;;;;;;;;;;;;;;;;;;;;;;;;;;;;;;;;;;;;;;;;;;;;;;;;;;;;;;;;;;;;;;;;;;;;;;
INST;R1;450;;;;;;;;;;;;;;;;;;;;;;;;;;;;;;;;;;;;;;;;;;;;;;;;;;;;;;;;;;;;;;;;;;;;;;;;;;;;;;;;;;;;;;;;;;;;;;;;;;;;;;;;;;;;;;;;;;;;;;;;;;;;;;;;;;;;;;;;;;;;
INST;R1;448;;;;;;;;;;;;;;;;;;;;;;;;;;;;;;;;;;;;;;;;;;;;;;;;;;;;;;;;;;;;;;;;;;;;;;;;;;;;;;;;;;;;;;;;;;;;;;;;;;;;;;;;;;;;;;;;;;;;;;;;;;;;;;;;;;;;;;;;;;;;
0;0;6;6;0;Inst_task;0;undefined;undefined;undefined;undefined;white;xpyriment;legacy;legacy;0;uniform;undefined;NA;undefined;undefined;undefined;1;13;14;NA;0;0;NA;0;13;1;0;0;0;0;0;0;0;0;0;0;0;13;1;0;0;0;13;NA;0;NA;undefined;618;-514;06/08/2021 11:12;The main experiment item;yes;;2. Instrumental.osexp;C:\Users\cncadmin\Desktop\Sara G\new task;no;mono;no;18;no;black;no;yes;768;legacy;13;13;1;0;0;C:/Users/cncadmin/Desktop/Sara G/DatiEEG/10nm2.csv;xpyriment;Kafkaesque Koffka;3.2.8;NA;0;4;4;0;0;0;0;z;NA;1;1;1;78171;NA;112401;78171;20578;2;legacy;1024;2;48000;-16;experiment;10;even;24182;392265;381893;NA;137085;NA;NA;3069;381893;148034;137085;236868;237060;NA;24683;158696;3603;237060;137089;236868;137085;381893;148034;237060;137089;237060;392265;NA;3069;NA;pit experiment;0;0;0;yes;1024
INST;R1;585;;;;;;;;;;;;;;;;;;;;;;;;;;;;;;;;;;;;;;;;;;;;;;;;;;;;;;;;;;;;;;;;;;;;;;;;;;;;;;;;;;;;;;;;;;;;;;;;;;;;;;;;;;;;;;;;;;;;;;;;;;;;;;;;;;;;;;;;;;;;
INST;R1;394;;;;;;;;;;;;;;;;;;;;;;;;;;;;;;;;;;;;;;;;;;;;;;;;;;;;;;;;;;;;;;;;;;;;;;;;;;;;;;;;;;;;;;;;;;;;;;;;;;;;;;;;;;;;;;;;;;;;;;;;;;;;;;;;;;;;;;;;;;;;
INST;R1;387;;;;;;;;;;;;;;;;;;;;;;;;;;;;;;;;;;;;;;;;;;;;;;;;;;;;;;;;;;;;;;;;;;;;;;;;;;;;;;;;;;;;;;;;;;;;;;;;;;;;;;;;;;;;;;;;;;;;;;;;;;;;;;;;;;;;;;;;;;;;
INST;R1;476;;;;;;;;;;;;;;;;;;;;;;;;;;;;;;;;;;;;;;;;;;;;;;;;;;;;;;;;;;;;;;;;;;;;;;;;;;;;;;;;;;;;;;;;;;;;;;;;;;;;;;;;;;;;;;;;;;;;;;;;;;;;;;;;;;;;;;;;;;;;
0;0;7;6;0;Inst_task;0;undefined;undefined;undefined;undefined;white;xpyriment;legacy;legacy;0;uniform;undefined;NA;undefined;undefined;undefined;1;14;15;NA;0;0;NA;0;14;1;0;0;0;0;0;0;0;0;0;0;0;14;1;0;0;0;14;NA;0;NA;undefined;618;-514;06/08/2021 11:12;The main experiment item;yes;;2. Instrumental.osexp;C:\Users\cncadmin\Desktop\Sara G\new task;no;mono;no;18;no;black;no;yes;768;legacy;14;14;1;0;0;C:/Users/cncadmin/Desktop/Sara G/DatiEEG/10nm2.csv;xpyriment;Kafkaesque Koffka;3.2.8;NA;0;4;3;1;0;0;0;z;NA;1;1;1;78171;NA;112401;78171;20578;2;legacy;1024;2;48000;-16;experiment;10;even;24182;402942;392335;NA;137085;NA;NA;3069;392335;148034;137085;236868;237060;NA;24683;158696;3603;237060;137089;236868;137085;392335;148034;237060;137089;237060;402943;NA;3069;NA;pit experiment;0;0;0;yes;1024
INST;R2;511;;;;;;;;;;;;;;;;;;;;;;;;;;;;;;;;;;;;;;;;;;;;;;;;;;;;;;;;;;;;;;;;;;;;;;;;;;;;;;;;;;;;;;;;;;;;;;;;;;;;;;;;;;;;;;;;;;;;;;;;;;;;;;;;;;;;;;;;;;;;
INST;R2;422;;;;;;;;;;;;;;;;;;;;;;;;;;;;;;;;;;;;;;;;;;;;;;;;;;;;;;;;;;;;;;;;;;;;;;;;;;;;;;;;;;;;;;;;;;;;;;;;;;;;;;;;;;;;;;;;;;;;;;;;;;;;;;;;;;;;;;;;;;;;
INST;R2;399;;;;;;;;;;;;;;;;;;;;;;;;;;;;;;;;;;;;;;;;;;;;;;;;;;;;;;;;;;;;;;;;;;;;;;;;;;;;;;;;;;;;;;;;;;;;;;;;;;;;;;;;;;;;;;;;;;;;;;;;;;;;;;;;;;;;;;;;;;;;
INST;R2;547;;;;;;;;;;;;;;;;;;;;;;;;;;;;;;;;;;;;;;;;;;;;;;;;;;;;;;;;;;;;;;;;;;;;;;;;;;;;;;;;;;;;;;;;;;;;;;;;;;;;;;;;;;;;;;;;;;;;;;;;;;;;;;;;;;;;;;;;;;;;
0;0;7;6;0;Inst_task;0;undefined;undefined;undefined;undefined;white;xpyriment;legacy;legacy;0;uniform;undefined;NA;undefined;undefined;undefined;1;15;16;NA;0;0;NA;0;15;1;0;0;0;0;0;0;0;0;0;0;0;15;1;0;0;0;15;NA;0;NA;undefined;618;-514;06/08/2021 11:12;The main experiment item;yes;;2. Instrumental.osexp;C:\Users\cncadmin\Desktop\Sara G\new task;no;mono;no;18;no;black;no;yes;768;legacy;15;15;1;0;0;C:/Users/cncadmin/Desktop/Sara G/DatiEEG/10nm2.csv;xpyriment;Kafkaesque Koffka;3.2.8;NA;0;0;0;0;4;4;0;m;NA;1;1;1;78171;NA;112401;78171;20578;2;legacy;1024;2;48000;-16;experiment;10;even;24182;413507;403038;NA;137085;NA;NA;3069;403038;148034;137085;236868;237060;NA;24683;158696;3603;237060;137089;236868;137085;403038;148034;237060;137089;237060;413507;NA;3069;NA;pit experiment;0;0;0;yes;1024
INST;R2;489;;;;;;;;;;;;;;;;;;;;;;;;;;;;;;;;;;;;;;;;;;;;;;;;;;;;;;;;;;;;;;;;;;;;;;;;;;;;;;;;;;;;;;;;;;;;;;;;;;;;;;;;;;;;;;;;;;;;;;;;;;;;;;;;;;;;;;;;;;;;
INST;R2;593;;;;;;;;;;;;;;;;;;;;;;;;;;;;;;;;;;;;;;;;;;;;;;;;;;;;;;;;;;;;;;;;;;;;;;;;;;;;;;;;;;;;;;;;;;;;;;;;;;;;;;;;;;;;;;;;;;;;;;;;;;;;;;;;;;;;;;;;;;;;
INST;R2;372;;;;;;;;;;;;;;;;;;;;;;;;;;;;;;;;;;;;;;;;;;;;;;;;;;;;;;;;;;;;;;;;;;;;;;;;;;;;;;;;;;;;;;;;;;;;;;;;;;;;;;;;;;;;;;;;;;;;;;;;;;;;;;;;;;;;;;;;;;;;
INST;R2;405;;;;;;;;;;;;;;;;;;;;;;;;;;;;;;;;;;;;;;;;;;;;;;;;;;;;;;;;;;;;;;;;;;;;;;;;;;;;;;;;;;;;;;;;;;;;;;;;;;;;;;;;;;;;;;;;;;;;;;;;;;;;;;;;;;;;;;;;;;;;
0;0;7;7;0;Inst_task;0;undefined;undefined;undefined;undefined;white;xpyriment;legacy;legacy;0;uniform;undefined;NA;undefined;undefined;undefined;1;16;17;NA;0;0;NA;0;16;1;0;0;0;0;0;0;0;0;0;0;0;16;1;0;0;0;16;NA;0;NA;undefined;618;-514;06/08/2021 11:12;The main experiment item;yes;;2. Instrumental.osexp;C:\Users\cncadmin\Desktop\Sara G\new task;no;mono;no;18;no;black;no;yes;768;legacy;16;16;1;0;0;C:/Users/cncadmin/Desktop/Sara G/DatiEEG/10nm2.csv;xpyriment;Kafkaesque Koffka;3.2.8;NA;0;0;0;0;4;3;1;z;NA;1;1;1;78171;NA;112401;78171;20578;2;legacy;1024;2;48000;-16;experiment;10;even;24182;424165;413584;NA;137085;NA;NA;3069;413584;148034;137085;236868;237060;NA;24683;158696;3603;237060;137089;236868;137085;413584;148034;237060;137089;237060;424166;NA;3069;NA;pit experiment;0;0;0;yes;1024
INST;R1;522;;;;;;;;;;;;;;;;;;;;;;;;;;;;;;;;;;;;;;;;;;;;;;;;;;;;;;;;;;;;;;;;;;;;;;;;;;;;;;;;;;;;;;;;;;;;;;;;;;;;;;;;;;;;;;;;;;;;;;;;;;;;;;;;;;;;;;;;;;;;
INST;R1;389;;;;;;;;;;;;;;;;;;;;;;;;;;;;;;;;;;;;;;;;;;;;;;;;;;;;;;;;;;;;;;;;;;;;;;;;;;;;;;;;;;;;;;;;;;;;;;;;;;;;;;;;;;;;;;;;;;;;;;;;;;;;;;;;;;;;;;;;;;;;
INST;R1;474;;;;;;;;;;;;;;;;;;;;;;;;;;;;;;;;;;;;;;;;;;;;;;;;;;;;;;;;;;;;;;;;;;;;;;;;;;;;;;;;;;;;;;;;;;;;;;;;;;;;;;;;;;;;;;;;;;;;;;;;;;;;;;;;;;;;;;;;;;;;
INST;R1;417;;;;;;;;;;;;;;;;;;;;;;;;;;;;;;;;;;;;;;;;;;;;;;;;;;;;;;;;;;;;;;;;;;;;;;;;;;;;;;;;;;;;;;;;;;;;;;;;;;;;;;;;;;;;;;;;;;;;;;;;;;;;;;;;;;;;;;;;;;;;
0;0;8;7;0;Inst_task;0;undefined;undefined;undefined;undefined;white;xpyriment;legacy;legacy;0;uniform;undefined;NA;undefined;undefined;undefined;1;17;18;NA;0;0;NA;0;17;1;0;0;0;0;0;0;0;0;0;0;0;17;1;0;0;0;17;NA;0;NA;undefined;618;-514;06/08/2021 11:12;The main experiment item;yes;;2. Instrumental.osexp;C:\Users\cncadmin\Desktop\Sara G\new task;no;mono;no;18;no;black;no;yes;768;legacy;17;17;1;0;0;C:/Users/cncadmin/Desktop/Sara G/DatiEEG/10nm2.csv;xpyriment;Kafkaesque Koffka;3.2.8;NA;0;4;3;1;0;0;0;z;NA;1;1;1;78171;NA;112401;78171;20578;2;legacy;1024;2;48000;-16;experiment;10;even;24182;434711;424256;NA;137085;NA;NA;3069;424256;148034;137085;236868;237060;NA;24683;158696;3603;237060;137089;236868;137085;424255;148034;237060;137089;237060;434711;NA;3069;NA;pit experiment;0;0;0;yes;1024
INST;R2;455;;;;;;;;;;;;;;;;;;;;;;;;;;;;;;;;;;;;;;;;;;;;;;;;;;;;;;;;;;;;;;;;;;;;;;;;;;;;;;;;;;;;;;;;;;;;;;;;;;;;;;;;;;;;;;;;;;;;;;;;;;;;;;;;;;;;;;;;;;;;
INST;R2;768;;;;;;;;;;;;;;;;;;;;;;;;;;;;;;;;;;;;;;;;;;;;;;;;;;;;;;;;;;;;;;;;;;;;;;;;;;;;;;;;;;;;;;;;;;;;;;;;;;;;;;;;;;;;;;;;;;;;;;;;;;;;;;;;;;;;;;;;;;;;
INST;R2;672;;;;;;;;;;;;;;;;;;;;;;;;;;;;;;;;;;;;;;;;;;;;;;;;;;;;;;;;;;;;;;;;;;;;;;;;;;;;;;;;;;;;;;;;;;;;;;;;;;;;;;;;;;;;;;;;;;;;;;;;;;;;;;;;;;;;;;;;;;;;
INST;R2;872;;;;;;;;;;;;;;;;;;;;;;;;;;;;;;;;;;;;;;;;;;;;;;;;;;;;;;;;;;;;;;;;;;;;;;;;;;;;;;;;;;;;;;;;;;;;;;;;;;;;;;;;;;;;;;;;;;;;;;;;;;;;;;;;;;;;;;;;;;;;
0;0;8;7;0;Inst_task;0;undefined;undefined;undefined;undefined;white;xpyriment;legacy;legacy;0;uniform;undefined;NA;undefined;undefined;undefined;1;18;19;NA;0;0;NA;0;18;1;0;0;0;0;0;0;0;0;0;0;0;18;1;0;0;0;18;NA;0;NA;undefined;618;-514;06/08/2021 11:12;The main experiment item;yes;;2. Instrumental.osexp;C:\Users\cncadmin\Desktop\Sara G\new task;no;mono;no;18;no;black;no;yes;768;legacy;18;18;1;0;0;C:/Users/cncadmin/Desktop/Sara G/DatiEEG/10nm2.csv;xpyriment;Kafkaesque Koffka;3.2.8;NA;0;0;0;0;4;4;0;m;NA;1;1;1;78171;NA;112401;78171;20578;2;legacy;1024;2;48000;-16;experiment;10;even;24182;446150;434797;NA;137085;NA;NA;3069;434798;148034;137085;236868;237060;NA;24683;158696;3603;237060;137089;236868;137085;434797;148034;237060;137089;237060;446150;NA;3069;NA;pit experiment;0;0;0;yes;1024
INST;R2;480;;;;;;;;;;;;;;;;;;;;;;;;;;;;;;;;;;;;;;;;;;;;;;;;;;;;;;;;;;;;;;;;;;;;;;;;;;;;;;;;;;;;;;;;;;;;;;;;;;;;;;;;;;;;;;;;;;;;;;;;;;;;;;;;;;;;;;;;;;;;
INST;R2;403;;;;;;;;;;;;;;;;;;;;;;;;;;;;;;;;;;;;;;;;;;;;;;;;;;;;;;;;;;;;;;;;;;;;;;;;;;;;;;;;;;;;;;;;;;;;;;;;;;;;;;;;;;;;;;;;;;;;;;;;;;;;;;;;;;;;;;;;;;;;
INST;R2;386;;;;;;;;;;;;;;;;;;;;;;;;;;;;;;;;;;;;;;;;;;;;;;;;;;;;;;;;;;;;;;;;;;;;;;;;;;;;;;;;;;;;;;;;;;;;;;;;;;;;;;;;;;;;;;;;;;;;;;;;;;;;;;;;;;;;;;;;;;;;
INST;R2;415;;;;;;;;;;;;;;;;;;;;;;;;;;;;;;;;;;;;;;;;;;;;;;;;;;;;;;;;;;;;;;;;;;;;;;;;;;;;;;;;;;;;;;;;;;;;;;;;;;;;;;;;;;;;;;;;;;;;;;;;;;;;;;;;;;;;;;;;;;;;
INST;R2;428;;;;;;;;;;;;;;;;;;;;;;;;;;;;;;;;;;;;;;;;;;;;;;;;;;;;;;;;;;;;;;;;;;;;;;;;;;;;;;;;;;;;;;;;;;;;;;;;;;;;;;;;;;;;;;;;;;;;;;;;;;;;;;;;;;;;;;;;;;;;
0;0;8;8;0;Inst_task;0;undefined;undefined;undefined;undefined;white;xpyriment;legacy;legacy;0;uniform;undefined;NA;undefined;undefined;undefined;1;19;20;NA;0;0;NA;0;19;1;0;0;0;0;0;0;0;0;0;0;0;19;1;0;0;0;19;NA;0;NA;undefined;618;-514;06/08/2021 11:12;The main experiment item;yes;;2. Instrumental.osexp;C:\Users\cncadmin\Desktop\Sara G\new task;no;mono;no;18;no;black;no;yes;768;legacy;19;19;1;0;0;C:/Users/cncadmin/Desktop/Sara G/DatiEEG/10nm2.csv;xpyriment;Kafkaesque Koffka;3.2.8;NA;0;0;0;0;5;4;1;z;NA;1;1;1;78171;NA;112401;78171;20578;2;legacy;1024;2;48000;-16;experiment;10;even;24182;458081;446225;NA;137085;NA;NA;3069;446226;148034;137085;236868;237060;NA;24683;158696;3603;237060;137089;236868;137085;446225;148034;237060;137089;237060;458081;NA;3069;NA;pit experiment;0;0;0;yes;1024
INST;R2;991;;;;;;;;;;;;;;;;;;;;;;;;;;;;;;;;;;;;;;;;;;;;;;;;;;;;;;;;;;;;;;;;;;;;;;;;;;;;;;;;;;;;;;;;;;;;;;;;;;;;;;;;;;;;;;;;;;;;;;;;;;;;;;;;;;;;;;;;;;;;
INST;R2;397;;;;;;;;;;;;;;;;;;;;;;;;;;;;;;;;;;;;;;;;;;;;;;;;;;;;;;;;;;;;;;;;;;;;;;;;;;;;;;;;;;;;;;;;;;;;;;;;;;;;;;;;;;;;;;;;;;;;;;;;;;;;;;;;;;;;;;;;;;;;
INST;R2;651;;;;;;;;;;;;;;;;;;;;;;;;;;;;;;;;;;;;;;;;;;;;;;;;;;;;;;;;;;;;;;;;;;;;;;;;;;;;;;;;;;;;;;;;;;;;;;;;;;;;;;;;;;;;;;;;;;;;;;;;;;;;;;;;;;;;;;;;;;;;
INST;R2;641;;;;;;;;;;;;;;;;;;;;;;;;;;;;;;;;;;;;;;;;;;;;;;;;;;;;;;;;;;;;;;;;;;;;;;;;;;;;;;;;;;;;;;;;;;;;;;;;;;;;;;;;;;;;;;;;;;;;;;;;;;;;;;;;;;;;;;;;;;;;
0;0;8;9;0;Inst_task;0;undefined;undefined;undefined;undefined;white;xpyriment;legacy;legacy;0;uniform;undefined;NA;undefined;undefined;undefined;1;20;21;NA;0;0;NA;0;20;1;0;0;0;0;0;0;0;0;0;0;0;20;1;0;0;0;20;NA;0;NA;undefined;618;-514;06/08/2021 11:12;The main experiment item;yes;;2. Instrumental.osexp;C:\Users\cncadmin\Desktop\Sara G\new task;no;mono;no;18;no;black;no;yes;768;legacy;20;20;1;0;0;C:/Users/cncadmin/Desktop/Sara G/DatiEEG/10nm2.csv;xpyriment;Kafkaesque Koffka;3.2.8;NA;0;0;0;0;4;3;1;m;NA;1;1;1;78171;NA;112401;78171;20578;2;legacy;1024;2;48000;-16;experiment;10;even;24182;469425;458158;NA;137085;NA;NA;3069;458158;148034;137085;236868;237060;NA;24683;158696;3603;237060;137089;236868;137085;458158;148034;237060;137089;237060;469426;NA;3069;NA;pit experiment;0;0;0;yes;1024
INST;R1;414;;;;;;;;;;;;;;;;;;;;;;;;;;;;;;;;;;;;;;;;;;;;;;;;;;;;;;;;;;;;;;;;;;;;;;;;;;;;;;;;;;;;;;;;;;;;;;;;;;;;;;;;;;;;;;;;;;;;;;;;;;;;;;;;;;;;;;;;;;;;
INST;R1;464;;;;;;;;;;;;;;;;;;;;;;;;;;;;;;;;;;;;;;;;;;;;;;;;;;;;;;;;;;;;;;;;;;;;;;;;;;;;;;;;;;;;;;;;;;;;;;;;;;;;;;;;;;;;;;;;;;;;;;;;;;;;;;;;;;;;;;;;;;;;
INST;R1;392;;;;;;;;;;;;;;;;;;;;;;;;;;;;;;;;;;;;;;;;;;;;;;;;;;;;;;;;;;;;;;;;;;;;;;;;;;;;;;;;;;;;;;;;;;;;;;;;;;;;;;;;;;;;;;;;;;;;;;;;;;;;;;;;;;;;;;;;;;;;
INST;R1;392;;;;;;;;;;;;;;;;;;;;;;;;;;;;;;;;;;;;;;;;;;;;;;;;;;;;;;;;;;;;;;;;;;;;;;;;;;;;;;;;;;;;;;;;;;;;;;;;;;;;;;;;;;;;;;;;;;;;;;;;;;;;;;;;;;;;;;;;;;;;
INST;R1;421;;;;;;;;;;;;;;;;;;;;;;;;;;;;;;;;;;;;;;;;;;;;;;;;;;;;;;;;;;;;;;;;;;;;;;;;;;;;;;;;;;;;;;;;;;;;;;;;;;;;;;;;;;;;;;;;;;;;;;;;;;;;;;;;;;;;;;;;;;;;
0;0;10;9;0;Inst_task;0;undefined;undefined;undefined;undefined;white;xpyriment;legacy;legacy;0;uniform;undefined;NA;undefined;undefined;undefined;1;21;22;NA;0;0;NA;0;21;1;0;0;0;0;0;0;0;0;0;0;0;21;1;0;0;0;21;NA;0;NA;undefined;618;-514;06/08/2021 11:12;The main experiment item;yes;;2. Instrumental.osexp;C:\Users\cncadmin\Desktop\Sara G\new task;no;mono;no;18;no;black;no;yes;768;legacy;21;21;1;0;0;C:/Users/cncadmin/Desktop/Sara G/DatiEEG/10nm2.csv;xpyriment;Kafkaesque Koffka;3.2.8;NA;0;5;3;2;0;0;0;m;NA;1;1;1;78171;NA;112401;78171;20578;2;legacy;1024;2;48000;-16;experiment;10;even;24182;481408;469519;NA;137085;NA;NA;3069;469519;148034;137085;236868;237060;NA;24683;158696;3603;237060;137089;236868;137085;469519;148034;237060;137089;237060;481408;NA;3069;NA;pit experiment;0;0;0;yes;1024
INST;R2;527;;;;;;;;;;;;;;;;;;;;;;;;;;;;;;;;;;;;;;;;;;;;;;;;;;;;;;;;;;;;;;;;;;;;;;;;;;;;;;;;;;;;;;;;;;;;;;;;;;;;;;;;;;;;;;;;;;;;;;;;;;;;;;;;;;;;;;;;;;;;
INST;R2;450;;;;;;;;;;;;;;;;;;;;;;;;;;;;;;;;;;;;;;;;;;;;;;;;;;;;;;;;;;;;;;;;;;;;;;;;;;;;;;;;;;;;;;;;;;;;;;;;;;;;;;;;;;;;;;;;;;;;;;;;;;;;;;;;;;;;;;;;;;;;
INST;R2;383;;;;;;;;;;;;;;;;;;;;;;;;;;;;;;;;;;;;;;;;;;;;;;;;;;;;;;;;;;;;;;;;;;;;;;;;;;;;;;;;;;;;;;;;;;;;;;;;;;;;;;;;;;;;;;;;;;;;;;;;;;;;;;;;;;;;;;;;;;;;
INST;R2;404;;;;;;;;;;;;;;;;;;;;;;;;;;;;;;;;;;;;;;;;;;;;;;;;;;;;;;;;;;;;;;;;;;;;;;;;;;;;;;;;;;;;;;;;;;;;;;;;;;;;;;;;;;;;;;;;;;;;;;;;;;;;;;;;;;;;;;;;;;;;
0;0;10;10;0;Inst_task;0;undefined;undefined;undefined;undefined;white;xpyriment;legacy;legacy;0;uniform;undefined;NA;undefined;undefined;undefined;1;22;23;NA;0;0;NA;0;22;1;0;0;0;0;0;0;0;0;0;0;0;22;1;0;0;0;22;NA;0;NA;undefined;618;-514;06/08/2021 11:12;The main experiment item;yes;;2. Instrumental.osexp;C:\Users\cncadmin\Desktop\Sara G\new task;no;mono;no;18;no;black;no;yes;768;legacy;22;22;1;0;0;C:/Users/cncadmin/Desktop/Sara G/DatiEEG/10nm2.csv;xpyriment;Kafkaesque Koffka;3.2.8;NA;0;0;0;0;4;3;1;m;NA;1;1;1;78171;NA;112401;78171;20578;2;legacy;1024;2;48000;-16;experiment;10;even;24182;492126;481501;NA;137085;NA;NA;3069;481501;148034;137085;236868;237060;NA;24683;158696;3603;237060;137089;236868;137085;481501;148034;237060;137089;237060;492127;NA;3069;NA;pit experiment;0;0;0;yes;1024
INST;R2;425;;;;;;;;;;;;;;;;;;;;;;;;;;;;;;;;;;;;;;;;;;;;;;;;;;;;;;;;;;;;;;;;;;;;;;;;;;;;;;;;;;;;;;;;;;;;;;;;;;;;;;;;;;;;;;;;;;;;;;;;;;;;;;;;;;;;;;;;;;;;
INST;R2;456;;;;;;;;;;;;;;;;;;;;;;;;;;;;;;;;;;;;;;;;;;;;;;;;;;;;;;;;;;;;;;;;;;;;;;;;;;;;;;;;;;;;;;;;;;;;;;;;;;;;;;;;;;;;;;;;;;;;;;;;;;;;;;;;;;;;;;;;;;;;
INST;R2;692;;;;;;;;;;;;;;;;;;;;;;;;;;;;;;;;;;;;;;;;;;;;;;;;;;;;;;;;;;;;;;;;;;;;;;;;;;;;;;;;;;;;;;;;;;;;;;;;;;;;;;;;;;;;;;;;;;;;;;;;;;;;;;;;;;;;;;;;;;;;
INST;R2;755;;;;;;;;;;;;;;;;;;;;;;;;;;;;;;;;;;;;;;;;;;;;;;;;;;;;;;;;;;;;;;;;;;;;;;;;;;;;;;;;;;;;;;;;;;;;;;;;;;;;;;;;;;;;;;;;;;;;;;;;;;;;;;;;;;;;;;;;;;;;
0;0;10;11;0;Inst_task;0;undefined;undefined;undefined;undefined;white;xpyriment;legacy;legacy;0;uniform;undefined;NA;undefined;undefined;undefined;1;23;24;NA;0;0;NA;0;23;1;0;0;0;0;0;0;0;0;0;0;0;23;1;0;0;0;23;NA;0;NA;undefined;618;-514;06/08/2021 11:12;The main experiment item;yes;;2. Instrumental.osexp;C:\Users\cncadmin\Desktop\Sara G\new task;no;mono;no;18;no;black;no;yes;768;legacy;23;23;1;0;0;C:/Users/cncadmin/Desktop/Sara G/DatiEEG/10nm2.csv;xpyriment;Kafkaesque Koffka;3.2.8;NA;0;0;0;0;4;3;1;m;NA;1;1;1;78171;NA;112401;78171;20578;2;legacy;1024;2;48000;-16;experiment;10;even;24182;503202;492193;NA;137085;NA;NA;3069;492193;148034;137085;236868;237060;NA;24683;158696;3603;237060;137089;236868;137085;492193;148034;237060;137089;237060;503202;NA;3069;NA;pit experiment;0;0;0;yes;1024
INST;R1;545;;;;;;;;;;;;;;;;;;;;;;;;;;;;;;;;;;;;;;;;;;;;;;;;;;;;;;;;;;;;;;;;;;;;;;;;;;;;;;;;;;;;;;;;;;;;;;;;;;;;;;;;;;;;;;;;;;;;;;;;;;;;;;;;;;;;;;;;;;;;
INST;R1;364;;;;;;;;;;;;;;;;;;;;;;;;;;;;;;;;;;;;;;;;;;;;;;;;;;;;;;;;;;;;;;;;;;;;;;;;;;;;;;;;;;;;;;;;;;;;;;;;;;;;;;;;;;;;;;;;;;;;;;;;;;;;;;;;;;;;;;;;;;;;
INST;R1;440;;;;;;;;;;;;;;;;;;;;;;;;;;;;;;;;;;;;;;;;;;;;;;;;;;;;;;;;;;;;;;;;;;;;;;;;;;;;;;;;;;;;;;;;;;;;;;;;;;;;;;;;;;;;;;;;;;;;;;;;;;;;;;;;;;;;;;;;;;;;
INST;R1;422;;;;;;;;;;;;;;;;;;;;;;;;;;;;;;;;;;;;;;;;;;;;;;;;;;;;;;;;;;;;;;;;;;;;;;;;;;;;;;;;;;;;;;;;;;;;;;;;;;;;;;;;;;;;;;;;;;;;;;;;;;;;;;;;;;;;;;;;;;;;
0;0;11;11;0;Inst_task;0;undefined;undefined;undefined;undefined;white;xpyriment;legacy;legacy;0;uniform;undefined;NA;undefined;undefined;undefined;1;24;25;NA;0;0;NA;0;24;1;0;0;0;0;0;0;0;0;0;0;0;24;1;0;0;0;24;NA;0;NA;undefined;618;-514;06/08/2021 11:12;The main experiment item;yes;;2. Instrumental.osexp;C:\Users\cncadmin\Desktop\Sara G\new task;no;mono;no;18;no;black;no;yes;768;legacy;24;24;1;0;0;C:/Users/cncadmin/Desktop/Sara G/DatiEEG/10nm2.csv;xpyriment;Kafkaesque Koffka;3.2.8;NA;0;4;3;1;0;0;0;m;NA;1;1;1;78171;NA;112401;78171;20578;2;legacy;1024;2;48000;-16;experiment;10;even;24182;514002;503286;NA;137085;NA;NA;3069;503286;148034;137085;236868;237060;NA;24683;158696;3603;237060;137089;236868;137085;503286;148034;237060;137089;237060;514002;NA;3069;NA;pit experiment;0;0;0;yes;1024
INST;R2;542;;;;;;;;;;;;;;;;;;;;;;;;;;;;;;;;;;;;;;;;;;;;;;;;;;;;;;;;;;;;;;;;;;;;;;;;;;;;;;;;;;;;;;;;;;;;;;;;;;;;;;;;;;;;;;;;;;;;;;;;;;;;;;;;;;;;;;;;;;;;
INST;R2;640;;;;;;;;;;;;;;;;;;;;;;;;;;;;;;;;;;;;;;;;;;;;;;;;;;;;;;;;;;;;;;;;;;;;;;;;;;;;;;;;;;;;;;;;;;;;;;;;;;;;;;;;;;;;;;;;;;;;;;;;;;;;;;;;;;;;;;;;;;;;
INST;R2;672;;;;;;;;;;;;;;;;;;;;;;;;;;;;;;;;;;;;;;;;;;;;;;;;;;;;;;;;;;;;;;;;;;;;;;;;;;;;;;;;;;;;;;;;;;;;;;;;;;;;;;;;;;;;;;;;;;;;;;;;;;;;;;;;;;;;;;;;;;;;
INST;R2;697;;;;;;;;;;;;;;;;;;;;;;;;;;;;;;;;;;;;;;;;;;;;;;;;;;;;;;;;;;;;;;;;;;;;;;;;;;;;;;;;;;;;;;;;;;;;;;;;;;;;;;;;;;;;;;;;;;;;;;;;;;;;;;;;;;;;;;;;;;;;
0;0;11;13;0;Inst_task;0;undefined;undefined;undefined;undefined;white;xpyriment;legacy;legacy;0;uniform;undefined;NA;undefined;undefined;undefined;1;25;26;NA;0;0;NA;0;25;1;0;0;0;0;0;0;0;0;0;0;0;25;1;0;0;0;25;NA;0;NA;undefined;618;-514;06/08/2021 11:12;The main experiment item;yes;;2. Instrumental.osexp;C:\Users\cncadmin\Desktop\Sara G\new task;no;mono;no;18;no;black;no;yes;768;legacy;25;25;1;0;0;C:/Users/cncadmin/Desktop/Sara G/DatiEEG/10nm2.csv;xpyriment;Kafkaesque Koffka;3.2.8;NA;0;0;0;0;4;2;2;z;NA;1;1;1;78171;NA;112401;78171;20578;2;legacy;1024;2;48000;-16;experiment;10;even;24182;525361;514098;NA;137085;NA;NA;3069;514098;148034;137085;236868;237060;NA;24683;158696;3603;237060;137089;236868;137085;514098;148034;237060;137089;237060;525361;NA;3069;NA;pit experiment;0;0;0;yes;1024
INST;R1;541;;;;;;;;;;;;;;;;;;;;;;;;;;;;;;;;;;;;;;;;;;;;;;;;;;;;;;;;;;;;;;;;;;;;;;;;;;;;;;;;;;;;;;;;;;;;;;;;;;;;;;;;;;;;;;;;;;;;;;;;;;;;;;;;;;;;;;;;;;;;
INST;R1;560;;;;;;;;;;;;;;;;;;;;;;;;;;;;;;;;;;;;;;;;;;;;;;;;;;;;;;;;;;;;;;;;;;;;;;;;;;;;;;;;;;;;;;;;;;;;;;;;;;;;;;;;;;;;;;;;;;;;;;;;;;;;;;;;;;;;;;;;;;;;
INST;R1;695;;;;;;;;;;;;;;;;;;;;;;;;;;;;;;;;;;;;;;;;;;;;;;;;;;;;;;;;;;;;;;;;;;;;;;;;;;;;;;;;;;;;;;;;;;;;;;;;;;;;;;;;;;;;;;;;;;;;;;;;;;;;;;;;;;;;;;;;;;;;
INST;R1;824;;;;;;;;;;;;;;;;;;;;;;;;;;;;;;;;;;;;;;;;;;;;;;;;;;;;;;;;;;;;;;;;;;;;;;;;;;;;;;;;;;;;;;;;;;;;;;;;;;;;;;;;;;;;;;;;;;;;;;;;;;;;;;;;;;;;;;;;;;;;
0;0;12;13;0;Inst_task;0;undefined;undefined;undefined;undefined;white;xpyriment;legacy;legacy;0;uniform;undefined;NA;undefined;undefined;undefined;1;26;27;NA;0;0;NA;0;26;1;0;0;0;0;0;0;0;0;0;0;0;26;1;0;0;0;26;NA;0;NA;undefined;618;-514;06/08/2021 11:12;The main experiment item;yes;;2. Instrumental.osexp;C:\Users\cncadmin\Desktop\Sara G\new task;no;mono;no;18;no;black;no;yes;768;legacy;26;26;1;0;0;C:/Users/cncadmin/Desktop/Sara G/DatiEEG/10nm2.csv;xpyriment;Kafkaesque Koffka;3.2.8;NA;0;4;3;1;0;0;0;m;NA;1;1;1;78171;NA;112401;78171;20578;2;legacy;1024;2;48000;-16;experiment;10;even;24182;536931;525447;NA;137085;NA;NA;3069;525447;148034;137085;236868;237060;NA;24683;158696;3603;237060;137089;236868;137085;525447;148034;237060;137089;237060;536931;NA;3069;NA;pit experiment;0;0;0;yes;1024
INST;R2;469;;;;;;;;;;;;;;;;;;;;;;;;;;;;;;;;;;;;;;;;;;;;;;;;;;;;;;;;;;;;;;;;;;;;;;;;;;;;;;;;;;;;;;;;;;;;;;;;;;;;;;;;;;;;;;;;;;;;;;;;;;;;;;;;;;;;;;;;;;;;
INST;R2;744;;;;;;;;;;;;;;;;;;;;;;;;;;;;;;;;;;;;;;;;;;;;;;;;;;;;;;;;;;;;;;;;;;;;;;;;;;;;;;;;;;;;;;;;;;;;;;;;;;;;;;;;;;;;;;;;;;;;;;;;;;;;;;;;;;;;;;;;;;;;
INST;R2;704;;;;;;;;;;;;;;;;;;;;;;;;;;;;;;;;;;;;;;;;;;;;;;;;;;;;;;;;;;;;;;;;;;;;;;;;;;;;;;;;;;;;;;;;;;;;;;;;;;;;;;;;;;;;;;;;;;;;;;;;;;;;;;;;;;;;;;;;;;;;
INST;R2;752;;;;;;;;;;;;;;;;;;;;;;;;;;;;;;;;;;;;;;;;;;;;;;;;;;;;;;;;;;;;;;;;;;;;;;;;;;;;;;;;;;;;;;;;;;;;;;;;;;;;;;;;;;;;;;;;;;;;;;;;;;;;;;;;;;;;;;;;;;;;
0;0;12;13;0;Inst_task;0;undefined;undefined;undefined;undefined;white;xpyriment;legacy;legacy;0;uniform;undefined;NA;undefined;undefined;undefined;1;27;28;NA;0;0;NA;0;27;1;0;0;0;0;0;0;0;0;0;0;0;27;1;0;0;0;27;NA;0;NA;undefined;618;-514;06/08/2021 11:12;The main experiment item;yes;;2. Instrumental.osexp;C:\Users\cncadmin\Desktop\Sara G\new task;no;mono;no;18;no;black;no;yes;768;legacy;27;27;1;0;0;C:/Users/cncadmin/Desktop/Sara G/DatiEEG/10nm2.csv;xpyriment;Kafkaesque Koffka;3.2.8;NA;0;0;0;0;4;4;0;z;NA;1;1;1;78171;NA;112401;78171;20578;2;legacy;1024;2;48000;-16;experiment;10;even;24182;548170;537027;NA;137085;NA;NA;3069;537027;148034;137085;236868;237060;NA;24683;158696;3603;237060;137089;236868;137085;537027;148034;237060;137089;237060;548170;NA;3069;NA;pit experiment;0;0;0;yes;1024
INST;R1;568;;;;;;;;;;;;;;;;;;;;;;;;;;;;;;;;;;;;;;;;;;;;;;;;;;;;;;;;;;;;;;;;;;;;;;;;;;;;;;;;;;;;;;;;;;;;;;;;;;;;;;;;;;;;;;;;;;;;;;;;;;;;;;;;;;;;;;;;;;;;
INST;R1;688;;;;;;;;;;;;;;;;;;;;;;;;;;;;;;;;;;;;;;;;;;;;;;;;;;;;;;;;;;;;;;;;;;;;;;;;;;;;;;;;;;;;;;;;;;;;;;;;;;;;;;;;;;;;;;;;;;;;;;;;;;;;;;;;;;;;;;;;;;;;
INST;R1;752;;;;;;;;;;;;;;;;;;;;;;;;;;;;;;;;;;;;;;;;;;;;;;;;;;;;;;;;;;;;;;;;;;;;;;;;;;;;;;;;;;;;;;;;;;;;;;;;;;;;;;;;;;;;;;;;;;;;;;;;;;;;;;;;;;;;;;;;;;;;
INST;R1;856;;;;;;;;;;;;;;;;;;;;;;;;;;;;;;;;;;;;;;;;;;;;;;;;;;;;;;;;;;;;;;;;;;;;;;;;;;;;;;;;;;;;;;;;;;;;;;;;;;;;;;;;;;;;;;;;;;;;;;;;;;;;;;;;;;;;;;;;;;;;
0;0;13;13;0;Inst_task;0;undefined;undefined;undefined;undefined;white;xpyriment;legacy;legacy;0;uniform;undefined;NA;undefined;undefined;undefined;1;28;29;NA;0;0;NA;0;28;1;0;0;0;0;0;0;0;0;0;0;0;28;1;0;0;0;28;NA;0;NA;undefined;618;-514;06/08/2021 11:12;The main experiment item;yes;;2. Instrumental.osexp;C:\Users\cncadmin\Desktop\Sara G\new task;no;mono;no;18;no;black;no;yes;768;legacy;28;28;1;0;0;C:/Users/cncadmin/Desktop/Sara G/DatiEEG/10nm2.csv;xpyriment;Kafkaesque Koffka;3.2.8;NA;0;4;3;1;0;0;0;m;NA;1;1;1;78171;NA;112401;78171;20578;2;legacy;1024;2;48000;-16;experiment;10;even;24182;559630;548249;NA;137085;NA;NA;3069;548249;148034;137085;236868;237060;NA;24683;158696;3603;237060;137089;236868;137085;548249;148034;237060;137089;237060;559630;NA;3069;NA;pit experiment;0;0;0;yes;1024
INST;R2;506;;;;;;;;;;;;;;;;;;;;;;;;;;;;;;;;;;;;;;;;;;;;;;;;;;;;;;;;;;;;;;;;;;;;;;;;;;;;;;;;;;;;;;;;;;;;;;;;;;;;;;;;;;;;;;;;;;;;;;;;;;;;;;;;;;;;;;;;;;;;
INST;R2;365;;;;;;;;;;;;;;;;;;;;;;;;;;;;;;;;;;;;;;;;;;;;;;;;;;;;;;;;;;;;;;;;;;;;;;;;;;;;;;;;;;;;;;;;;;;;;;;;;;;;;;;;;;;;;;;;;;;;;;;;;;;;;;;;;;;;;;;;;;;;
INST;R2;372;;;;;;;;;;;;;;;;;;;;;;;;;;;;;;;;;;;;;;;;;;;;;;;;;;;;;;;;;;;;;;;;;;;;;;;;;;;;;;;;;;;;;;;;;;;;;;;;;;;;;;;;;;;;;;;;;;;;;;;;;;;;;;;;;;;;;;;;;;;;
INST;R2;363;;;;;;;;;;;;;;;;;;;;;;;;;;;;;;;;;;;;;;;;;;;;;;;;;;;;;;;;;;;;;;;;;;;;;;;;;;;;;;;;;;;;;;;;;;;;;;;;;;;;;;;;;;;;;;;;;;;;;;;;;;;;;;;;;;;;;;;;;;;;
INST;R2;404;;;;;;;;;;;;;;;;;;;;;;;;;;;;;;;;;;;;;;;;;;;;;;;;;;;;;;;;;;;;;;;;;;;;;;;;;;;;;;;;;;;;;;;;;;;;;;;;;;;;;;;;;;;;;;;;;;;;;;;;;;;;;;;;;;;;;;;;;;;;
0;0;13;14;0;Inst_task;0;undefined;undefined;undefined;undefined;white;xpyriment;legacy;legacy;0;uniform;undefined;NA;undefined;undefined;undefined;1;29;30;NA;0;0;NA;0;29;1;0;0;0;0;0;0;0;0;0;0;0;29;1;0;0;0;29;NA;0;NA;undefined;618;-514;06/08/2021 11:12;The main experiment item;yes;;2. Instrumental.osexp;C:\Users\cncadmin\Desktop\Sara G\new task;no;mono;no;18;no;black;no;yes;768;legacy;29;29;1;0;0;C:/Users/cncadmin/Desktop/Sara G/DatiEEG/10nm2.csv;xpyriment;Kafkaesque Koffka;3.2.8;NA;0;0;0;0;5;4;1;z;NA;1;1;1;78171;NA;112401;78171;20578;2;legacy;1024;2;48000;-16;experiment;10;even;24182;571580;559689;NA;137085;NA;NA;3069;559689;148034;137085;236868;237060;NA;24683;158696;3603;237060;137089;236868;137085;559689;148034;237060;137089;237060;571580;NA;3069;NA;pit experiment;0;0;0;yes;1024
INST;R1;547;;;;;;;;;;;;;;;;;;;;;;;;;;;;;;;;;;;;;;;;;;;;;;;;;;;;;;;;;;;;;;;;;;;;;;;;;;;;;;;;;;;;;;;;;;;;;;;;;;;;;;;;;;;;;;;;;;;;;;;;;;;;;;;;;;;;;;;;;;;;
INST;R1;595;;;;;;;;;;;;;;;;;;;;;;;;;;;;;;;;;;;;;;;;;;;;;;;;;;;;;;;;;;;;;;;;;;;;;;;;;;;;;;;;;;;;;;;;;;;;;;;;;;;;;;;;;;;;;;;;;;;;;;;;;;;;;;;;;;;;;;;;;;;;
INST;R1;411;;;;;;;;;;;;;;;;;;;;;;;;;;;;;;;;;;;;;;;;;;;;;;;;;;;;;;;;;;;;;;;;;;;;;;;;;;;;;;;;;;;;;;;;;;;;;;;;;;;;;;;;;;;;;;;;;;;;;;;;;;;;;;;;;;;;;;;;;;;;
INST;R1;374;;;;;;;;;;;;;;;;;;;;;;;;;;;;;;;;;;;;;;;;;;;;;;;;;;;;;;;;;;;;;;;;;;;;;;;;;;;;;;;;;;;;;;;;;;;;;;;;;;;;;;;;;;;;;;;;;;;;;;;;;;;;;;;;;;;;;;;;;;;;
0;0;15;14;0;Inst_task;0;undefined;undefined;undefined;undefined;white;xpyriment;legacy;legacy;0;uniform;undefined;NA;undefined;undefined;undefined;1;30;31;NA;0;0;NA;0;30;1;0;0;0;0;0;0;0;0;0;0;0;30;1;0;0;0;30;NA;0;NA;undefined;618;-514;06/08/2021 11:12;The main experiment item;yes;;2. Instrumental.osexp;C:\Users\cncadmin\Desktop\Sara G\new task;no;mono;no;18;no;black;no;yes;768;legacy;30;30;1;0;0;C:/Users/cncadmin/Desktop/Sara G/DatiEEG/10nm2.csv;xpyriment;Kafkaesque Koffka;3.2.8;NA;0;4;2;2;0;0;0;m;NA;1;1;1;78171;NA;112401;78171;20578;2;legacy;1024;2;48000;-16;experiment;10;even;24182;582188;571651;NA;137085;NA;NA;3069;571651;148034;137085;236868;237060;NA;24683;158696;3603;237060;137089;236868;137085;571651;148034;237060;137089;237060;582188;NA;3069;NA;pit experiment;0;0;0;yes;1024
INST;R2;542;;;;;;;;;;;;;;;;;;;;;;;;;;;;;;;;;;;;;;;;;;;;;;;;;;;;;;;;;;;;;;;;;;;;;;;;;;;;;;;;;;;;;;;;;;;;;;;;;;;;;;;;;;;;;;;;;;;;;;;;;;;;;;;;;;;;;;;;;;;;
INST;R2;378;;;;;;;;;;;;;;;;;;;;;;;;;;;;;;;;;;;;;;;;;;;;;;;;;;;;;;;;;;;;;;;;;;;;;;;;;;;;;;;;;;;;;;;;;;;;;;;;;;;;;;;;;;;;;;;;;;;;;;;;;;;;;;;;;;;;;;;;;;;;
INST;R2;526;;;;;;;;;;;;;;;;;;;;;;;;;;;;;;;;;;;;;;;;;;;;;;;;;;;;;;;;;;;;;;;;;;;;;;;;;;;;;;;;;;;;;;;;;;;;;;;;;;;;;;;;;;;;;;;;;;;;;;;;;;;;;;;;;;;;;;;;;;;;
INST;R2;383;;;;;;;;;;;;;;;;;;;;;;;;;;;;;;;;;;;;;;;;;;;;;;;;;;;;;;;;;;;;;;;;;;;;;;;;;;;;;;;;;;;;;;;;;;;;;;;;;;;;;;;;;;;;;;;;;;;;;;;;;;;;;;;;;;;;;;;;;;;;
0;0;15;15;0;Inst_task;0;undefined;undefined;undefined;undefined;white;xpyriment;legacy;legacy;0;uniform;undefined;NA;undefined;undefined;undefined;1;31;32;NA;0;0;NA;0;31;1;0;0;0;0;0;0;0;0;0;0;0;31;1;0;0;0;31;NA;0;NA;undefined;618;-514;06/08/2021 11:12;The main experiment item;yes;;2. Instrumental.osexp;C:\Users\cncadmin\Desktop\Sara G\new task;no;mono;no;18;no;black;no;yes;768;legacy;31;31;1;0;0;C:/Users/cncadmin/Desktop/Sara G/DatiEEG/10nm2.csv;xpyriment;Kafkaesque Koffka;3.2.8;NA;0;0;0;0;4;3;1;m;NA;1;1;1;78171;NA;112401;78171;20578;2;legacy;1024;2;48000;-16;experiment;10;even;24182;592663;582288;NA;137085;NA;NA;3069;582288;148034;137085;236868;237060;NA;24683;158696;3603;237060;137089;236868;137085;582288;148034;237060;137089;237060;592663;NA;3069;NA;pit experiment;0;0;0;yes;1024
1;0;15;15;0;Inst_question;0;undefined;undefined;undefined;undefined;white;xpyriment;legacy;legacy;0;uniform;undefined;a;undefined;undefined;undefined;2;31;32;0;0;0;0;0;31;1;0;0;0;0;0;0;0;0;0;0;0;31;1;0;0;0;32;0;0;0;undefined;618;-514;06/08/2021 11:12;The main experiment item;yes;;2. Instrumental.osexp;C:\Users\cncadmin\Desktop\Sara G\new task;no;mono;no;18;no;black;no;yes;768;legacy;0;32;1;0;0;C:/Users/cncadmin/Desktop/Sara G/DatiEEG/10nm2.csv;xpyriment;Kafkaesque Koffka;3.2.8;right;0;0;0;0;4;3;1;a;NA;1;1;1;78171;NA;112401;78171;20578;2;legacy;1024;2;48000;-16;experiment;10;even;598896;592663;582288;593266;137085;NA;593269;3069;582288;148034;137085;236868;237060;592749;24683;158696;3603;237060;137089;236868;137085;582288;148034;237060;137089;237060;599396;593266;3069;593268;pit experiment;0;0;0;yes;1024
2;0;15;15;0;Inst_question;0;undefined;undefined;undefined;undefined;white;xpyriment;legacy;legacy;0;uniform;undefined;l;undefined;undefined;undefined;3;31;32;1;0;0;1;0;31;1;0;0;0;0;0;0;0;0;0;0;0;31;1;0;0;0;33;1;0;1;undefined;618;-514;06/08/2021 11:12;The main experiment item;yes;;2. Instrumental.osexp;C:\Users\cncadmin\Desktop\Sara G\new task;no;mono;no;18;no;black;no;yes;768;legacy;1;32;1;0;0;C:/Users/cncadmin/Desktop/Sara G/DatiEEG/10nm2.csv;xpyriment;Kafkaesque Koffka;3.2.8;left;0;0;0;0;4;3;1;l;NA;1;1;1;78171;NA;112401;78171;20578;2;legacy;1024;2;48000;-16;experiment;10;even;602752;592663;582288;599972;137085;NA;599974;3069;582288;148034;137085;236868;237060;592749;24683;158696;3603;237060;137089;236868;137085;582288;148034;237060;137089;237060;603252;599972;3069;599974;pit experiment;0;0;0;yes;1024
INST;R2;560;;;;;;;;;;;;;;;;;;;;;;;;;;;;;;;;;;;;;;;;;;;;;;;;;;;;;;;;;;;;;;;;;;;;;;;;;;;;;;;;;;;;;;;;;;;;;;;;;;;;;;;;;;;;;;;;;;;;;;;;;;;;;;;;;;;;;;;;;;;;
INST;R2;387;;;;;;;;;;;;;;;;;;;;;;;;;;;;;;;;;;;;;;;;;;;;;;;;;;;;;;;;;;;;;;;;;;;;;;;;;;;;;;;;;;;;;;;;;;;;;;;;;;;;;;;;;;;;;;;;;;;;;;;;;;;;;;;;;;;;;;;;;;;;
INST;R2;410;;;;;;;;;;;;;;;;;;;;;;;;;;;;;;;;;;;;;;;;;;;;;;;;;;;;;;;;;;;;;;;;;;;;;;;;;;;;;;;;;;;;;;;;;;;;;;;;;;;;;;;;;;;;;;;;;;;;;;;;;;;;;;;;;;;;;;;;;;;;
INST;R2;378;;;;;;;;;;;;;;;;;;;;;;;;;;;;;;;;;;;;;;;;;;;;;;;;;;;;;;;;;;;;;;;;;;;;;;;;;;;;;;;;;;;;;;;;;;;;;;;;;;;;;;;;;;;;;;;;;;;;;;;;;;;;;;;;;;;;;;;;;;;;
2;0;0;2;0;Inst_task;0;undefined;undefined;undefined;undefined;white;xpyriment;legacy;legacy;0;uniform;undefined;l;undefined;undefined;undefined;3;32;33;1;0;1;1;0;32;1;0;0;1;1;0;0;0;1;0;0;0;32;1;1;0;1;34;1;0;1;undefined;618;-514;06/08/2021 11:12;The main experiment item;yes;;2. Instrumental.osexp;C:\Users\cncadmin\Desktop\Sara G\new task;no;mono;no;18;no;black;no;yes;768;legacy;0;0;1;1;0;C:/Users/cncadmin/Desktop/Sara G/DatiEEG/10nm2.csv;xpyriment;Kafkaesque Koffka;3.2.8;left;0;0;0;0;4;2;2;m;NA;1;1;1;78171;NA;112401;78171;20578;2;legacy;1024;2;48000;-16;experiment;10;even;602752;614040;603577;599972;137085;NA;599974;3069;603577;148034;137085;236868;603552;592749;24683;158696;3603;603552;137089;236868;137085;603577;148034;603552;137089;603552;614040;599972;3069;599974;pit experiment;0;0;0;yes;1024
INST;R1;703;;;;;;;;;;;;;;;;;;;;;;;;;;;;;;;;;;;;;;;;;;;;;;;;;;;;;;;;;;;;;;;;;;;;;;;;;;;;;;;;;;;;;;;;;;;;;;;;;;;;;;;;;;;;;;;;;;;;;;;;;;;;;;;;;;;;;;;;;;;;
INST;R1;568;;;;;;;;;;;;;;;;;;;;;;;;;;;;;;;;;;;;;;;;;;;;;;;;;;;;;;;;;;;;;;;;;;;;;;;;;;;;;;;;;;;;;;;;;;;;;;;;;;;;;;;;;;;;;;;;;;;;;;;;;;;;;;;;;;;;;;;;;;;;
INST;R1;424;;;;;;;;;;;;;;;;;;;;;;;;;;;;;;;;;;;;;;;;;;;;;;;;;;;;;;;;;;;;;;;;;;;;;;;;;;;;;;;;;;;;;;;;;;;;;;;;;;;;;;;;;;;;;;;;;;;;;;;;;;;;;;;;;;;;;;;;;;;;
INST;R1;343;;;;;;;;;;;;;;;;;;;;;;;;;;;;;;;;;;;;;;;;;;;;;;;;;;;;;;;;;;;;;;;;;;;;;;;;;;;;;;;;;;;;;;;;;;;;;;;;;;;;;;;;;;;;;;;;;;;;;;;;;;;;;;;;;;;;;;;;;;;;
2;0;1;2;0;Inst_task;0;undefined;undefined;undefined;undefined;white;xpyriment;legacy;legacy;0;uniform;undefined;l;undefined;undefined;undefined;3;33;34;1;0;1;1;0;33;1;0;0;1;1;0;0;0;1;0;0;0;33;1;1;0;1;35;1;0;1;undefined;618;-514;06/08/2021 11:12;The main experiment item;yes;;2. Instrumental.osexp;C:\Users\cncadmin\Desktop\Sara G\new task;no;mono;no;18;no;black;no;yes;768;legacy;1;1;1;1;0;C:/Users/cncadmin/Desktop/Sara G/DatiEEG/10nm2.csv;xpyriment;Kafkaesque Koffka;3.2.8;left;0;4;3;1;0;0;0;m;NA;1;1;1;78171;NA;112401;78171;20578;2;legacy;1024;2;48000;-16;experiment;10;even;602752;624704;614134;599972;137085;NA;599974;3069;614134;148034;137085;236868;603552;592749;24683;158696;3603;603552;137089;236868;137085;614134;148034;603552;137089;603552;624705;599972;3069;599974;pit experiment;0;0;0;yes;1024
INST;R2;506;;;;;;;;;;;;;;;;;;;;;;;;;;;;;;;;;;;;;;;;;;;;;;;;;;;;;;;;;;;;;;;;;;;;;;;;;;;;;;;;;;;;;;;;;;;;;;;;;;;;;;;;;;;;;;;;;;;;;;;;;;;;;;;;;;;;;;;;;;;;
INST;R2;372;;;;;;;;;;;;;;;;;;;;;;;;;;;;;;;;;;;;;;;;;;;;;;;;;;;;;;;;;;;;;;;;;;;;;;;;;;;;;;;;;;;;;;;;;;;;;;;;;;;;;;;;;;;;;;;;;;;;;;;;;;;;;;;;;;;;;;;;;;;;
INST;R2;395;;;;;;;;;;;;;;;;;;;;;;;;;;;;;;;;;;;;;;;;;;;;;;;;;;;;;;;;;;;;;;;;;;;;;;;;;;;;;;;;;;;;;;;;;;;;;;;;;;;;;;;;;;;;;;;;;;;;;;;;;;;;;;;;;;;;;;;;;;;;
INST;R2;545;;;;;;;;;;;;;;;;;;;;;;;;;;;;;;;;;;;;;;;;;;;;;;;;;;;;;;;;;;;;;;;;;;;;;;;;;;;;;;;;;;;;;;;;;;;;;;;;;;;;;;;;;;;;;;;;;;;;;;;;;;;;;;;;;;;;;;;;;;;;
2;0;1;2;0;Inst_task;0;undefined;undefined;undefined;undefined;white;xpyriment;legacy;legacy;0;uniform;undefined;l;undefined;undefined;undefined;3;34;35;1;0;1;1;0;34;1;0;0;1;1;0;0;0;1;0;0;0;34;1;1;0;1;36;1;0;1;undefined;618;-514;06/08/2021 11:12;The main experiment item;yes;;2. Instrumental.osexp;C:\Users\cncadmin\Desktop\Sara G\new task;no;mono;no;18;no;black;no;yes;768;legacy;2;2;1;1;0;C:/Users/cncadmin/Desktop/Sara G/DatiEEG/10nm2.csv;xpyriment;Kafkaesque Koffka;3.2.8;left;0;0;0;0;4;4;0;z;NA;1;1;1;78171;NA;112401;78171;20578;2;legacy;1024;2;48000;-16;experiment;10;even;602752;635417;624783;599972;137085;NA;599974;3069;624783;148034;137085;236868;603552;592749;24683;158696;3603;603552;137089;236868;137085;624783;148034;603552;137089;603552;635417;599972;3069;599974;pit experiment;0;0;0;yes;1024
INST;R2;461;;;;;;;;;;;;;;;;;;;;;;;;;;;;;;;;;;;;;;;;;;;;;;;;;;;;;;;;;;;;;;;;;;;;;;;;;;;;;;;;;;;;;;;;;;;;;;;;;;;;;;;;;;;;;;;;;;;;;;;;;;;;;;;;;;;;;;;;;;;;
INST;R2;372;;;;;;;;;;;;;;;;;;;;;;;;;;;;;;;;;;;;;;;;;;;;;;;;;;;;;;;;;;;;;;;;;;;;;;;;;;;;;;;;;;;;;;;;;;;;;;;;;;;;;;;;;;;;;;;;;;;;;;;;;;;;;;;;;;;;;;;;;;;;
INST;R2;389;;;;;;;;;;;;;;;;;;;;;;;;;;;;;;;;;;;;;;;;;;;;;;;;;;;;;;;;;;;;;;;;;;;;;;;;;;;;;;;;;;;;;;;;;;;;;;;;;;;;;;;;;;;;;;;;;;;;;;;;;;;;;;;;;;;;;;;;;;;;
INST;R2;430;;;;;;;;;;;;;;;;;;;;;;;;;;;;;;;;;;;;;;;;;;;;;;;;;;;;;;;;;;;;;;;;;;;;;;;;;;;;;;;;;;;;;;;;;;;;;;;;;;;;;;;;;;;;;;;;;;;;;;;;;;;;;;;;;;;;;;;;;;;;
INST;R2;721;;;;;;;;;;;;;;;;;;;;;;;;;;;;;;;;;;;;;;;;;;;;;;;;;;;;;;;;;;;;;;;;;;;;;;;;;;;;;;;;;;;;;;;;;;;;;;;;;;;;;;;;;;;;;;;;;;;;;;;;;;;;;;;;;;;;;;;;;;;;
2;0;1;4;0;Inst_task;0;undefined;undefined;undefined;undefined;white;xpyriment;legacy;legacy;0;uniform;undefined;l;undefined;undefined;undefined;3;35;36;1;0;1;1;0;35;1;0;0;1;1;0;0;0;1;0;0;0;35;1;1;0;1;37;1;0;1;undefined;618;-514;06/08/2021 11:12;The main experiment item;yes;;2. Instrumental.osexp;C:\Users\cncadmin\Desktop\Sara G\new task;no;mono;no;18;no;black;no;yes;768;legacy;3;3;1;1;0;C:/Users/cncadmin/Desktop/Sara G/DatiEEG/10nm2.csv;xpyriment;Kafkaesque Koffka;3.2.8;left;0;0;0;0;5;3;2;z;NA;1;1;1;78171;NA;112401;78171;20578;2;legacy;1024;2;48000;-16;experiment;10;even;602752;647398;635486;599972;137085;NA;599974;3069;635486;148034;137085;236868;603552;592749;24683;158696;3603;603552;137089;236868;137085;635486;148034;603552;137089;603552;647398;599972;3069;599974;pit experiment;0;0;0;yes;1024
INST;R1;444;;;;;;;;;;;;;;;;;;;;;;;;;;;;;;;;;;;;;;;;;;;;;;;;;;;;;;;;;;;;;;;;;;;;;;;;;;;;;;;;;;;;;;;;;;;;;;;;;;;;;;;;;;;;;;;;;;;;;;;;;;;;;;;;;;;;;;;;;;;;
INST;R1;408;;;;;;;;;;;;;;;;;;;;;;;;;;;;;;;;;;;;;;;;;;;;;;;;;;;;;;;;;;;;;;;;;;;;;;;;;;;;;;;;;;;;;;;;;;;;;;;;;;;;;;;;;;;;;;;;;;;;;;;;;;;;;;;;;;;;;;;;;;;;
INST;R1;357;;;;;;;;;;;;;;;;;;;;;;;;;;;;;;;;;;;;;;;;;;;;;;;;;;;;;;;;;;;;;;;;;;;;;;;;;;;;;;;;;;;;;;;;;;;;;;;;;;;;;;;;;;;;;;;;;;;;;;;;;;;;;;;;;;;;;;;;;;;;
INST;R1;411;;;;;;;;;;;;;;;;;;;;;;;;;;;;;;;;;;;;;;;;;;;;;;;;;;;;;;;;;;;;;;;;;;;;;;;;;;;;;;;;;;;;;;;;;;;;;;;;;;;;;;;;;;;;;;;;;;;;;;;;;;;;;;;;;;;;;;;;;;;;
INST;R1;447;;;;;;;;;;;;;;;;;;;;;;;;;;;;;;;;;;;;;;;;;;;;;;;;;;;;;;;;;;;;;;;;;;;;;;;;;;;;;;;;;;;;;;;;;;;;;;;;;;;;;;;;;;;;;;;;;;;;;;;;;;;;;;;;;;;;;;;;;;;;
2;0;3;4;0;Inst_task;0;undefined;undefined;undefined;undefined;white;xpyriment;legacy;legacy;0;uniform;undefined;l;undefined;undefined;undefined;3;36;37;1;0;1;1;0;36;1;0;0;1;1;0;0;0;1;0;0;0;36;1;1;0;1;38;1;0;1;undefined;618;-514;06/08/2021 11:12;The main experiment item;yes;;2. Instrumental.osexp;C:\Users\cncadmin\Desktop\Sara G\new task;no;mono;no;18;no;black;no;yes;768;legacy;4;4;1;1;0;C:/Users/cncadmin/Desktop/Sara G/DatiEEG/10nm2.csv;xpyriment;Kafkaesque Koffka;3.2.8;left;0;5;3;2;0;0;0;z;NA;1;1;1;78171;NA;112401;78171;20578;2;legacy;1024;2;48000;-16;experiment;10;even;602752;659069;647458;599972;137085;NA;599974;3069;647458;148034;137085;236868;603552;592749;24683;158696;3603;603552;137089;236868;137085;647458;148034;603552;137089;603552;659069;599972;3069;599974;pit experiment;0;0;0;yes;1024
INST;R1;473;;;;;;;;;;;;;;;;;;;;;;;;;;;;;;;;;;;;;;;;;;;;;;;;;;;;;;;;;;;;;;;;;;;;;;;;;;;;;;;;;;;;;;;;;;;;;;;;;;;;;;;;;;;;;;;;;;;;;;;;;;;;;;;;;;;;;;;;;;;;
INST;R1;382;;;;;;;;;;;;;;;;;;;;;;;;;;;;;;;;;;;;;;;;;;;;;;;;;;;;;;;;;;;;;;;;;;;;;;;;;;;;;;;;;;;;;;;;;;;;;;;;;;;;;;;;;;;;;;;;;;;;;;;;;;;;;;;;;;;;;;;;;;;;
INST;R1;402;;;;;;;;;;;;;;;;;;;;;;;;;;;;;;;;;;;;;;;;;;;;;;;;;;;;;;;;;;;;;;;;;;;;;;;;;;;;;;;;;;;;;;;;;;;;;;;;;;;;;;;;;;;;;;;;;;;;;;;;;;;;;;;;;;;;;;;;;;;;
INST;R1;359;;;;;;;;;;;;;;;;;;;;;;;;;;;;;;;;;;;;;;;;;;;;;;;;;;;;;;;;;;;;;;;;;;;;;;;;;;;;;;;;;;;;;;;;;;;;;;;;;;;;;;;;;;;;;;;;;;;;;;;;;;;;;;;;;;;;;;;;;;;;
INST;R1;353;;;;;;;;;;;;;;;;;;;;;;;;;;;;;;;;;;;;;;;;;;;;;;;;;;;;;;;;;;;;;;;;;;;;;;;;;;;;;;;;;;;;;;;;;;;;;;;;;;;;;;;;;;;;;;;;;;;;;;;;;;;;;;;;;;;;;;;;;;;;
2;0;6;4;0;Inst_task;0;undefined;undefined;undefined;undefined;white;xpyriment;legacy;legacy;0;uniform;undefined;l;undefined;undefined;undefined;3;37;38;1;0;1;1;0;37;1;0;0;1;1;0;0;0;1;0;0;0;37;1;1;0;1;39;1;0;1;undefined;618;-514;06/08/2021 11:12;The main experiment item;yes;;2. Instrumental.osexp;C:\Users\cncadmin\Desktop\Sara G\new task;no;mono;no;18;no;black;no;yes;768;legacy;5;5;1;1;0;C:/Users/cncadmin/Desktop/Sara G/DatiEEG/10nm2.csv;xpyriment;Kafkaesque Koffka;3.2.8;left;0;5;2;3;0;0;0;m;NA;1;1;1;78171;NA;112401;78171;20578;2;legacy;1024;2;48000;-16;experiment;10;even;602752;670725;659140;599972;137085;NA;599974;3069;659140;148034;137085;236868;603552;592749;24683;158696;3603;603552;137089;236868;137085;659139;148034;603552;137089;603552;670725;599972;3069;599974;pit experiment;0;0;0;yes;1024
INST;R2;567;;;;;;;;;;;;;;;;;;;;;;;;;;;;;;;;;;;;;;;;;;;;;;;;;;;;;;;;;;;;;;;;;;;;;;;;;;;;;;;;;;;;;;;;;;;;;;;;;;;;;;;;;;;;;;;;;;;;;;;;;;;;;;;;;;;;;;;;;;;;
INST;R2;386;;;;;;;;;;;;;;;;;;;;;;;;;;;;;;;;;;;;;;;;;;;;;;;;;;;;;;;;;;;;;;;;;;;;;;;;;;;;;;;;;;;;;;;;;;;;;;;;;;;;;;;;;;;;;;;;;;;;;;;;;;;;;;;;;;;;;;;;;;;;
INST;R2;373;;;;;;;;;;;;;;;;;;;;;;;;;;;;;;;;;;;;;;;;;;;;;;;;;;;;;;;;;;;;;;;;;;;;;;;;;;;;;;;;;;;;;;;;;;;;;;;;;;;;;;;;;;;;;;;;;;;;;;;;;;;;;;;;;;;;;;;;;;;;
INST;R2;531;;;;;;;;;;;;;;;;;;;;;;;;;;;;;;;;;;;;;;;;;;;;;;;;;;;;;;;;;;;;;;;;;;;;;;;;;;;;;;;;;;;;;;;;;;;;;;;;;;;;;;;;;;;;;;;;;;;;;;;;;;;;;;;;;;;;;;;;;;;;
2;0;6;5;0;Inst_task;0;undefined;undefined;undefined;undefined;white;xpyriment;legacy;legacy;0;uniform;undefined;l;undefined;undefined;undefined;3;38;39;1;0;1;1;0;38;1;0;0;1;1;0;0;0;1;0;0;0;38;1;1;0;1;40;1;0;1;undefined;618;-514;06/08/2021 11:12;The main experiment item;yes;;2. Instrumental.osexp;C:\Users\cncadmin\Desktop\Sara G\new task;no;mono;no;18;no;black;no;yes;768;legacy;6;6;1;1;0;C:/Users/cncadmin/Desktop/Sara G/DatiEEG/10nm2.csv;xpyriment;Kafkaesque Koffka;3.2.8;left;0;0;0;0;4;3;1;z;NA;1;1;1;78171;NA;112401;78171;20578;2;legacy;1024;2;48000;-16;experiment;10;even;602752;681321;670802;599972;137085;NA;599974;3069;670802;148034;137085;236868;603552;592749;24683;158696;3603;603552;137089;236868;137085;670802;148034;603552;137089;603552;681322;599972;3069;599974;pit experiment;0;0;0;yes;1024
INST;R2;633;;;;;;;;;;;;;;;;;;;;;;;;;;;;;;;;;;;;;;;;;;;;;;;;;;;;;;;;;;;;;;;;;;;;;;;;;;;;;;;;;;;;;;;;;;;;;;;;;;;;;;;;;;;;;;;;;;;;;;;;;;;;;;;;;;;;;;;;;;;;
INST;R2;464;;;;;;;;;;;;;;;;;;;;;;;;;;;;;;;;;;;;;;;;;;;;;;;;;;;;;;;;;;;;;;;;;;;;;;;;;;;;;;;;;;;;;;;;;;;;;;;;;;;;;;;;;;;;;;;;;;;;;;;;;;;;;;;;;;;;;;;;;;;;
INST;R2;431;;;;;;;;;;;;;;;;;;;;;;;;;;;;;;;;;;;;;;;;;;;;;;;;;;;;;;;;;;;;;;;;;;;;;;;;;;;;;;;;;;;;;;;;;;;;;;;;;;;;;;;;;;;;;;;;;;;;;;;;;;;;;;;;;;;;;;;;;;;;
INST;R2;363;;;;;;;;;;;;;;;;;;;;;;;;;;;;;;;;;;;;;;;;;;;;;;;;;;;;;;;;;;;;;;;;;;;;;;;;;;;;;;;;;;;;;;;;;;;;;;;;;;;;;;;;;;;;;;;;;;;;;;;;;;;;;;;;;;;;;;;;;;;;
2;0;6;7;0;Inst_task;0;undefined;undefined;undefined;undefined;white;xpyriment;legacy;legacy;0;uniform;undefined;l;undefined;undefined;undefined;3;39;40;1;0;1;1;0;39;1;0;0;1;1;0;0;0;1;0;0;0;39;1;1;0;1;41;1;0;1;undefined;618;-514;06/08/2021 11:12;The main experiment item;yes;;2. Instrumental.osexp;C:\Users\cncadmin\Desktop\Sara G\new task;no;mono;no;18;no;black;no;yes;768;legacy;7;7;1;1;0;C:/Users/cncadmin/Desktop/Sara G/DatiEEG/10nm2.csv;xpyriment;Kafkaesque Koffka;3.2.8;left;0;0;0;0;4;2;2;m;NA;1;1;1;78171;NA;112401;78171;20578;2;legacy;1024;2;48000;-16;experiment;10;even;602752;692110;681403;599972;137085;NA;599974;3069;681403;148034;137085;236868;603552;592749;24683;158696;3603;603552;137089;236868;137085;681403;148034;603552;137089;603552;692110;599972;3069;599974;pit experiment;0;0;0;yes;1024
INST;R2;598;;;;;;;;;;;;;;;;;;;;;;;;;;;;;;;;;;;;;;;;;;;;;;;;;;;;;;;;;;;;;;;;;;;;;;;;;;;;;;;;;;;;;;;;;;;;;;;;;;;;;;;;;;;;;;;;;;;;;;;;;;;;;;;;;;;;;;;;;;;;
INST;R2;457;;;;;;;;;;;;;;;;;;;;;;;;;;;;;;;;;;;;;;;;;;;;;;;;;;;;;;;;;;;;;;;;;;;;;;;;;;;;;;;;;;;;;;;;;;;;;;;;;;;;;;;;;;;;;;;;;;;;;;;;;;;;;;;;;;;;;;;;;;;;
INST;R2;474;;;;;;;;;;;;;;;;;;;;;;;;;;;;;;;;;;;;;;;;;;;;;;;;;;;;;;;;;;;;;;;;;;;;;;;;;;;;;;;;;;;;;;;;;;;;;;;;;;;;;;;;;;;;;;;;;;;;;;;;;;;;;;;;;;;;;;;;;;;;
INST;R2;350;;;;;;;;;;;;;;;;;;;;;;;;;;;;;;;;;;;;;;;;;;;;;;;;;;;;;;;;;;;;;;;;;;;;;;;;;;;;;;;;;;;;;;;;;;;;;;;;;;;;;;;;;;;;;;;;;;;;;;;;;;;;;;;;;;;;;;;;;;;;
2;0;6;7;0;Inst_task;0;undefined;undefined;undefined;undefined;white;xpyriment;legacy;legacy;0;uniform;undefined;l;undefined;undefined;undefined;3;40;41;1;0;1;1;0;40;1;0;0;1;1;0;0;0;1;0;0;0;40;1;1;0;1;42;1;0;1;undefined;618;-514;06/08/2021 11:12;The main experiment item;yes;;2. Instrumental.osexp;C:\Users\cncadmin\Desktop\Sara G\new task;no;mono;no;18;no;black;no;yes;768;legacy;8;8;1;1;0;C:/Users/cncadmin/Desktop/Sara G/DatiEEG/10nm2.csv;xpyriment;Kafkaesque Koffka;3.2.8;left;0;0;0;0;4;4;0;m;NA;1;1;1;78171;NA;112401;78171;20578;2;legacy;1024;2;48000;-16;experiment;10;even;602752;702611;692168;599972;137085;NA;599974;3069;692168;148034;137085;236868;603552;592749;24683;158696;3603;603552;137089;236868;137085;692168;148034;603552;137089;603552;702611;599972;3069;599974;pit experiment;0;0;0;yes;1024
INST;R1;437;;;;;;;;;;;;;;;;;;;;;;;;;;;;;;;;;;;;;;;;;;;;;;;;;;;;;;;;;;;;;;;;;;;;;;;;;;;;;;;;;;;;;;;;;;;;;;;;;;;;;;;;;;;;;;;;;;;;;;;;;;;;;;;;;;;;;;;;;;;;
INST;R1;363;;;;;;;;;;;;;;;;;;;;;;;;;;;;;;;;;;;;;;;;;;;;;;;;;;;;;;;;;;;;;;;;;;;;;;;;;;;;;;;;;;;;;;;;;;;;;;;;;;;;;;;;;;;;;;;;;;;;;;;;;;;;;;;;;;;;;;;;;;;;
INST;R1;378;;;;;;;;;;;;;;;;;;;;;;;;;;;;;;;;;;;;;;;;;;;;;;;;;;;;;;;;;;;;;;;;;;;;;;;;;;;;;;;;;;;;;;;;;;;;;;;;;;;;;;;;;;;;;;;;;;;;;;;;;;;;;;;;;;;;;;;;;;;;
INST;R1;435;;;;;;;;;;;;;;;;;;;;;;;;;;;;;;;;;;;;;;;;;;;;;;;;;;;;;;;;;;;;;;;;;;;;;;;;;;;;;;;;;;;;;;;;;;;;;;;;;;;;;;;;;;;;;;;;;;;;;;;;;;;;;;;;;;;;;;;;;;;;
INST;R1;416;;;;;;;;;;;;;;;;;;;;;;;;;;;;;;;;;;;;;;;;;;;;;;;;;;;;;;;;;;;;;;;;;;;;;;;;;;;;;;;;;;;;;;;;;;;;;;;;;;;;;;;;;;;;;;;;;;;;;;;;;;;;;;;;;;;;;;;;;;;;
2;0;8;7;0;Inst_task;0;undefined;undefined;undefined;undefined;white;xpyriment;legacy;legacy;0;uniform;undefined;l;undefined;undefined;undefined;3;41;42;1;0;1;1;0;41;1;0;0;1;1;0;0;0;1;0;0;0;41;1;1;0;1;43;1;0;1;undefined;618;-514;06/08/2021 11:12;The main experiment item;yes;;2. Instrumental.osexp;C:\Users\cncadmin\Desktop\Sara G\new task;no;mono;no;18;no;black;no;yes;768;legacy;9;9;1;1;0;C:/Users/cncadmin/Desktop/Sara G/DatiEEG/10nm2.csv;xpyriment;Kafkaesque Koffka;3.2.8;left;0;5;3;2;0;0;0;m;NA;1;1;1;78171;NA;112401;78171;20578;2;legacy;1024;2;48000;-16;experiment;10;even;602752;714551;702692;599972;137085;NA;599974;3069;702693;148034;137085;236868;603552;592749;24683;158696;3603;603552;137089;236868;137085;702692;148034;603552;137089;603552;714551;599972;3069;599974;pit experiment;0;0;0;yes;1024
INST;R1;457;;;;;;;;;;;;;;;;;;;;;;;;;;;;;;;;;;;;;;;;;;;;;;;;;;;;;;;;;;;;;;;;;;;;;;;;;;;;;;;;;;;;;;;;;;;;;;;;;;;;;;;;;;;;;;;;;;;;;;;;;;;;;;;;;;;;;;;;;;;;
INST;R1;424;;;;;;;;;;;;;;;;;;;;;;;;;;;;;;;;;;;;;;;;;;;;;;;;;;;;;;;;;;;;;;;;;;;;;;;;;;;;;;;;;;;;;;;;;;;;;;;;;;;;;;;;;;;;;;;;;;;;;;;;;;;;;;;;;;;;;;;;;;;;
INST;R1;448;;;;;;;;;;;;;;;;;;;;;;;;;;;;;;;;;;;;;;;;;;;;;;;;;;;;;;;;;;;;;;;;;;;;;;;;;;;;;;;;;;;;;;;;;;;;;;;;;;;;;;;;;;;;;;;;;;;;;;;;;;;;;;;;;;;;;;;;;;;;
INST;R1;408;;;;;;;;;;;;;;;;;;;;;;;;;;;;;;;;;;;;;;;;;;;;;;;;;;;;;;;;;;;;;;;;;;;;;;;;;;;;;;;;;;;;;;;;;;;;;;;;;;;;;;;;;;;;;;;;;;;;;;;;;;;;;;;;;;;;;;;;;;;;
INST;R1;416;;;;;;;;;;;;;;;;;;;;;;;;;;;;;;;;;;;;;;;;;;;;;;;;;;;;;;;;;;;;;;;;;;;;;;;;;;;;;;;;;;;;;;;;;;;;;;;;;;;;;;;;;;;;;;;;;;;;;;;;;;;;;;;;;;;;;;;;;;;;
2;0;8;7;0;Inst_task;0;undefined;undefined;undefined;undefined;white;xpyriment;legacy;legacy;0;uniform;undefined;l;undefined;undefined;undefined;3;42;43;1;0;1;1;0;42;1;0;0;1;1;0;0;0;1;0;0;0;42;1;1;0;1;44;1;0;1;undefined;618;-514;06/08/2021 11:12;The main experiment item;yes;;2. Instrumental.osexp;C:\Users\cncadmin\Desktop\Sara G\new task;no;mono;no;18;no;black;no;yes;768;legacy;10;10;1;1;0;C:/Users/cncadmin/Desktop/Sara G/DatiEEG/10nm2.csv;xpyriment;Kafkaesque Koffka;3.2.8;left;0;5;5;0;0;0;0;m;NA;1;1;1;78171;NA;112401;78171;20578;2;legacy;1024;2;48000;-16;experiment;10;even;602752;726233;714614;599972;137085;NA;599974;3069;714614;148034;137085;236868;603552;592749;24683;158696;3603;603552;137089;236868;137085;714614;148034;603552;137089;603552;726233;599972;3069;599974;pit experiment;0;0;0;yes;1024
INST;R1;575;;;;;;;;;;;;;;;;;;;;;;;;;;;;;;;;;;;;;;;;;;;;;;;;;;;;;;;;;;;;;;;;;;;;;;;;;;;;;;;;;;;;;;;;;;;;;;;;;;;;;;;;;;;;;;;;;;;;;;;;;;;;;;;;;;;;;;;;;;;;
INST;R1;381;;;;;;;;;;;;;;;;;;;;;;;;;;;;;;;;;;;;;;;;;;;;;;;;;;;;;;;;;;;;;;;;;;;;;;;;;;;;;;;;;;;;;;;;;;;;;;;;;;;;;;;;;;;;;;;;;;;;;;;;;;;;;;;;;;;;;;;;;;;;
INST;R1;356;;;;;;;;;;;;;;;;;;;;;;;;;;;;;;;;;;;;;;;;;;;;;;;;;;;;;;;;;;;;;;;;;;;;;;;;;;;;;;;;;;;;;;;;;;;;;;;;;;;;;;;;;;;;;;;;;;;;;;;;;;;;;;;;;;;;;;;;;;;;
INST;R1;353;;;;;;;;;;;;;;;;;;;;;;;;;;;;;;;;;;;;;;;;;;;;;;;;;;;;;;;;;;;;;;;;;;;;;;;;;;;;;;;;;;;;;;;;;;;;;;;;;;;;;;;;;;;;;;;;;;;;;;;;;;;;;;;;;;;;;;;;;;;;
INST;R1;894;;;;;;;;;;;;;;;;;;;;;;;;;;;;;;;;;;;;;;;;;;;;;;;;;;;;;;;;;;;;;;;;;;;;;;;;;;;;;;;;;;;;;;;;;;;;;;;;;;;;;;;;;;;;;;;;;;;;;;;;;;;;;;;;;;;;;;;;;;;;
2;0;10;7;0;Inst_task;0;undefined;undefined;undefined;undefined;white;xpyriment;legacy;legacy;0;uniform;undefined;l;undefined;undefined;undefined;3;43;44;1;0;1;1;0;43;1;0;0;1;1;0;0;0;1;0;0;0;43;1;1;0;1;45;1;0;1;undefined;618;-514;06/08/2021 11:12;The main experiment item;yes;;2. Instrumental.osexp;C:\Users\cncadmin\Desktop\Sara G\new task;no;mono;no;18;no;black;no;yes;768;legacy;11;11;1;1;0;C:/Users/cncadmin/Desktop/Sara G/DatiEEG/10nm2.csv;xpyriment;Kafkaesque Koffka;3.2.8;left;0;5;3;2;0;0;0;z;NA;1;1;1;78171;NA;112401;78171;20578;2;legacy;1024;2;48000;-16;experiment;10;even;602752;738617;726312;599972;137085;NA;599974;3069;726312;148034;137085;236868;603552;592749;24683;158696;3603;603552;137089;236868;137085;726312;148034;603552;137089;603552;738617;599972;3069;599974;pit experiment;0;0;0;yes;1024
INST;R2;461;;;;;;;;;;;;;;;;;;;;;;;;;;;;;;;;;;;;;;;;;;;;;;;;;;;;;;;;;;;;;;;;;;;;;;;;;;;;;;;;;;;;;;;;;;;;;;;;;;;;;;;;;;;;;;;;;;;;;;;;;;;;;;;;;;;;;;;;;;;;
INST;R2;568;;;;;;;;;;;;;;;;;;;;;;;;;;;;;;;;;;;;;;;;;;;;;;;;;;;;;;;;;;;;;;;;;;;;;;;;;;;;;;;;;;;;;;;;;;;;;;;;;;;;;;;;;;;;;;;;;;;;;;;;;;;;;;;;;;;;;;;;;;;;
INST;R2;442;;;;;;;;;;;;;;;;;;;;;;;;;;;;;;;;;;;;;;;;;;;;;;;;;;;;;;;;;;;;;;;;;;;;;;;;;;;;;;;;;;;;;;;;;;;;;;;;;;;;;;;;;;;;;;;;;;;;;;;;;;;;;;;;;;;;;;;;;;;;
INST;R2;398;;;;;;;;;;;;;;;;;;;;;;;;;;;;;;;;;;;;;;;;;;;;;;;;;;;;;;;;;;;;;;;;;;;;;;;;;;;;;;;;;;;;;;;;;;;;;;;;;;;;;;;;;;;;;;;;;;;;;;;;;;;;;;;;;;;;;;;;;;;;
2;0;10;8;0;Inst_task;0;undefined;undefined;undefined;undefined;white;xpyriment;legacy;legacy;0;uniform;undefined;l;undefined;undefined;undefined;3;44;45;1;0;1;1;0;44;1;0;0;1;1;0;0;0;1;0;0;0;44;1;1;0;1;46;1;0;1;undefined;618;-514;06/08/2021 11:12;The main experiment item;yes;;2. Instrumental.osexp;C:\Users\cncadmin\Desktop\Sara G\new task;no;mono;no;18;no;black;no;yes;768;legacy;12;12;1;1;0;C:/Users/cncadmin/Desktop/Sara G/DatiEEG/10nm2.csv;xpyriment;Kafkaesque Koffka;3.2.8;left;0;0;0;0;4;3;1;z;NA;1;1;1;78171;NA;112401;78171;20578;2;legacy;1024;2;48000;-16;experiment;10;even;602752;749323;738674;599972;137085;NA;599974;3069;738674;148034;137085;236868;603552;592749;24683;158696;3603;603552;137089;236868;137085;738674;148034;603552;137089;603552;749323;599972;3069;599974;pit experiment;0;0;0;yes;1024
INST;R2;471;;;;;;;;;;;;;;;;;;;;;;;;;;;;;;;;;;;;;;;;;;;;;;;;;;;;;;;;;;;;;;;;;;;;;;;;;;;;;;;;;;;;;;;;;;;;;;;;;;;;;;;;;;;;;;;;;;;;;;;;;;;;;;;;;;;;;;;;;;;;
INST;R2;584;;;;;;;;;;;;;;;;;;;;;;;;;;;;;;;;;;;;;;;;;;;;;;;;;;;;;;;;;;;;;;;;;;;;;;;;;;;;;;;;;;;;;;;;;;;;;;;;;;;;;;;;;;;;;;;;;;;;;;;;;;;;;;;;;;;;;;;;;;;;
INST;R2;386;;;;;;;;;;;;;;;;;;;;;;;;;;;;;;;;;;;;;;;;;;;;;;;;;;;;;;;;;;;;;;;;;;;;;;;;;;;;;;;;;;;;;;;;;;;;;;;;;;;;;;;;;;;;;;;;;;;;;;;;;;;;;;;;;;;;;;;;;;;;
INST;R2;414;;;;;;;;;;;;;;;;;;;;;;;;;;;;;;;;;;;;;;;;;;;;;;;;;;;;;;;;;;;;;;;;;;;;;;;;;;;;;;;;;;;;;;;;;;;;;;;;;;;;;;;;;;;;;;;;;;;;;;;;;;;;;;;;;;;;;;;;;;;;
2;0;10;10;0;Inst_task;0;undefined;undefined;undefined;undefined;white;xpyriment;legacy;legacy;0;uniform;undefined;l;undefined;undefined;undefined;3;45;46;1;0;1;1;0;45;1;0;0;1;1;0;0;0;1;0;0;0;45;1;1;0;1;47;1;0;1;undefined;618;-514;06/08/2021 11:12;The main experiment item;yes;;2. Instrumental.osexp;C:\Users\cncadmin\Desktop\Sara G\new task;no;mono;no;18;no;black;no;yes;768;legacy;13;13;1;1;0;C:/Users/cncadmin/Desktop/Sara G/DatiEEG/10nm2.csv;xpyriment;Kafkaesque Koffka;3.2.8;left;0;0;0;0;4;2;2;m;NA;1;1;1;78171;NA;112401;78171;20578;2;legacy;1024;2;48000;-16;experiment;10;even;602752;759915;749419;599972;137085;NA;599974;3069;749419;148034;137085;236868;603552;592749;24683;158696;3603;603552;137089;236868;137085;749418;148034;603552;137089;603552;759915;599972;3069;599974;pit experiment;0;0;0;yes;1024
INST;R1;472;;;;;;;;;;;;;;;;;;;;;;;;;;;;;;;;;;;;;;;;;;;;;;;;;;;;;;;;;;;;;;;;;;;;;;;;;;;;;;;;;;;;;;;;;;;;;;;;;;;;;;;;;;;;;;;;;;;;;;;;;;;;;;;;;;;;;;;;;;;;
INST;R1;381;;;;;;;;;;;;;;;;;;;;;;;;;;;;;;;;;;;;;;;;;;;;;;;;;;;;;;;;;;;;;;;;;;;;;;;;;;;;;;;;;;;;;;;;;;;;;;;;;;;;;;;;;;;;;;;;;;;;;;;;;;;;;;;;;;;;;;;;;;;;
INST;R1;391;;;;;;;;;;;;;;;;;;;;;;;;;;;;;;;;;;;;;;;;;;;;;;;;;;;;;;;;;;;;;;;;;;;;;;;;;;;;;;;;;;;;;;;;;;;;;;;;;;;;;;;;;;;;;;;;;;;;;;;;;;;;;;;;;;;;;;;;;;;;
INST;R1;360;;;;;;;;;;;;;;;;;;;;;;;;;;;;;;;;;;;;;;;;;;;;;;;;;;;;;;;;;;;;;;;;;;;;;;;;;;;;;;;;;;;;;;;;;;;;;;;;;;;;;;;;;;;;;;;;;;;;;;;;;;;;;;;;;;;;;;;;;;;;
INST;R1;741;;;;;;;;;;;;;;;;;;;;;;;;;;;;;;;;;;;;;;;;;;;;;;;;;;;;;;;;;;;;;;;;;;;;;;;;;;;;;;;;;;;;;;;;;;;;;;;;;;;;;;;;;;;;;;;;;;;;;;;;;;;;;;;;;;;;;;;;;;;;
2;0;11;10;0;Inst_task;0;undefined;undefined;undefined;undefined;white;xpyriment;legacy;legacy;0;uniform;undefined;l;undefined;undefined;undefined;3;46;47;1;0;1;1;0;46;1;0;0;1;1;0;0;0;1;0;0;0;46;1;1;0;1;48;1;0;1;undefined;618;-514;06/08/2021 11:12;The main experiment item;yes;;2. Instrumental.osexp;C:\Users\cncadmin\Desktop\Sara G\new task;no;mono;no;18;no;black;no;yes;768;legacy;14;14;1;1;0;C:/Users/cncadmin/Desktop/Sara G/DatiEEG/10nm2.csv;xpyriment;Kafkaesque Koffka;3.2.8;left;0;5;4;1;0;0;0;m;NA;1;1;1;78171;NA;112401;78171;20578;2;legacy;1024;2;48000;-16;experiment;10;even;602752;772176;759974;599972;137085;NA;599974;3069;759974;148034;137085;236868;603552;592749;24683;158696;3603;603552;137089;236868;137085;759974;148034;603552;137089;603552;772176;599972;3069;599974;pit experiment;0;0;0;yes;1024
INST;R2;485;;;;;;;;;;;;;;;;;;;;;;;;;;;;;;;;;;;;;;;;;;;;;;;;;;;;;;;;;;;;;;;;;;;;;;;;;;;;;;;;;;;;;;;;;;;;;;;;;;;;;;;;;;;;;;;;;;;;;;;;;;;;;;;;;;;;;;;;;;;;
INST;R2;392;;;;;;;;;;;;;;;;;;;;;;;;;;;;;;;;;;;;;;;;;;;;;;;;;;;;;;;;;;;;;;;;;;;;;;;;;;;;;;;;;;;;;;;;;;;;;;;;;;;;;;;;;;;;;;;;;;;;;;;;;;;;;;;;;;;;;;;;;;;;
INST;R2;488;;;;;;;;;;;;;;;;;;;;;;;;;;;;;;;;;;;;;;;;;;;;;;;;;;;;;;;;;;;;;;;;;;;;;;;;;;;;;;;;;;;;;;;;;;;;;;;;;;;;;;;;;;;;;;;;;;;;;;;;;;;;;;;;;;;;;;;;;;;;
INST;R2;337;;;;;;;;;;;;;;;;;;;;;;;;;;;;;;;;;;;;;;;;;;;;;;;;;;;;;;;;;;;;;;;;;;;;;;;;;;;;;;;;;;;;;;;;;;;;;;;;;;;;;;;;;;;;;;;;;;;;;;;;;;;;;;;;;;;;;;;;;;;;
INST;R2;354;;;;;;;;;;;;;;;;;;;;;;;;;;;;;;;;;;;;;;;;;;;;;;;;;;;;;;;;;;;;;;;;;;;;;;;;;;;;;;;;;;;;;;;;;;;;;;;;;;;;;;;;;;;;;;;;;;;;;;;;;;;;;;;;;;;;;;;;;;;;
2;0;11;11;0;Inst_task;0;undefined;undefined;undefined;undefined;white;xpyriment;legacy;legacy;0;uniform;undefined;l;undefined;undefined;undefined;3;47;48;1;0;1;1;0;47;1;0;0;1;1;0;0;0;1;0;0;0;47;1;1;0;1;49;1;0;1;undefined;618;-514;06/08/2021 11:12;The main experiment item;yes;;2. Instrumental.osexp;C:\Users\cncadmin\Desktop\Sara G\new task;no;mono;no;18;no;black;no;yes;768;legacy;15;15;1;1;0;C:/Users/cncadmin/Desktop/Sara G/DatiEEG/10nm2.csv;xpyriment;Kafkaesque Koffka;3.2.8;left;0;0;0;0;5;4;1;m;NA;1;1;1;78171;NA;112401;78171;20578;2;legacy;1024;2;48000;-16;experiment;10;even;602752;784000;772236;599972;137085;NA;599974;3069;772236;148034;137085;236868;603552;592749;24683;158696;3603;603552;137089;236868;137085;772236;148034;603552;137089;603552;784000;599972;3069;599974;pit experiment;0;0;0;yes;1024
INST;R1;523;;;;;;;;;;;;;;;;;;;;;;;;;;;;;;;;;;;;;;;;;;;;;;;;;;;;;;;;;;;;;;;;;;;;;;;;;;;;;;;;;;;;;;;;;;;;;;;;;;;;;;;;;;;;;;;;;;;;;;;;;;;;;;;;;;;;;;;;;;;;
INST;R1;363;;;;;;;;;;;;;;;;;;;;;;;;;;;;;;;;;;;;;;;;;;;;;;;;;;;;;;;;;;;;;;;;;;;;;;;;;;;;;;;;;;;;;;;;;;;;;;;;;;;;;;;;;;;;;;;;;;;;;;;;;;;;;;;;;;;;;;;;;;;;
INST;R1;352;;;;;;;;;;;;;;;;;;;;;;;;;;;;;;;;;;;;;;;;;;;;;;;;;;;;;;;;;;;;;;;;;;;;;;;;;;;;;;;;;;;;;;;;;;;;;;;;;;;;;;;;;;;;;;;;;;;;;;;;;;;;;;;;;;;;;;;;;;;;
INST;R1;391;;;;;;;;;;;;;;;;;;;;;;;;;;;;;;;;;;;;;;;;;;;;;;;;;;;;;;;;;;;;;;;;;;;;;;;;;;;;;;;;;;;;;;;;;;;;;;;;;;;;;;;;;;;;;;;;;;;;;;;;;;;;;;;;;;;;;;;;;;;;
INST;R1;462;;;;;;;;;;;;;;;;;;;;;;;;;;;;;;;;;;;;;;;;;;;;;;;;;;;;;;;;;;;;;;;;;;;;;;;;;;;;;;;;;;;;;;;;;;;;;;;;;;;;;;;;;;;;;;;;;;;;;;;;;;;;;;;;;;;;;;;;;;;;
2;0;14;11;0;Inst_task;0;undefined;undefined;undefined;undefined;white;xpyriment;legacy;legacy;0;uniform;undefined;l;undefined;undefined;undefined;3;48;49;1;0;1;1;0;48;1;0;0;1;1;0;0;0;1;0;0;0;48;1;1;0;1;50;1;0;1;undefined;618;-514;06/08/2021 11:12;The main experiment item;yes;;2. Instrumental.osexp;C:\Users\cncadmin\Desktop\Sara G\new task;no;mono;no;18;no;black;no;yes;768;legacy;16;16;1;1;0;C:/Users/cncadmin/Desktop/Sara G/DatiEEG/10nm2.csv;xpyriment;Kafkaesque Koffka;3.2.8;left;0;5;2;3;0;0;0;z;NA;1;1;1;78171;NA;112401;78171;20578;2;legacy;1024;2;48000;-16;experiment;10;even;602752;796088;784088;599972;137085;NA;599974;3069;784088;148034;137085;236868;603552;592749;24683;158696;3603;603552;137089;236868;137085;784088;148034;603552;137089;603552;796088;599972;3069;599974;pit experiment;0;0;0;yes;1024
INST;R2;421;;;;;;;;;;;;;;;;;;;;;;;;;;;;;;;;;;;;;;;;;;;;;;;;;;;;;;;;;;;;;;;;;;;;;;;;;;;;;;;;;;;;;;;;;;;;;;;;;;;;;;;;;;;;;;;;;;;;;;;;;;;;;;;;;;;;;;;;;;;;
INST;R2;432;;;;;;;;;;;;;;;;;;;;;;;;;;;;;;;;;;;;;;;;;;;;;;;;;;;;;;;;;;;;;;;;;;;;;;;;;;;;;;;;;;;;;;;;;;;;;;;;;;;;;;;;;;;;;;;;;;;;;;;;;;;;;;;;;;;;;;;;;;;;
INST;R2;384;;;;;;;;;;;;;;;;;;;;;;;;;;;;;;;;;;;;;;;;;;;;;;;;;;;;;;;;;;;;;;;;;;;;;;;;;;;;;;;;;;;;;;;;;;;;;;;;;;;;;;;;;;;;;;;;;;;;;;;;;;;;;;;;;;;;;;;;;;;;
INST;R2;441;;;;;;;;;;;;;;;;;;;;;;;;;;;;;;;;;;;;;;;;;;;;;;;;;;;;;;;;;;;;;;;;;;;;;;;;;;;;;;;;;;;;;;;;;;;;;;;;;;;;;;;;;;;;;;;;;;;;;;;;;;;;;;;;;;;;;;;;;;;;
INST;R2;380;;;;;;;;;;;;;;;;;;;;;;;;;;;;;;;;;;;;;;;;;;;;;;;;;;;;;;;;;;;;;;;;;;;;;;;;;;;;;;;;;;;;;;;;;;;;;;;;;;;;;;;;;;;;;;;;;;;;;;;;;;;;;;;;;;;;;;;;;;;;
2;0;14;12;0;Inst_task;0;undefined;undefined;undefined;undefined;white;xpyriment;legacy;legacy;0;uniform;undefined;l;undefined;undefined;undefined;3;49;50;1;0;1;1;0;49;1;0;0;1;1;0;0;0;1;0;0;0;49;1;1;0;1;51;1;0;1;undefined;618;-514;06/08/2021 11:12;The main experiment item;yes;;2. Instrumental.osexp;C:\Users\cncadmin\Desktop\Sara G\new task;no;mono;no;18;no;black;no;yes;768;legacy;17;17;1;1;0;C:/Users/cncadmin/Desktop/Sara G/DatiEEG/10nm2.csv;xpyriment;Kafkaesque Koffka;3.2.8;left;0;0;0;0;5;4;1;m;NA;1;1;1;78171;NA;112401;78171;20578;2;legacy;1024;2;48000;-16;experiment;10;even;602752;808148;796173;599972;137085;NA;599974;3069;796173;148034;137085;236868;603552;592749;24683;158696;3603;603552;137089;236868;137085;796173;148034;603552;137089;603552;808148;599972;3069;599974;pit experiment;0;0;0;yes;1024
INST;R1;653;;;;;;;;;;;;;;;;;;;;;;;;;;;;;;;;;;;;;;;;;;;;;;;;;;;;;;;;;;;;;;;;;;;;;;;;;;;;;;;;;;;;;;;;;;;;;;;;;;;;;;;;;;;;;;;;;;;;;;;;;;;;;;;;;;;;;;;;;;;;
INST;R1;404;;;;;;;;;;;;;;;;;;;;;;;;;;;;;;;;;;;;;;;;;;;;;;;;;;;;;;;;;;;;;;;;;;;;;;;;;;;;;;;;;;;;;;;;;;;;;;;;;;;;;;;;;;;;;;;;;;;;;;;;;;;;;;;;;;;;;;;;;;;;
INST;R1;411;;;;;;;;;;;;;;;;;;;;;;;;;;;;;;;;;;;;;;;;;;;;;;;;;;;;;;;;;;;;;;;;;;;;;;;;;;;;;;;;;;;;;;;;;;;;;;;;;;;;;;;;;;;;;;;;;;;;;;;;;;;;;;;;;;;;;;;;;;;;
INST;R1;425;;;;;;;;;;;;;;;;;;;;;;;;;;;;;;;;;;;;;;;;;;;;;;;;;;;;;;;;;;;;;;;;;;;;;;;;;;;;;;;;;;;;;;;;;;;;;;;;;;;;;;;;;;;;;;;;;;;;;;;;;;;;;;;;;;;;;;;;;;;;
2;0;14;12;0;Inst_task;0;undefined;undefined;undefined;undefined;white;xpyriment;legacy;legacy;0;uniform;undefined;l;undefined;undefined;undefined;3;50;51;1;0;1;1;0;50;1;0;0;1;1;0;0;0;1;0;0;0;50;1;1;0;1;52;1;0;1;undefined;618;-514;06/08/2021 11:12;The main experiment item;yes;;2. Instrumental.osexp;C:\Users\cncadmin\Desktop\Sara G\new task;no;mono;no;18;no;black;no;yes;768;legacy;18;18;1;1;0;C:/Users/cncadmin/Desktop/Sara G/DatiEEG/10nm2.csv;xpyriment;Kafkaesque Koffka;3.2.8;left;0;4;4;0;0;0;0;m;NA;1;1;1;78171;NA;112401;78171;20578;2;legacy;1024;2;48000;-16;experiment;10;even;602752;818696;808248;599972;137085;NA;599974;3069;808248;148034;137085;236868;603552;592749;24683;158696;3603;603552;137089;236868;137085;808248;148034;603552;137089;603552;818696;599972;3069;599974;pit experiment;0;0;0;yes;1024
INST;R2;621;;;;;;;;;;;;;;;;;;;;;;;;;;;;;;;;;;;;;;;;;;;;;;;;;;;;;;;;;;;;;;;;;;;;;;;;;;;;;;;;;;;;;;;;;;;;;;;;;;;;;;;;;;;;;;;;;;;;;;;;;;;;;;;;;;;;;;;;;;;;
INST;R2;1064;;;;;;;;;;;;;;;;;;;;;;;;;;;;;;;;;;;;;;;;;;;;;;;;;;;;;;;;;;;;;;;;;;;;;;;;;;;;;;;;;;;;;;;;;;;;;;;;;;;;;;;;;;;;;;;;;;;;;;;;;;;;;;;;;;;;;;;;;;;;
INST;R2;624;;;;;;;;;;;;;;;;;;;;;;;;;;;;;;;;;;;;;;;;;;;;;;;;;;;;;;;;;;;;;;;;;;;;;;;;;;;;;;;;;;;;;;;;;;;;;;;;;;;;;;;;;;;;;;;;;;;;;;;;;;;;;;;;;;;;;;;;;;;;
INST;R2;767;;;;;;;;;;;;;;;;;;;;;;;;;;;;;;;;;;;;;;;;;;;;;;;;;;;;;;;;;;;;;;;;;;;;;;;;;;;;;;;;;;;;;;;;;;;;;;;;;;;;;;;;;;;;;;;;;;;;;;;;;;;;;;;;;;;;;;;;;;;;
2;0;14;13;0;Inst_task;0;undefined;undefined;undefined;undefined;white;xpyriment;legacy;legacy;0;uniform;undefined;l;undefined;undefined;undefined;3;51;52;1;0;1;1;0;51;1;0;0;1;1;0;0;0;1;0;0;0;51;1;1;0;1;53;1;0;1;undefined;618;-514;06/08/2021 11:12;The main experiment item;yes;;2. Instrumental.osexp;C:\Users\cncadmin\Desktop\Sara G\new task;no;mono;no;18;no;black;no;yes;768;legacy;19;19;1;1;0;C:/Users/cncadmin/Desktop/Sara G/DatiEEG/10nm2.csv;xpyriment;Kafkaesque Koffka;3.2.8;left;0;0;0;0;4;3;1;z;NA;1;1;1;78171;NA;112401;78171;20578;2;legacy;1024;2;48000;-16;experiment;10;even;602752;830676;818767;599972;137085;NA;599974;3069;818767;148034;137085;236868;603552;592749;24683;158696;3603;603552;137089;236868;137085;818767;148034;603552;137089;603552;830676;599972;3069;599974;pit experiment;0;0;0;yes;1024
INST;R1;579;;;;;;;;;;;;;;;;;;;;;;;;;;;;;;;;;;;;;;;;;;;;;;;;;;;;;;;;;;;;;;;;;;;;;;;;;;;;;;;;;;;;;;;;;;;;;;;;;;;;;;;;;;;;;;;;;;;;;;;;;;;;;;;;;;;;;;;;;;;;
INST;R1;656;;;;;;;;;;;;;;;;;;;;;;;;;;;;;;;;;;;;;;;;;;;;;;;;;;;;;;;;;;;;;;;;;;;;;;;;;;;;;;;;;;;;;;;;;;;;;;;;;;;;;;;;;;;;;;;;;;;;;;;;;;;;;;;;;;;;;;;;;;;;
INST;R1;625;;;;;;;;;;;;;;;;;;;;;;;;;;;;;;;;;;;;;;;;;;;;;;;;;;;;;;;;;;;;;;;;;;;;;;;;;;;;;;;;;;;;;;;;;;;;;;;;;;;;;;;;;;;;;;;;;;;;;;;;;;;;;;;;;;;;;;;;;;;;
INST;R1;648;;;;;;;;;;;;;;;;;;;;;;;;;;;;;;;;;;;;;;;;;;;;;;;;;;;;;;;;;;;;;;;;;;;;;;;;;;;;;;;;;;;;;;;;;;;;;;;;;;;;;;;;;;;;;;;;;;;;;;;;;;;;;;;;;;;;;;;;;;;;
2;0;14;13;0;Inst_task;0;undefined;undefined;undefined;undefined;white;xpyriment;legacy;legacy;0;uniform;undefined;l;undefined;undefined;undefined;3;52;53;1;0;1;1;0;52;1;0;0;1;1;0;0;0;1;0;0;0;52;1;1;0;1;54;1;0;1;undefined;618;-514;06/08/2021 11:12;The main experiment item;yes;;2. Instrumental.osexp;C:\Users\cncadmin\Desktop\Sara G\new task;no;mono;no;18;no;black;no;yes;768;legacy;20;20;1;1;0;C:/Users/cncadmin/Desktop/Sara G/DatiEEG/10nm2.csv;xpyriment;Kafkaesque Koffka;3.2.8;left;0;4;4;0;0;0;0;m;NA;1;1;1;78171;NA;112401;78171;20578;2;legacy;1024;2;48000;-16;experiment;10;even;602752;842020;830761;599972;137085;NA;599974;3069;830761;148034;137085;236868;603552;592749;24683;158696;3603;603552;137089;236868;137085;830761;148034;603552;137089;603552;842020;599972;3069;599974;pit experiment;0;0;0;yes;1024
INST;R2;499;;;;;;;;;;;;;;;;;;;;;;;;;;;;;;;;;;;;;;;;;;;;;;;;;;;;;;;;;;;;;;;;;;;;;;;;;;;;;;;;;;;;;;;;;;;;;;;;;;;;;;;;;;;;;;;;;;;;;;;;;;;;;;;;;;;;;;;;;;;;
INST;R2;696;;;;;;;;;;;;;;;;;;;;;;;;;;;;;;;;;;;;;;;;;;;;;;;;;;;;;;;;;;;;;;;;;;;;;;;;;;;;;;;;;;;;;;;;;;;;;;;;;;;;;;;;;;;;;;;;;;;;;;;;;;;;;;;;;;;;;;;;;;;;
INST;R2;928;;;;;;;;;;;;;;;;;;;;;;;;;;;;;;;;;;;;;;;;;;;;;;;;;;;;;;;;;;;;;;;;;;;;;;;;;;;;;;;;;;;;;;;;;;;;;;;;;;;;;;;;;;;;;;;;;;;;;;;;;;;;;;;;;;;;;;;;;;;;
INST;R2;712;;;;;;;;;;;;;;;;;;;;;;;;;;;;;;;;;;;;;;;;;;;;;;;;;;;;;;;;;;;;;;;;;;;;;;;;;;;;;;;;;;;;;;;;;;;;;;;;;;;;;;;;;;;;;;;;;;;;;;;;;;;;;;;;;;;;;;;;;;;;
2;0;14;13;0;Inst_task;0;undefined;undefined;undefined;undefined;white;xpyriment;legacy;legacy;0;uniform;undefined;l;undefined;undefined;undefined;3;53;54;1;0;1;1;0;53;1;0;0;1;1;0;0;0;1;0;0;0;53;1;1;0;1;55;1;0;1;undefined;618;-514;06/08/2021 11:12;The main experiment item;yes;;2. Instrumental.osexp;C:\Users\cncadmin\Desktop\Sara G\new task;no;mono;no;18;no;black;no;yes;768;legacy;21;21;1;1;0;C:/Users/cncadmin/Desktop/Sara G/DatiEEG/10nm2.csv;xpyriment;Kafkaesque Koffka;3.2.8;left;0;0;0;0;4;4;0;z;NA;1;1;1;78171;NA;112401;78171;20578;2;legacy;1024;2;48000;-16;experiment;10;even;602752;853413;842100;599972;137085;NA;599974;3069;842100;148034;137085;236868;603552;592749;24683;158696;3603;603552;137089;236868;137085;842100;148034;603552;137089;603552;853413;599972;3069;599974;pit experiment;0;0;0;yes;1024
INST;R1;509;;;;;;;;;;;;;;;;;;;;;;;;;;;;;;;;;;;;;;;;;;;;;;;;;;;;;;;;;;;;;;;;;;;;;;;;;;;;;;;;;;;;;;;;;;;;;;;;;;;;;;;;;;;;;;;;;;;;;;;;;;;;;;;;;;;;;;;;;;;;
INST;R1;1191;;;;;;;;;;;;;;;;;;;;;;;;;;;;;;;;;;;;;;;;;;;;;;;;;;;;;;;;;;;;;;;;;;;;;;;;;;;;;;;;;;;;;;;;;;;;;;;;;;;;;;;;;;;;;;;;;;;;;;;;;;;;;;;;;;;;;;;;;;;;
INST;R1;672;;;;;;;;;;;;;;;;;;;;;;;;;;;;;;;;;;;;;;;;;;;;;;;;;;;;;;;;;;;;;;;;;;;;;;;;;;;;;;;;;;;;;;;;;;;;;;;;;;;;;;;;;;;;;;;;;;;;;;;;;;;;;;;;;;;;;;;;;;;;
INST;R1;736;;;;;;;;;;;;;;;;;;;;;;;;;;;;;;;;;;;;;;;;;;;;;;;;;;;;;;;;;;;;;;;;;;;;;;;;;;;;;;;;;;;;;;;;;;;;;;;;;;;;;;;;;;;;;;;;;;;;;;;;;;;;;;;;;;;;;;;;;;;;
2;0;14;13;0;Inst_task;0;undefined;undefined;undefined;undefined;white;xpyriment;legacy;legacy;0;uniform;undefined;l;undefined;undefined;undefined;3;54;55;1;0;1;1;0;54;1;0;0;1;1;0;0;0;1;0;0;0;54;1;1;0;1;56;1;0;1;undefined;618;-514;06/08/2021 11:12;The main experiment item;yes;;2. Instrumental.osexp;C:\Users\cncadmin\Desktop\Sara G\new task;no;mono;no;18;no;black;no;yes;768;legacy;22;22;1;1;0;C:/Users/cncadmin/Desktop/Sara G/DatiEEG/10nm2.csv;xpyriment;Kafkaesque Koffka;3.2.8;left;0;4;4;0;0;0;0;m;NA;1;1;1;78171;NA;112401;78171;20578;2;legacy;1024;2;48000;-16;experiment;10;even;602752;865398;853511;599972;137085;NA;599974;3069;853511;148034;137085;236868;603552;592749;24683;158696;3603;603552;137089;236868;137085;853511;148034;603552;137089;603552;865398;599972;3069;599974;pit experiment;0;0;0;yes;1024
INST;R2;469;;;;;;;;;;;;;;;;;;;;;;;;;;;;;;;;;;;;;;;;;;;;;;;;;;;;;;;;;;;;;;;;;;;;;;;;;;;;;;;;;;;;;;;;;;;;;;;;;;;;;;;;;;;;;;;;;;;;;;;;;;;;;;;;;;;;;;;;;;;;
INST;R2;389;;;;;;;;;;;;;;;;;;;;;;;;;;;;;;;;;;;;;;;;;;;;;;;;;;;;;;;;;;;;;;;;;;;;;;;;;;;;;;;;;;;;;;;;;;;;;;;;;;;;;;;;;;;;;;;;;;;;;;;;;;;;;;;;;;;;;;;;;;;;
INST;R2;364;;;;;;;;;;;;;;;;;;;;;;;;;;;;;;;;;;;;;;;;;;;;;;;;;;;;;;;;;;;;;;;;;;;;;;;;;;;;;;;;;;;;;;;;;;;;;;;;;;;;;;;;;;;;;;;;;;;;;;;;;;;;;;;;;;;;;;;;;;;;
INST;R2;356;;;;;;;;;;;;;;;;;;;;;;;;;;;;;;;;;;;;;;;;;;;;;;;;;;;;;;;;;;;;;;;;;;;;;;;;;;;;;;;;;;;;;;;;;;;;;;;;;;;;;;;;;;;;;;;;;;;;;;;;;;;;;;;;;;;;;;;;;;;;
INST;R2;427;;;;;;;;;;;;;;;;;;;;;;;;;;;;;;;;;;;;;;;;;;;;;;;;;;;;;;;;;;;;;;;;;;;;;;;;;;;;;;;;;;;;;;;;;;;;;;;;;;;;;;;;;;;;;;;;;;;;;;;;;;;;;;;;;;;;;;;;;;;;
2;0;14;13;0;Inst_task;0;undefined;undefined;undefined;undefined;white;xpyriment;legacy;legacy;0;uniform;undefined;l;undefined;undefined;undefined;3;55;56;1;0;1;1;0;55;1;0;0;1;1;0;0;0;1;0;0;0;55;1;1;0;1;57;1;0;1;undefined;618;-514;06/08/2021 11:12;The main experiment item;yes;;2. Instrumental.osexp;C:\Users\cncadmin\Desktop\Sara G\new task;no;mono;no;18;no;black;no;yes;768;legacy;23;23;1;1;0;C:/Users/cncadmin/Desktop/Sara G/DatiEEG/10nm2.csv;xpyriment;Kafkaesque Koffka;3.2.8;left;0;0;0;0;5;5;0;z;NA;1;1;1;78171;NA;112401;78171;20578;2;legacy;1024;2;48000;-16;experiment;10;even;602752;877214;865757;599972;137085;NA;599974;3069;865757;148034;137085;236868;603552;592749;24683;158696;3603;603552;137089;236868;137085;865757;148034;603552;137089;603552;877214;599972;3069;599974;pit experiment;0;0;0;yes;1024
INST;R1;495;;;;;;;;;;;;;;;;;;;;;;;;;;;;;;;;;;;;;;;;;;;;;;;;;;;;;;;;;;;;;;;;;;;;;;;;;;;;;;;;;;;;;;;;;;;;;;;;;;;;;;;;;;;;;;;;;;;;;;;;;;;;;;;;;;;;;;;;;;;;
INST;R1;437;;;;;;;;;;;;;;;;;;;;;;;;;;;;;;;;;;;;;;;;;;;;;;;;;;;;;;;;;;;;;;;;;;;;;;;;;;;;;;;;;;;;;;;;;;;;;;;;;;;;;;;;;;;;;;;;;;;;;;;;;;;;;;;;;;;;;;;;;;;;
INST;R1;352;;;;;;;;;;;;;;;;;;;;;;;;;;;;;;;;;;;;;;;;;;;;;;;;;;;;;;;;;;;;;;;;;;;;;;;;;;;;;;;;;;;;;;;;;;;;;;;;;;;;;;;;;;;;;;;;;;;;;;;;;;;;;;;;;;;;;;;;;;;;
INST;R1;409;;;;;;;;;;;;;;;;;;;;;;;;;;;;;;;;;;;;;;;;;;;;;;;;;;;;;;;;;;;;;;;;;;;;;;;;;;;;;;;;;;;;;;;;;;;;;;;;;;;;;;;;;;;;;;;;;;;;;;;;;;;;;;;;;;;;;;;;;;;;
INST;R1;858;;;;;;;;;;;;;;;;;;;;;;;;;;;;;;;;;;;;;;;;;;;;;;;;;;;;;;;;;;;;;;;;;;;;;;;;;;;;;;;;;;;;;;;;;;;;;;;;;;;;;;;;;;;;;;;;;;;;;;;;;;;;;;;;;;;;;;;;;;;;
2;0;16;13;0;Inst_task;0;undefined;undefined;undefined;undefined;white;xpyriment;legacy;legacy;0;uniform;undefined;l;undefined;undefined;undefined;3;56;57;1;0;1;1;0;56;1;0;0;1;1;0;0;0;1;0;0;0;56;1;1;0;1;58;1;0;1;undefined;618;-514;06/08/2021 11:12;The main experiment item;yes;;2. Instrumental.osexp;C:\Users\cncadmin\Desktop\Sara G\new task;no;mono;no;18;no;black;no;yes;768;legacy;24;24;1;1;0;C:/Users/cncadmin/Desktop/Sara G/DatiEEG/10nm2.csv;xpyriment;Kafkaesque Koffka;3.2.8;left;0;5;3;2;0;0;0;z;NA;1;1;1;78171;NA;112401;78171;20578;2;legacy;1024;2;48000;-16;experiment;10;even;602752;889672;877271;599972;137085;NA;599974;3069;877272;148034;137085;236868;603552;592749;24683;158696;3603;603552;137089;236868;137085;877271;148034;603552;137089;603552;889672;599972;3069;599974;pit experiment;0;0;0;yes;1024
INST;R2;524;;;;;;;;;;;;;;;;;;;;;;;;;;;;;;;;;;;;;;;;;;;;;;;;;;;;;;;;;;;;;;;;;;;;;;;;;;;;;;;;;;;;;;;;;;;;;;;;;;;;;;;;;;;;;;;;;;;;;;;;;;;;;;;;;;;;;;;;;;;;
INST;R2;382;;;;;;;;;;;;;;;;;;;;;;;;;;;;;;;;;;;;;;;;;;;;;;;;;;;;;;;;;;;;;;;;;;;;;;;;;;;;;;;;;;;;;;;;;;;;;;;;;;;;;;;;;;;;;;;;;;;;;;;;;;;;;;;;;;;;;;;;;;;;
INST;R2;384;;;;;;;;;;;;;;;;;;;;;;;;;;;;;;;;;;;;;;;;;;;;;;;;;;;;;;;;;;;;;;;;;;;;;;;;;;;;;;;;;;;;;;;;;;;;;;;;;;;;;;;;;;;;;;;;;;;;;;;;;;;;;;;;;;;;;;;;;;;;
INST;R2;370;;;;;;;;;;;;;;;;;;;;;;;;;;;;;;;;;;;;;;;;;;;;;;;;;;;;;;;;;;;;;;;;;;;;;;;;;;;;;;;;;;;;;;;;;;;;;;;;;;;;;;;;;;;;;;;;;;;;;;;;;;;;;;;;;;;;;;;;;;;;
INST;R2;408;;;;;;;;;;;;;;;;;;;;;;;;;;;;;;;;;;;;;;;;;;;;;;;;;;;;;;;;;;;;;;;;;;;;;;;;;;;;;;;;;;;;;;;;;;;;;;;;;;;;;;;;;;;;;;;;;;;;;;;;;;;;;;;;;;;;;;;;;;;;
2;0;16;13;0;Inst_task;0;undefined;undefined;undefined;undefined;white;xpyriment;legacy;legacy;0;uniform;undefined;l;undefined;undefined;undefined;3;57;58;1;0;1;1;0;57;1;0;0;1;1;0;0;0;1;0;0;0;57;1;1;0;1;59;1;0;1;undefined;618;-514;06/08/2021 11:12;The main experiment item;yes;;2. Instrumental.osexp;C:\Users\cncadmin\Desktop\Sara G\new task;no;mono;no;18;no;black;no;yes;768;legacy;25;25;1;1;0;C:/Users/cncadmin/Desktop/Sara G/DatiEEG/10nm2.csv;xpyriment;Kafkaesque Koffka;3.2.8;left;0;0;0;0;5;5;0;z;NA;1;1;1;78171;NA;112401;78171;20578;2;legacy;1024;2;48000;-16;experiment;10;even;602752;901424;889784;599972;137085;NA;599974;3069;889784;148034;137085;236868;603552;592749;24683;158696;3603;603552;137089;236868;137085;889784;148034;603552;137089;603552;901424;599972;3069;599974;pit experiment;0;0;0;yes;1024
INST;R2;585;;;;;;;;;;;;;;;;;;;;;;;;;;;;;;;;;;;;;;;;;;;;;;;;;;;;;;;;;;;;;;;;;;;;;;;;;;;;;;;;;;;;;;;;;;;;;;;;;;;;;;;;;;;;;;;;;;;;;;;;;;;;;;;;;;;;;;;;;;;;
INST;R2;400;;;;;;;;;;;;;;;;;;;;;;;;;;;;;;;;;;;;;;;;;;;;;;;;;;;;;;;;;;;;;;;;;;;;;;;;;;;;;;;;;;;;;;;;;;;;;;;;;;;;;;;;;;;;;;;;;;;;;;;;;;;;;;;;;;;;;;;;;;;;
INST;R2;352;;;;;;;;;;;;;;;;;;;;;;;;;;;;;;;;;;;;;;;;;;;;;;;;;;;;;;;;;;;;;;;;;;;;;;;;;;;;;;;;;;;;;;;;;;;;;;;;;;;;;;;;;;;;;;;;;;;;;;;;;;;;;;;;;;;;;;;;;;;;
INST;R2;347;;;;;;;;;;;;;;;;;;;;;;;;;;;;;;;;;;;;;;;;;;;;;;;;;;;;;;;;;;;;;;;;;;;;;;;;;;;;;;;;;;;;;;;;;;;;;;;;;;;;;;;;;;;;;;;;;;;;;;;;;;;;;;;;;;;;;;;;;;;;
INST;R2;1310;;;;;;;;;;;;;;;;;;;;;;;;;;;;;;;;;;;;;;;;;;;;;;;;;;;;;;;;;;;;;;;;;;;;;;;;;;;;;;;;;;;;;;;;;;;;;;;;;;;;;;;;;;;;;;;;;;;;;;;;;;;;;;;;;;;;;;;;;;;;
2;0;16;15;0;Inst_task;0;undefined;undefined;undefined;undefined;white;xpyriment;legacy;legacy;0;uniform;undefined;l;undefined;undefined;undefined;3;58;59;1;0;1;1;0;58;1;0;0;1;1;0;0;0;1;0;0;0;58;1;1;0;1;60;1;0;1;undefined;618;-514;06/08/2021 11:12;The main experiment item;yes;;2. Instrumental.osexp;C:\Users\cncadmin\Desktop\Sara G\new task;no;mono;no;18;no;black;no;yes;768;legacy;26;26;1;1;0;C:/Users/cncadmin/Desktop/Sara G/DatiEEG/10nm2.csv;xpyriment;Kafkaesque Koffka;3.2.8;left;0;0;0;0;5;3;2;z;NA;1;1;1;78171;NA;112401;78171;20578;2;legacy;1024;2;48000;-16;experiment;10;even;602752;914177;901633;599972;137085;NA;599974;3069;901633;148034;137085;236868;603552;592749;24683;158696;3603;603552;137089;236868;137085;901633;148034;603552;137089;603552;914177;599972;3069;599974;pit experiment;0;0;0;yes;1024
3;0;16;15;0;Inst_question;0;undefined;undefined;undefined;undefined;white;xpyriment;legacy;legacy;0;uniform;undefined;l;undefined;undefined;undefined;4;58;59;2;0;1;2;0;58;1;0;0;1;1;0;0;0;1;0;0;0;58;1;1;0;1;61;2;0;2;undefined;618;-514;06/08/2021 11:12;The main experiment item;yes;;2. Instrumental.osexp;C:\Users\cncadmin\Desktop\Sara G\new task;no;mono;no;18;no;black;no;yes;768;legacy;0;27;1;1;0;C:/Users/cncadmin/Desktop/Sara G/DatiEEG/10nm2.csv;xpyriment;Kafkaesque Koffka;3.2.8;left;0;0;0;0;5;3;2;l;NA;1;1;1;78171;NA;112401;78171;20578;2;legacy;1024;2;48000;-16;experiment;10;even;919109;914177;901633;914751;137085;NA;914754;3069;901633;148034;137085;236868;603552;914237;24683;158696;3603;603552;137089;236868;137085;901633;148034;603552;137089;603552;919610;914751;3069;914754;pit experiment;0;0;0;yes;1024
4;0;16;15;0;Inst_question;0;undefined;undefined;undefined;undefined;white;xpyriment;legacy;legacy;0;uniform;undefined;a;undefined;undefined;undefined;5;58;59;3;0;1;3;0;58;1;0;0;1;1;0;0;0;1;0;0;0;58;1;1;0;1;62;3;0;3;undefined;618;-514;06/08/2021 11:12;The main experiment item;yes;;2. Instrumental.osexp;C:\Users\cncadmin\Desktop\Sara G\new task;no;mono;no;18;no;black;no;yes;768;legacy;1;27;1;1;0;C:/Users/cncadmin/Desktop/Sara G/DatiEEG/10nm2.csv;xpyriment;Kafkaesque Koffka;3.2.8;right;0;0;0;0;5;3;2;a;NA;1;1;1;78171;NA;112401;78171;20578;2;legacy;1024;2;48000;-16;experiment;10;even;923381;914177;901633;920183;137085;NA;920186;3069;901633;148034;137085;236868;603552;914237;24683;158696;3603;603552;137089;236868;137085;901633;148034;603552;137089;603552;923881;920183;3069;920185;pit experiment;0;0;0;yes;1024
