INST;R1;588;;;;;;;;;;;;;;;;;;;;;;;;;;;;;;;;;;;;;;;;;;;;;;;;;;;;;;;;;;;;;;;;;;;;;;;;;;;;;;;;;;;;;;;;;;;;;;;;;;;;;;;;;;;;;;;;;;;;;;;;;;;;;;;;;;;;;;;;;;;;
INST;R1;744;;;;;;;;;;;;;;;;;;;;;;;;;;;;;;;;;;;;;;;;;;;;;;;;;;;;;;;;;;;;;;;;;;;;;;;;;;;;;;;;;;;;;;;;;;;;;;;;;;;;;;;;;;;;;;;;;;;;;;;;;;;;;;;;;;;;;;;;;;;;
INST;R1;727;;;;;;;;;;;;;;;;;;;;;;;;;;;;;;;;;;;;;;;;;;;;;;;;;;;;;;;;;;;;;;;;;;;;;;;;;;;;;;;;;;;;;;;;;;;;;;;;;;;;;;;;;;;;;;;;;;;;;;;;;;;;;;;;;;;;;;;;;;;;
INST;R2;1856;;;;;;;;;;;;;;;;;;;;;;;;;;;;;;;;;;;;;;;;;;;;;;;;;;;;;;;;;;;;;;;;;;;;;;;;;;;;;;;;;;;;;;;;;;;;;;;;;;;;;;;;;;;;;;;;;;;;;;;;;;;;;;;;;;;;;;;;;;;;
CorrRes;ITI;Res01rewCum;Res02rewCum;ResTotal;TASK;Wrong;acc;accuracy;average_response_time;avg_rt;background;canvas_backend;clock_backend;color_backend;compensation;coordinates;correct;correctAnswer;correct_instructions_inst;correct_instructions_inst_2;correct_instructions_start;count_ITI_questions;count_count_rewards;count_define_task_1;count_define_task_2;count_empty;count_end;count_evaluate_answer;count_experiment;count_inline_instrumental;count_inline_instrumental_1;count_inline_variabili;count_inline_variabili_ins_1;count_inline_variabili_ins_2;count_inst_questions;count_instructions_inst;count_instructions_inst_2;count_instructions_start;count_instrumental_loop;count_instrumental_loop_1;count_instrumental_loop_complete;count_instrumental_practice;count_instrumental_sequence;count_instrumental_sequence_2;count_instrumental_sequence_complete;count_instrumental_sequence_complete_1;count_learning_criteria;count_logger;count_new_sequence_1;count_open_triggerEEG;count_question_1;cursor_roi;cursor_x;cursor_y;datetime;description;disable_garbage_collection;empty_column;experiment_file;experiment_path;font_bold;font_family;font_italic;font_size;font_underline;foreground;form_clicks;fullscreen;height;keyboard_backend;live_row;live_row_instrumental_loop;live_row_instrumental_loop_1;live_row_instrumental_loop_complete;live_row_instrumental_practice;logfile;mouse_backend;opensesame_codename;opensesame_version;question;repeat_cycle;resO1;resO1nul;resO1reward;resO2;resO2nul;resO2reward;response;response_end;response_instructions_inst;response_instructions_inst_2;response_instructions_start;response_time;response_time_end;response_time_instructions_inst;response_time_instructions_inst_2;response_time_instructions_start;round_decimals;sampler_backend;sound_buf_size;sound_channels;sound_freq;sound_sample_size;start;subject_nr;subject_parity;time_ITI_questions;time_count_rewards;time_define_task_1;time_define_task_2;time_empty;time_end;time_evaluate_answer;time_experiment;time_inline_instrumental;time_inline_instrumental_1;time_inline_variabili;time_inline_variabili_ins_1;time_inline_variabili_ins_2;time_inst_questions;time_instructions_inst;time_instructions_inst_2;time_instructions_start;time_instrumental_loop;time_instrumental_loop_1;time_instrumental_loop_complete;time_instrumental_practice;time_instrumental_sequence;time_instrumental_sequence_2;time_instrumental_sequence_complete;time_instrumental_sequence_complete_1;time_learning_criteria;time_logger;time_new_sequence_1;time_open_triggerEEG;time_question_1;title;total_correct;total_response_time;total_responses;uniform_coordinates;width
0;0;1;0;0;Inst_task;0;undefined;undefined;undefined;undefined;white;xpyriment;legacy;legacy;0;uniform;undefined;NA;undefined;undefined;undefined;1;0;1;NA;0;0;NA;0;0;5;0;0;0;0;0;0;0;0;0;0;0;0;5;0;0;0;0;NA;0;NA;undefined;0;0;11/30/21 11:04:20;The main experiment item;yes;;2. Instrumental.osexp;C:\Users\cncadmin\Desktop\Sara G\new task;no;mono;no;18;no;black;no;yes;768;legacy;0;0;5;0;0;C:/Users/cncadmin/Desktop/Sara G/DatiEEG/42ag2.csv;xpyriment;Kafkaesque Koffka;3.2.8;NA;0;3;2;1;1;1;0;z;NA;1;1;1;15246;NA;141616;15246;1974;2;legacy;1024;2;48000;-16;experiment;42;even;5285;241762;229430;NA;147404;NA;NA;2783;229430;203648;147405;229259;229406;NA;5787;214013;3310;229406;147408;229259;147405;229430;203648;229405;147408;229406;241762;NA;2784;NA;pit experiment;0;0;0;yes;1024
INST;R2;1278;;;;;;;;;;;;;;;;;;;;;;;;;;;;;;;;;;;;;;;;;;;;;;;;;;;;;;;;;;;;;;;;;;;;;;;;;;;;;;;;;;;;;;;;;;;;;;;;;;;;;;;;;;;;;;;;;;;;;;;;;;;;;;;;;;;;;;;;;;;;
INST;R2;688;;;;;;;;;;;;;;;;;;;;;;;;;;;;;;;;;;;;;;;;;;;;;;;;;;;;;;;;;;;;;;;;;;;;;;;;;;;;;;;;;;;;;;;;;;;;;;;;;;;;;;;;;;;;;;;;;;;;;;;;;;;;;;;;;;;;;;;;;;;;
INST;R2;696;;;;;;;;;;;;;;;;;;;;;;;;;;;;;;;;;;;;;;;;;;;;;;;;;;;;;;;;;;;;;;;;;;;;;;;;;;;;;;;;;;;;;;;;;;;;;;;;;;;;;;;;;;;;;;;;;;;;;;;;;;;;;;;;;;;;;;;;;;;;
INST;R2;935;;;;;;;;;;;;;;;;;;;;;;;;;;;;;;;;;;;;;;;;;;;;;;;;;;;;;;;;;;;;;;;;;;;;;;;;;;;;;;;;;;;;;;;;;;;;;;;;;;;;;;;;;;;;;;;;;;;;;;;;;;;;;;;;;;;;;;;;;;;;
0;0;1;1;0;Inst_task;0;undefined;undefined;undefined;undefined;white;xpyriment;legacy;legacy;0;uniform;undefined;NA;undefined;undefined;undefined;1;1;2;NA;0;0;NA;0;1;5;0;0;0;0;0;0;0;0;0;0;0;1;5;0;0;0;1;NA;0;NA;undefined;0;0;11/30/21 11:04:20;The main experiment item;yes;;2. Instrumental.osexp;C:\Users\cncadmin\Desktop\Sara G\new task;no;mono;no;18;no;black;no;yes;768;legacy;1;1;5;0;0;C:/Users/cncadmin/Desktop/Sara G/DatiEEG/42ag2.csv;xpyriment;Kafkaesque Koffka;3.2.8;NA;0;0;0;0;4;3;1;m;NA;1;1;1;15246;NA;141616;15246;1974;2;legacy;1024;2;48000;-16;experiment;42;even;5285;254037;241885;NA;147404;NA;NA;2783;241885;203648;147405;229259;229406;NA;5787;214013;3310;229406;147408;229259;147405;241885;203648;229405;147408;229406;254037;NA;2784;NA;pit experiment;0;0;0;yes;1024
INST;R1;864;;;;;;;;;;;;;;;;;;;;;;;;;;;;;;;;;;;;;;;;;;;;;;;;;;;;;;;;;;;;;;;;;;;;;;;;;;;;;;;;;;;;;;;;;;;;;;;;;;;;;;;;;;;;;;;;;;;;;;;;;;;;;;;;;;;;;;;;;;;;
INST;R1;648;;;;;;;;;;;;;;;;;;;;;;;;;;;;;;;;;;;;;;;;;;;;;;;;;;;;;;;;;;;;;;;;;;;;;;;;;;;;;;;;;;;;;;;;;;;;;;;;;;;;;;;;;;;;;;;;;;;;;;;;;;;;;;;;;;;;;;;;;;;;
INST;R1;479;;;;;;;;;;;;;;;;;;;;;;;;;;;;;;;;;;;;;;;;;;;;;;;;;;;;;;;;;;;;;;;;;;;;;;;;;;;;;;;;;;;;;;;;;;;;;;;;;;;;;;;;;;;;;;;;;;;;;;;;;;;;;;;;;;;;;;;;;;;;
INST;R1;682;;;;;;;;;;;;;;;;;;;;;;;;;;;;;;;;;;;;;;;;;;;;;;;;;;;;;;;;;;;;;;;;;;;;;;;;;;;;;;;;;;;;;;;;;;;;;;;;;;;;;;;;;;;;;;;;;;;;;;;;;;;;;;;;;;;;;;;;;;;;
0;0;1;1;0;Inst_task;0;undefined;undefined;undefined;undefined;white;xpyriment;legacy;legacy;0;uniform;undefined;NA;undefined;undefined;undefined;1;2;3;NA;0;0;NA;0;2;5;0;0;0;0;0;0;0;0;0;0;0;2;5;0;0;0;2;NA;0;NA;undefined;0;0;11/30/21 11:04:20;The main experiment item;yes;;2. Instrumental.osexp;C:\Users\cncadmin\Desktop\Sara G\new task;no;mono;no;18;no;black;no;yes;768;legacy;2;2;5;0;0;C:/Users/cncadmin/Desktop/Sara G/DatiEEG/42ag2.csv;xpyriment;Kafkaesque Koffka;3.2.8;NA;0;4;4;0;0;0;0;z;NA;1;1;1;15246;NA;141616;15246;1974;2;legacy;1024;2;48000;-16;experiment;42;even;5285;265519;254115;NA;147404;NA;NA;2783;254115;203648;147405;229259;229406;NA;5787;214013;3310;229406;147408;229259;147405;254115;203648;229405;147408;229406;265519;NA;2784;NA;pit experiment;0;0;0;yes;1024
INST;R2;910;;;;;;;;;;;;;;;;;;;;;;;;;;;;;;;;;;;;;;;;;;;;;;;;;;;;;;;;;;;;;;;;;;;;;;;;;;;;;;;;;;;;;;;;;;;;;;;;;;;;;;;;;;;;;;;;;;;;;;;;;;;;;;;;;;;;;;;;;;;;
INST;R2;696;;;;;;;;;;;;;;;;;;;;;;;;;;;;;;;;;;;;;;;;;;;;;;;;;;;;;;;;;;;;;;;;;;;;;;;;;;;;;;;;;;;;;;;;;;;;;;;;;;;;;;;;;;;;;;;;;;;;;;;;;;;;;;;;;;;;;;;;;;;;
INST;R2;944;;;;;;;;;;;;;;;;;;;;;;;;;;;;;;;;;;;;;;;;;;;;;;;;;;;;;;;;;;;;;;;;;;;;;;;;;;;;;;;;;;;;;;;;;;;;;;;;;;;;;;;;;;;;;;;;;;;;;;;;;;;;;;;;;;;;;;;;;;;;
INST;R2;808;;;;;;;;;;;;;;;;;;;;;;;;;;;;;;;;;;;;;;;;;;;;;;;;;;;;;;;;;;;;;;;;;;;;;;;;;;;;;;;;;;;;;;;;;;;;;;;;;;;;;;;;;;;;;;;;;;;;;;;;;;;;;;;;;;;;;;;;;;;;
0;0;1;3;0;Inst_task;0;undefined;undefined;undefined;undefined;white;xpyriment;legacy;legacy;0;uniform;undefined;NA;undefined;undefined;undefined;1;3;4;NA;0;0;NA;0;3;5;0;0;0;0;0;0;0;0;0;0;0;3;5;0;0;0;3;NA;0;NA;undefined;0;0;11/30/21 11:04:20;The main experiment item;yes;;2. Instrumental.osexp;C:\Users\cncadmin\Desktop\Sara G\new task;no;mono;no;18;no;black;no;yes;768;legacy;3;3;5;0;0;C:/Users/cncadmin/Desktop/Sara G/DatiEEG/42ag2.csv;xpyriment;Kafkaesque Koffka;3.2.8;NA;0;0;0;0;4;2;2;z;NA;1;1;1;15246;NA;141616;15246;1974;2;legacy;1024;2;48000;-16;experiment;42;even;5285;277702;265613;NA;147404;NA;NA;2783;265613;203648;147405;229259;229406;NA;5787;214013;3310;229406;147408;229259;147405;265613;203648;229405;147408;229406;277702;NA;2784;NA;pit experiment;0;0;0;yes;1024
INST;R1;751;;;;;;;;;;;;;;;;;;;;;;;;;;;;;;;;;;;;;;;;;;;;;;;;;;;;;;;;;;;;;;;;;;;;;;;;;;;;;;;;;;;;;;;;;;;;;;;;;;;;;;;;;;;;;;;;;;;;;;;;;;;;;;;;;;;;;;;;;;;;
INST;R1;695;;;;;;;;;;;;;;;;;;;;;;;;;;;;;;;;;;;;;;;;;;;;;;;;;;;;;;;;;;;;;;;;;;;;;;;;;;;;;;;;;;;;;;;;;;;;;;;;;;;;;;;;;;;;;;;;;;;;;;;;;;;;;;;;;;;;;;;;;;;;
INST;R1;736;;;;;;;;;;;;;;;;;;;;;;;;;;;;;;;;;;;;;;;;;;;;;;;;;;;;;;;;;;;;;;;;;;;;;;;;;;;;;;;;;;;;;;;;;;;;;;;;;;;;;;;;;;;;;;;;;;;;;;;;;;;;;;;;;;;;;;;;;;;;
INST;R1;696;;;;;;;;;;;;;;;;;;;;;;;;;;;;;;;;;;;;;;;;;;;;;;;;;;;;;;;;;;;;;;;;;;;;;;;;;;;;;;;;;;;;;;;;;;;;;;;;;;;;;;;;;;;;;;;;;;;;;;;;;;;;;;;;;;;;;;;;;;;;
0;0;1;3;0;Inst_task;0;undefined;undefined;undefined;undefined;white;xpyriment;legacy;legacy;0;uniform;undefined;NA;undefined;undefined;undefined;1;4;5;NA;0;0;NA;0;4;5;0;0;0;0;0;0;0;0;0;0;0;4;5;0;0;0;4;NA;0;NA;undefined;0;0;11/30/21 11:04:20;The main experiment item;yes;;2. Instrumental.osexp;C:\Users\cncadmin\Desktop\Sara G\new task;no;mono;no;18;no;black;no;yes;768;legacy;4;4;5;0;0;C:/Users/cncadmin/Desktop/Sara G/DatiEEG/42ag2.csv;xpyriment;Kafkaesque Koffka;3.2.8;NA;0;4;4;0;0;0;0;m;NA;1;1;1;15246;NA;141616;15246;1974;2;legacy;1024;2;48000;-16;experiment;42;even;5285;289128;277805;NA;147404;NA;NA;2783;277805;203648;147405;229259;229406;NA;5787;214013;3310;229406;147408;229259;147405;277805;203648;229405;147408;229406;289128;NA;2784;NA;pit experiment;0;0;0;yes;1024
INST;R1;586;;;;;;;;;;;;;;;;;;;;;;;;;;;;;;;;;;;;;;;;;;;;;;;;;;;;;;;;;;;;;;;;;;;;;;;;;;;;;;;;;;;;;;;;;;;;;;;;;;;;;;;;;;;;;;;;;;;;;;;;;;;;;;;;;;;;;;;;;;;;
INST;R1;736;;;;;;;;;;;;;;;;;;;;;;;;;;;;;;;;;;;;;;;;;;;;;;;;;;;;;;;;;;;;;;;;;;;;;;;;;;;;;;;;;;;;;;;;;;;;;;;;;;;;;;;;;;;;;;;;;;;;;;;;;;;;;;;;;;;;;;;;;;;;
INST;R1;825;;;;;;;;;;;;;;;;;;;;;;;;;;;;;;;;;;;;;;;;;;;;;;;;;;;;;;;;;;;;;;;;;;;;;;;;;;;;;;;;;;;;;;;;;;;;;;;;;;;;;;;;;;;;;;;;;;;;;;;;;;;;;;;;;;;;;;;;;;;;
INST;R1;751;;;;;;;;;;;;;;;;;;;;;;;;;;;;;;;;;;;;;;;;;;;;;;;;;;;;;;;;;;;;;;;;;;;;;;;;;;;;;;;;;;;;;;;;;;;;;;;;;;;;;;;;;;;;;;;;;;;;;;;;;;;;;;;;;;;;;;;;;;;;
0;0;4;3;0;Inst_task;0;undefined;undefined;undefined;undefined;white;xpyriment;legacy;legacy;0;uniform;undefined;NA;undefined;undefined;undefined;1;5;6;NA;0;0;NA;0;5;5;0;0;0;0;0;0;0;0;0;0;0;5;5;0;0;0;5;NA;0;NA;undefined;0;0;11/30/21 11:04:20;The main experiment item;yes;;2. Instrumental.osexp;C:\Users\cncadmin\Desktop\Sara G\new task;no;mono;no;18;no;black;no;yes;768;legacy;5;5;5;0;0;C:/Users/cncadmin/Desktop/Sara G/DatiEEG/42ag2.csv;xpyriment;Kafkaesque Koffka;3.2.8;NA;0;4;1;3;0;0;0;z;NA;1;1;1;15246;NA;141616;15246;1974;2;legacy;1024;2;48000;-16;experiment;42;even;5285;300568;289225;NA;147404;NA;NA;2783;289225;203648;147405;229259;229406;NA;5787;214013;3310;229406;147408;229259;147405;289225;203648;229405;147408;229406;300568;NA;2784;NA;pit experiment;0;0;0;yes;1024
INST;R2;864;;;;;;;;;;;;;;;;;;;;;;;;;;;;;;;;;;;;;;;;;;;;;;;;;;;;;;;;;;;;;;;;;;;;;;;;;;;;;;;;;;;;;;;;;;;;;;;;;;;;;;;;;;;;;;;;;;;;;;;;;;;;;;;;;;;;;;;;;;;;
INST;R2;864;;;;;;;;;;;;;;;;;;;;;;;;;;;;;;;;;;;;;;;;;;;;;;;;;;;;;;;;;;;;;;;;;;;;;;;;;;;;;;;;;;;;;;;;;;;;;;;;;;;;;;;;;;;;;;;;;;;;;;;;;;;;;;;;;;;;;;;;;;;;
INST;R2;720;;;;;;;;;;;;;;;;;;;;;;;;;;;;;;;;;;;;;;;;;;;;;;;;;;;;;;;;;;;;;;;;;;;;;;;;;;;;;;;;;;;;;;;;;;;;;;;;;;;;;;;;;;;;;;;;;;;;;;;;;;;;;;;;;;;;;;;;;;;;
INST;R2;736;;;;;;;;;;;;;;;;;;;;;;;;;;;;;;;;;;;;;;;;;;;;;;;;;;;;;;;;;;;;;;;;;;;;;;;;;;;;;;;;;;;;;;;;;;;;;;;;;;;;;;;;;;;;;;;;;;;;;;;;;;;;;;;;;;;;;;;;;;;;
0;0;4;4;0;Inst_task;0;undefined;undefined;undefined;undefined;white;xpyriment;legacy;legacy;0;uniform;undefined;NA;undefined;undefined;undefined;1;6;7;NA;0;0;NA;0;6;5;0;0;0;0;0;0;0;0;0;0;0;6;5;0;0;0;6;NA;0;NA;undefined;0;0;11/30/21 11:04:20;The main experiment item;yes;;2. Instrumental.osexp;C:\Users\cncadmin\Desktop\Sara G\new task;no;mono;no;18;no;black;no;yes;768;legacy;6;6;5;0;0;C:/Users/cncadmin/Desktop/Sara G/DatiEEG/42ag2.csv;xpyriment;Kafkaesque Koffka;3.2.8;NA;0;0;0;0;4;3;1;m;NA;1;1;1;15246;NA;141616;15246;1974;2;legacy;1024;2;48000;-16;experiment;42;even;5285;312585;300646;NA;147404;NA;NA;2783;300646;203648;147405;229259;229406;NA;5787;214013;3310;229406;147408;229259;147405;300646;203648;229405;147408;229406;312585;NA;2784;NA;pit experiment;0;0;0;yes;1024
INST;R1;584;;;;;;;;;;;;;;;;;;;;;;;;;;;;;;;;;;;;;;;;;;;;;;;;;;;;;;;;;;;;;;;;;;;;;;;;;;;;;;;;;;;;;;;;;;;;;;;;;;;;;;;;;;;;;;;;;;;;;;;;;;;;;;;;;;;;;;;;;;;;
INST;R1;656;;;;;;;;;;;;;;;;;;;;;;;;;;;;;;;;;;;;;;;;;;;;;;;;;;;;;;;;;;;;;;;;;;;;;;;;;;;;;;;;;;;;;;;;;;;;;;;;;;;;;;;;;;;;;;;;;;;;;;;;;;;;;;;;;;;;;;;;;;;;
INST;R1;640;;;;;;;;;;;;;;;;;;;;;;;;;;;;;;;;;;;;;;;;;;;;;;;;;;;;;;;;;;;;;;;;;;;;;;;;;;;;;;;;;;;;;;;;;;;;;;;;;;;;;;;;;;;;;;;;;;;;;;;;;;;;;;;;;;;;;;;;;;;;
INST;R1;656;;;;;;;;;;;;;;;;;;;;;;;;;;;;;;;;;;;;;;;;;;;;;;;;;;;;;;;;;;;;;;;;;;;;;;;;;;;;;;;;;;;;;;;;;;;;;;;;;;;;;;;;;;;;;;;;;;;;;;;;;;;;;;;;;;;;;;;;;;;;
0;0;4;4;0;Inst_task;0;undefined;undefined;undefined;undefined;white;xpyriment;legacy;legacy;0;uniform;undefined;NA;undefined;undefined;undefined;1;7;8;NA;0;0;NA;0;7;5;0;0;0;0;0;0;0;0;0;0;0;7;5;0;0;0;7;NA;0;NA;undefined;0;0;11/30/21 11:04:20;The main experiment item;yes;;2. Instrumental.osexp;C:\Users\cncadmin\Desktop\Sara G\new task;no;mono;no;18;no;black;no;yes;768;legacy;7;7;5;0;0;C:/Users/cncadmin/Desktop/Sara G/DatiEEG/42ag2.csv;xpyriment;Kafkaesque Koffka;3.2.8;NA;0;4;4;0;0;0;0;z;NA;1;1;1;15246;NA;141616;15246;1974;2;legacy;1024;2;48000;-16;experiment;42;even;5285;323774;312668;NA;147404;NA;NA;2783;312668;203648;147405;229259;229406;NA;5787;214013;3310;229406;147408;229259;147405;312668;203648;229405;147408;229406;323774;NA;2784;NA;pit experiment;0;0;0;yes;1024
INST;R2;906;;;;;;;;;;;;;;;;;;;;;;;;;;;;;;;;;;;;;;;;;;;;;;;;;;;;;;;;;;;;;;;;;;;;;;;;;;;;;;;;;;;;;;;;;;;;;;;;;;;;;;;;;;;;;;;;;;;;;;;;;;;;;;;;;;;;;;;;;;;;
INST;R2;647;;;;;;;;;;;;;;;;;;;;;;;;;;;;;;;;;;;;;;;;;;;;;;;;;;;;;;;;;;;;;;;;;;;;;;;;;;;;;;;;;;;;;;;;;;;;;;;;;;;;;;;;;;;;;;;;;;;;;;;;;;;;;;;;;;;;;;;;;;;;
INST;R2;657;;;;;;;;;;;;;;;;;;;;;;;;;;;;;;;;;;;;;;;;;;;;;;;;;;;;;;;;;;;;;;;;;;;;;;;;;;;;;;;;;;;;;;;;;;;;;;;;;;;;;;;;;;;;;;;;;;;;;;;;;;;;;;;;;;;;;;;;;;;;
INST;R2;704;;;;;;;;;;;;;;;;;;;;;;;;;;;;;;;;;;;;;;;;;;;;;;;;;;;;;;;;;;;;;;;;;;;;;;;;;;;;;;;;;;;;;;;;;;;;;;;;;;;;;;;;;;;;;;;;;;;;;;;;;;;;;;;;;;;;;;;;;;;;
0;0;4;4;0;Inst_task;0;undefined;undefined;undefined;undefined;white;xpyriment;legacy;legacy;0;uniform;undefined;NA;undefined;undefined;undefined;1;8;9;NA;0;0;NA;0;8;5;0;0;0;0;0;0;0;0;0;0;0;8;5;0;0;0;8;NA;0;NA;undefined;0;0;11/30/21 11:04:20;The main experiment item;yes;;2. Instrumental.osexp;C:\Users\cncadmin\Desktop\Sara G\new task;no;mono;no;18;no;black;no;yes;768;legacy;8;8;5;0;0;C:/Users/cncadmin/Desktop/Sara G/DatiEEG/42ag2.csv;xpyriment;Kafkaesque Koffka;3.2.8;NA;0;0;0;0;4;4;0;z;NA;1;1;1;15246;NA;141616;15246;1974;2;legacy;1024;2;48000;-16;experiment;42;even;5285;335275;323875;NA;147404;NA;NA;2783;323875;203648;147405;229259;229406;NA;5787;214013;3310;229406;147408;229259;147405;323875;203648;229405;147408;229406;335275;NA;2784;NA;pit experiment;0;0;0;yes;1024
INST;R1;870;;;;;;;;;;;;;;;;;;;;;;;;;;;;;;;;;;;;;;;;;;;;;;;;;;;;;;;;;;;;;;;;;;;;;;;;;;;;;;;;;;;;;;;;;;;;;;;;;;;;;;;;;;;;;;;;;;;;;;;;;;;;;;;;;;;;;;;;;;;;
INST;R1;624;;;;;;;;;;;;;;;;;;;;;;;;;;;;;;;;;;;;;;;;;;;;;;;;;;;;;;;;;;;;;;;;;;;;;;;;;;;;;;;;;;;;;;;;;;;;;;;;;;;;;;;;;;;;;;;;;;;;;;;;;;;;;;;;;;;;;;;;;;;;
INST;R1;888;;;;;;;;;;;;;;;;;;;;;;;;;;;;;;;;;;;;;;;;;;;;;;;;;;;;;;;;;;;;;;;;;;;;;;;;;;;;;;;;;;;;;;;;;;;;;;;;;;;;;;;;;;;;;;;;;;;;;;;;;;;;;;;;;;;;;;;;;;;;
INST;R1;1263;;;;;;;;;;;;;;;;;;;;;;;;;;;;;;;;;;;;;;;;;;;;;;;;;;;;;;;;;;;;;;;;;;;;;;;;;;;;;;;;;;;;;;;;;;;;;;;;;;;;;;;;;;;;;;;;;;;;;;;;;;;;;;;;;;;;;;;;;;;;
0;0;5;4;0;Inst_task;0;undefined;undefined;undefined;undefined;white;xpyriment;legacy;legacy;0;uniform;undefined;NA;undefined;undefined;undefined;1;9;10;NA;0;0;NA;0;9;5;0;0;0;0;0;0;0;0;0;0;0;9;5;0;0;0;9;NA;0;NA;undefined;0;0;11/30/21 11:04:20;The main experiment item;yes;;2. Instrumental.osexp;C:\Users\cncadmin\Desktop\Sara G\new task;no;mono;no;18;no;black;no;yes;768;legacy;9;9;5;0;0;C:/Users/cncadmin/Desktop/Sara G/DatiEEG/42ag2.csv;xpyriment;Kafkaesque Koffka;3.2.8;NA;0;4;3;1;0;0;0;z;NA;1;1;1;15246;NA;141616;15246;1974;2;legacy;1024;2;48000;-16;experiment;42;even;5285;347567;335372;NA;147404;NA;NA;2783;335372;203648;147405;229259;229406;NA;5787;214013;3310;229406;147408;229259;147405;335372;203648;229405;147408;229406;347567;NA;2784;NA;pit experiment;0;0;0;yes;1024
INST;R2;617;;;;;;;;;;;;;;;;;;;;;;;;;;;;;;;;;;;;;;;;;;;;;;;;;;;;;;;;;;;;;;;;;;;;;;;;;;;;;;;;;;;;;;;;;;;;;;;;;;;;;;;;;;;;;;;;;;;;;;;;;;;;;;;;;;;;;;;;;;;;
INST;R2;688;;;;;;;;;;;;;;;;;;;;;;;;;;;;;;;;;;;;;;;;;;;;;;;;;;;;;;;;;;;;;;;;;;;;;;;;;;;;;;;;;;;;;;;;;;;;;;;;;;;;;;;;;;;;;;;;;;;;;;;;;;;;;;;;;;;;;;;;;;;;
INST;R2;720;;;;;;;;;;;;;;;;;;;;;;;;;;;;;;;;;;;;;;;;;;;;;;;;;;;;;;;;;;;;;;;;;;;;;;;;;;;;;;;;;;;;;;;;;;;;;;;;;;;;;;;;;;;;;;;;;;;;;;;;;;;;;;;;;;;;;;;;;;;;
INST;R2;704;;;;;;;;;;;;;;;;;;;;;;;;;;;;;;;;;;;;;;;;;;;;;;;;;;;;;;;;;;;;;;;;;;;;;;;;;;;;;;;;;;;;;;;;;;;;;;;;;;;;;;;;;;;;;;;;;;;;;;;;;;;;;;;;;;;;;;;;;;;;
0;0;5;5;0;Inst_task;0;undefined;undefined;undefined;undefined;white;xpyriment;legacy;legacy;0;uniform;undefined;NA;undefined;undefined;undefined;1;10;11;NA;0;0;NA;0;10;5;0;0;0;0;0;0;0;0;0;0;0;10;5;0;0;0;10;NA;0;NA;undefined;0;0;11/30/21 11:04:20;The main experiment item;yes;;2. Instrumental.osexp;C:\Users\cncadmin\Desktop\Sara G\new task;no;mono;no;18;no;black;no;yes;768;legacy;10;10;5;0;0;C:/Users/cncadmin/Desktop/Sara G/DatiEEG/42ag2.csv;xpyriment;Kafkaesque Koffka;3.2.8;NA;0;0;0;0;4;3;1;m;NA;1;1;1;15246;NA;141616;15246;1974;2;legacy;1024;2;48000;-16;experiment;42;even;5285;359150;347670;NA;147404;NA;NA;2783;347670;203648;147405;229259;229406;NA;5787;214013;3310;229406;147408;229259;147405;347670;203648;229405;147408;229406;359151;NA;2784;NA;pit experiment;0;0;0;yes;1024
INST;R1;936;;;;;;;;;;;;;;;;;;;;;;;;;;;;;;;;;;;;;;;;;;;;;;;;;;;;;;;;;;;;;;;;;;;;;;;;;;;;;;;;;;;;;;;;;;;;;;;;;;;;;;;;;;;;;;;;;;;;;;;;;;;;;;;;;;;;;;;;;;;;
INST;R1;745;;;;;;;;;;;;;;;;;;;;;;;;;;;;;;;;;;;;;;;;;;;;;;;;;;;;;;;;;;;;;;;;;;;;;;;;;;;;;;;;;;;;;;;;;;;;;;;;;;;;;;;;;;;;;;;;;;;;;;;;;;;;;;;;;;;;;;;;;;;;
INST;R1;736;;;;;;;;;;;;;;;;;;;;;;;;;;;;;;;;;;;;;;;;;;;;;;;;;;;;;;;;;;;;;;;;;;;;;;;;;;;;;;;;;;;;;;;;;;;;;;;;;;;;;;;;;;;;;;;;;;;;;;;;;;;;;;;;;;;;;;;;;;;;
INST;R1;968;;;;;;;;;;;;;;;;;;;;;;;;;;;;;;;;;;;;;;;;;;;;;;;;;;;;;;;;;;;;;;;;;;;;;;;;;;;;;;;;;;;;;;;;;;;;;;;;;;;;;;;;;;;;;;;;;;;;;;;;;;;;;;;;;;;;;;;;;;;;
0;0;7;5;0;Inst_task;0;undefined;undefined;undefined;undefined;white;xpyriment;legacy;legacy;0;uniform;undefined;NA;undefined;undefined;undefined;1;11;12;NA;0;0;NA;0;11;5;0;0;0;0;0;0;0;0;0;0;0;11;5;0;0;0;11;NA;0;NA;undefined;0;0;11/30/21 11:04:20;The main experiment item;yes;;2. Instrumental.osexp;C:\Users\cncadmin\Desktop\Sara G\new task;no;mono;no;18;no;black;no;yes;768;legacy;11;11;5;0;0;C:/Users/cncadmin/Desktop/Sara G/DatiEEG/42ag2.csv;xpyriment;Kafkaesque Koffka;3.2.8;NA;0;4;2;2;0;0;0;m;NA;1;1;1;15246;NA;141616;15246;1974;2;legacy;1024;2;48000;-16;experiment;42;even;5285;371594;359231;NA;147404;NA;NA;2783;359231;203648;147405;229259;229406;NA;5787;214013;3310;229406;147408;229259;147405;359231;203648;229405;147408;229406;371594;NA;2784;NA;pit experiment;0;0;0;yes;1024
INST;R2;898;;;;;;;;;;;;;;;;;;;;;;;;;;;;;;;;;;;;;;;;;;;;;;;;;;;;;;;;;;;;;;;;;;;;;;;;;;;;;;;;;;;;;;;;;;;;;;;;;;;;;;;;;;;;;;;;;;;;;;;;;;;;;;;;;;;;;;;;;;;;
INST;R2;672;;;;;;;;;;;;;;;;;;;;;;;;;;;;;;;;;;;;;;;;;;;;;;;;;;;;;;;;;;;;;;;;;;;;;;;;;;;;;;;;;;;;;;;;;;;;;;;;;;;;;;;;;;;;;;;;;;;;;;;;;;;;;;;;;;;;;;;;;;;;
INST;R2;648;;;;;;;;;;;;;;;;;;;;;;;;;;;;;;;;;;;;;;;;;;;;;;;;;;;;;;;;;;;;;;;;;;;;;;;;;;;;;;;;;;;;;;;;;;;;;;;;;;;;;;;;;;;;;;;;;;;;;;;;;;;;;;;;;;;;;;;;;;;;
INST;R2;664;;;;;;;;;;;;;;;;;;;;;;;;;;;;;;;;;;;;;;;;;;;;;;;;;;;;;;;;;;;;;;;;;;;;;;;;;;;;;;;;;;;;;;;;;;;;;;;;;;;;;;;;;;;;;;;;;;;;;;;;;;;;;;;;;;;;;;;;;;;;
0;0;7;6;0;Inst_task;0;undefined;undefined;undefined;undefined;white;xpyriment;legacy;legacy;0;uniform;undefined;NA;undefined;undefined;undefined;1;12;13;NA;0;0;NA;0;12;5;0;0;0;0;0;0;0;0;0;0;0;12;5;0;0;0;12;NA;0;NA;undefined;0;0;11/30/21 11:04:20;The main experiment item;yes;;2. Instrumental.osexp;C:\Users\cncadmin\Desktop\Sara G\new task;no;mono;no;18;no;black;no;yes;768;legacy;12;12;5;0;0;C:/Users/cncadmin/Desktop/Sara G/DatiEEG/42ag2.csv;xpyriment;Kafkaesque Koffka;3.2.8;NA;0;0;0;0;4;3;1;z;NA;1;1;1;15246;NA;141616;15246;1974;2;legacy;1024;2;48000;-16;experiment;42;even;5285;382976;371697;NA;147404;NA;NA;2783;371697;203648;147405;229259;229406;NA;5787;214013;3310;229406;147408;229259;147405;371697;203648;229405;147408;229406;382976;NA;2784;NA;pit experiment;0;0;0;yes;1024
INST;R1;870;;;;;;;;;;;;;;;;;;;;;;;;;;;;;;;;;;;;;;;;;;;;;;;;;;;;;;;;;;;;;;;;;;;;;;;;;;;;;;;;;;;;;;;;;;;;;;;;;;;;;;;;;;;;;;;;;;;;;;;;;;;;;;;;;;;;;;;;;;;;
INST;R1;728;;;;;;;;;;;;;;;;;;;;;;;;;;;;;;;;;;;;;;;;;;;;;;;;;;;;;;;;;;;;;;;;;;;;;;;;;;;;;;;;;;;;;;;;;;;;;;;;;;;;;;;;;;;;;;;;;;;;;;;;;;;;;;;;;;;;;;;;;;;;
INST;R1;823;;;;;;;;;;;;;;;;;;;;;;;;;;;;;;;;;;;;;;;;;;;;;;;;;;;;;;;;;;;;;;;;;;;;;;;;;;;;;;;;;;;;;;;;;;;;;;;;;;;;;;;;;;;;;;;;;;;;;;;;;;;;;;;;;;;;;;;;;;;;
INST;R1;856;;;;;;;;;;;;;;;;;;;;;;;;;;;;;;;;;;;;;;;;;;;;;;;;;;;;;;;;;;;;;;;;;;;;;;;;;;;;;;;;;;;;;;;;;;;;;;;;;;;;;;;;;;;;;;;;;;;;;;;;;;;;;;;;;;;;;;;;;;;;
0;0;8;6;0;Inst_task;0;undefined;undefined;undefined;undefined;white;xpyriment;legacy;legacy;0;uniform;undefined;NA;undefined;undefined;undefined;1;13;14;NA;0;0;NA;0;13;5;0;0;0;0;0;0;0;0;0;0;0;13;5;0;0;0;13;NA;0;NA;undefined;0;0;11/30/21 11:04:20;The main experiment item;yes;;2. Instrumental.osexp;C:\Users\cncadmin\Desktop\Sara G\new task;no;mono;no;18;no;black;no;yes;768;legacy;13;13;5;0;0;C:/Users/cncadmin/Desktop/Sara G/DatiEEG/42ag2.csv;xpyriment;Kafkaesque Koffka;3.2.8;NA;0;4;3;1;0;0;0;m;NA;1;1;1;15246;NA;141616;15246;1974;2;legacy;1024;2;48000;-16;experiment;42;even;5285;395129;383070;NA;147404;NA;NA;2783;383070;203648;147405;229259;229406;NA;5787;214013;3310;229406;147408;229259;147405;383070;203648;229405;147408;229406;395129;NA;2784;NA;pit experiment;0;0;0;yes;1024
INST;R1;619;;;;;;;;;;;;;;;;;;;;;;;;;;;;;;;;;;;;;;;;;;;;;;;;;;;;;;;;;;;;;;;;;;;;;;;;;;;;;;;;;;;;;;;;;;;;;;;;;;;;;;;;;;;;;;;;;;;;;;;;;;;;;;;;;;;;;;;;;;;;
INST;R1;745;;;;;;;;;;;;;;;;;;;;;;;;;;;;;;;;;;;;;;;;;;;;;;;;;;;;;;;;;;;;;;;;;;;;;;;;;;;;;;;;;;;;;;;;;;;;;;;;;;;;;;;;;;;;;;;;;;;;;;;;;;;;;;;;;;;;;;;;;;;;
INST;R1;856;;;;;;;;;;;;;;;;;;;;;;;;;;;;;;;;;;;;;;;;;;;;;;;;;;;;;;;;;;;;;;;;;;;;;;;;;;;;;;;;;;;;;;;;;;;;;;;;;;;;;;;;;;;;;;;;;;;;;;;;;;;;;;;;;;;;;;;;;;;;
INST;R1;728;;;;;;;;;;;;;;;;;;;;;;;;;;;;;;;;;;;;;;;;;;;;;;;;;;;;;;;;;;;;;;;;;;;;;;;;;;;;;;;;;;;;;;;;;;;;;;;;;;;;;;;;;;;;;;;;;;;;;;;;;;;;;;;;;;;;;;;;;;;;
0;0;8;6;0;Inst_task;0;undefined;undefined;undefined;undefined;white;xpyriment;legacy;legacy;0;uniform;undefined;NA;undefined;undefined;undefined;1;14;15;NA;0;0;NA;0;14;5;0;0;0;0;0;0;0;0;0;0;0;14;5;0;0;0;14;NA;0;NA;undefined;0;0;11/30/21 11:04:20;The main experiment item;yes;;2. Instrumental.osexp;C:\Users\cncadmin\Desktop\Sara G\new task;no;mono;no;18;no;black;no;yes;768;legacy;14;14;5;0;0;C:/Users/cncadmin/Desktop/Sara G/DatiEEG/42ag2.csv;xpyriment;Kafkaesque Koffka;3.2.8;NA;0;4;4;0;0;0;0;m;NA;1;1;1;15246;NA;141616;15246;1974;2;legacy;1024;2;48000;-16;experiment;42;even;5285;406906;395224;NA;147404;NA;NA;2783;395224;203648;147405;229259;229406;NA;5787;214013;3310;229406;147408;229259;147405;395224;203648;229405;147408;229406;406906;NA;2784;NA;pit experiment;0;0;0;yes;1024
INST;R2;824;;;;;;;;;;;;;;;;;;;;;;;;;;;;;;;;;;;;;;;;;;;;;;;;;;;;;;;;;;;;;;;;;;;;;;;;;;;;;;;;;;;;;;;;;;;;;;;;;;;;;;;;;;;;;;;;;;;;;;;;;;;;;;;;;;;;;;;;;;;;
INST;R2;752;;;;;;;;;;;;;;;;;;;;;;;;;;;;;;;;;;;;;;;;;;;;;;;;;;;;;;;;;;;;;;;;;;;;;;;;;;;;;;;;;;;;;;;;;;;;;;;;;;;;;;;;;;;;;;;;;;;;;;;;;;;;;;;;;;;;;;;;;;;;
INST;R2;784;;;;;;;;;;;;;;;;;;;;;;;;;;;;;;;;;;;;;;;;;;;;;;;;;;;;;;;;;;;;;;;;;;;;;;;;;;;;;;;;;;;;;;;;;;;;;;;;;;;;;;;;;;;;;;;;;;;;;;;;;;;;;;;;;;;;;;;;;;;;
INST;R2;656;;;;;;;;;;;;;;;;;;;;;;;;;;;;;;;;;;;;;;;;;;;;;;;;;;;;;;;;;;;;;;;;;;;;;;;;;;;;;;;;;;;;;;;;;;;;;;;;;;;;;;;;;;;;;;;;;;;;;;;;;;;;;;;;;;;;;;;;;;;;
0;0;8;7;0;Inst_task;0;undefined;undefined;undefined;undefined;white;xpyriment;legacy;legacy;0;uniform;undefined;NA;undefined;undefined;undefined;1;15;16;NA;0;0;NA;0;15;5;0;0;0;0;0;0;0;0;0;0;0;15;5;0;0;0;15;NA;0;NA;undefined;0;0;11/30/21 11:04:20;The main experiment item;yes;;2. Instrumental.osexp;C:\Users\cncadmin\Desktop\Sara G\new task;no;mono;no;18;no;black;no;yes;768;legacy;15;15;5;0;0;C:/Users/cncadmin/Desktop/Sara G/DatiEEG/42ag2.csv;xpyriment;Kafkaesque Koffka;3.2.8;NA;0;0;0;0;4;3;1;m;NA;1;1;1;15246;NA;141616;15246;1974;2;legacy;1024;2;48000;-16;experiment;42;even;5285;418718;407002;NA;147404;NA;NA;2783;407002;203648;147405;229259;229406;NA;5787;214013;3310;229406;147408;229259;147405;407002;203648;229405;147408;229406;418719;NA;2784;NA;pit experiment;0;0;0;yes;1024
INST;R1;891;;;;;;;;;;;;;;;;;;;;;;;;;;;;;;;;;;;;;;;;;;;;;;;;;;;;;;;;;;;;;;;;;;;;;;;;;;;;;;;;;;;;;;;;;;;;;;;;;;;;;;;;;;;;;;;;;;;;;;;;;;;;;;;;;;;;;;;;;;;;
INST;R1;888;;;;;;;;;;;;;;;;;;;;;;;;;;;;;;;;;;;;;;;;;;;;;;;;;;;;;;;;;;;;;;;;;;;;;;;;;;;;;;;;;;;;;;;;;;;;;;;;;;;;;;;;;;;;;;;;;;;;;;;;;;;;;;;;;;;;;;;;;;;;
INST;R1;784;;;;;;;;;;;;;;;;;;;;;;;;;;;;;;;;;;;;;;;;;;;;;;;;;;;;;;;;;;;;;;;;;;;;;;;;;;;;;;;;;;;;;;;;;;;;;;;;;;;;;;;;;;;;;;;;;;;;;;;;;;;;;;;;;;;;;;;;;;;;
INST;R1;784;;;;;;;;;;;;;;;;;;;;;;;;;;;;;;;;;;;;;;;;;;;;;;;;;;;;;;;;;;;;;;;;;;;;;;;;;;;;;;;;;;;;;;;;;;;;;;;;;;;;;;;;;;;;;;;;;;;;;;;;;;;;;;;;;;;;;;;;;;;;
0;0;9;7;0;Inst_task;0;undefined;undefined;undefined;undefined;white;xpyriment;legacy;legacy;0;uniform;undefined;NA;undefined;undefined;undefined;1;16;17;NA;0;0;NA;0;16;5;0;0;0;0;0;0;0;0;0;0;0;16;5;0;0;0;16;NA;0;NA;undefined;0;0;11/30/21 11:04:20;The main experiment item;yes;;2. Instrumental.osexp;C:\Users\cncadmin\Desktop\Sara G\new task;no;mono;no;18;no;black;no;yes;768;legacy;16;16;5;0;0;C:/Users/cncadmin/Desktop/Sara G/DatiEEG/42ag2.csv;xpyriment;Kafkaesque Koffka;3.2.8;NA;0;4;3;1;0;0;0;z;NA;1;1;1;15246;NA;141616;15246;1974;2;legacy;1024;2;48000;-16;experiment;42;even;5285;430806;418811;NA;147404;NA;NA;2783;418811;203648;147405;229259;229406;NA;5787;214013;3310;229406;147408;229259;147405;418811;203648;229405;147408;229406;430806;NA;2784;NA;pit experiment;0;0;0;yes;1024
INST;R2;831;;;;;;;;;;;;;;;;;;;;;;;;;;;;;;;;;;;;;;;;;;;;;;;;;;;;;;;;;;;;;;;;;;;;;;;;;;;;;;;;;;;;;;;;;;;;;;;;;;;;;;;;;;;;;;;;;;;;;;;;;;;;;;;;;;;;;;;;;;;;
INST;R2;752;;;;;;;;;;;;;;;;;;;;;;;;;;;;;;;;;;;;;;;;;;;;;;;;;;;;;;;;;;;;;;;;;;;;;;;;;;;;;;;;;;;;;;;;;;;;;;;;;;;;;;;;;;;;;;;;;;;;;;;;;;;;;;;;;;;;;;;;;;;;
INST;R2;768;;;;;;;;;;;;;;;;;;;;;;;;;;;;;;;;;;;;;;;;;;;;;;;;;;;;;;;;;;;;;;;;;;;;;;;;;;;;;;;;;;;;;;;;;;;;;;;;;;;;;;;;;;;;;;;;;;;;;;;;;;;;;;;;;;;;;;;;;;;;
INST;R2;728;;;;;;;;;;;;;;;;;;;;;;;;;;;;;;;;;;;;;;;;;;;;;;;;;;;;;;;;;;;;;;;;;;;;;;;;;;;;;;;;;;;;;;;;;;;;;;;;;;;;;;;;;;;;;;;;;;;;;;;;;;;;;;;;;;;;;;;;;;;;
0;0;9;8;0;Inst_task;0;undefined;undefined;undefined;undefined;white;xpyriment;legacy;legacy;0;uniform;undefined;NA;undefined;undefined;undefined;1;17;18;NA;0;0;NA;0;17;5;0;0;0;0;0;0;0;0;0;0;0;17;5;0;0;0;17;NA;0;NA;undefined;0;0;11/30/21 11:04:20;The main experiment item;yes;;2. Instrumental.osexp;C:\Users\cncadmin\Desktop\Sara G\new task;no;mono;no;18;no;black;no;yes;768;legacy;17;17;5;0;0;C:/Users/cncadmin/Desktop/Sara G/DatiEEG/42ag2.csv;xpyriment;Kafkaesque Koffka;3.2.8;NA;0;0;0;0;4;3;1;z;NA;1;1;1;15246;NA;141616;15246;1974;2;legacy;1024;2;48000;-16;experiment;42;even;5285;442368;430896;NA;147404;NA;NA;2783;430896;203648;147405;229259;229406;NA;5787;214013;3310;229406;147408;229259;147405;430896;203648;229405;147408;229406;442368;NA;2784;NA;pit experiment;0;0;0;yes;1024
INST;R1;883;;;;;;;;;;;;;;;;;;;;;;;;;;;;;;;;;;;;;;;;;;;;;;;;;;;;;;;;;;;;;;;;;;;;;;;;;;;;;;;;;;;;;;;;;;;;;;;;;;;;;;;;;;;;;;;;;;;;;;;;;;;;;;;;;;;;;;;;;;;;
INST;R1;640;;;;;;;;;;;;;;;;;;;;;;;;;;;;;;;;;;;;;;;;;;;;;;;;;;;;;;;;;;;;;;;;;;;;;;;;;;;;;;;;;;;;;;;;;;;;;;;;;;;;;;;;;;;;;;;;;;;;;;;;;;;;;;;;;;;;;;;;;;;;
INST;R1;776;;;;;;;;;;;;;;;;;;;;;;;;;;;;;;;;;;;;;;;;;;;;;;;;;;;;;;;;;;;;;;;;;;;;;;;;;;;;;;;;;;;;;;;;;;;;;;;;;;;;;;;;;;;;;;;;;;;;;;;;;;;;;;;;;;;;;;;;;;;;
INST;R1;832;;;;;;;;;;;;;;;;;;;;;;;;;;;;;;;;;;;;;;;;;;;;;;;;;;;;;;;;;;;;;;;;;;;;;;;;;;;;;;;;;;;;;;;;;;;;;;;;;;;;;;;;;;;;;;;;;;;;;;;;;;;;;;;;;;;;;;;;;;;;
0;0;9;8;0;Inst_task;0;undefined;undefined;undefined;undefined;white;xpyriment;legacy;legacy;0;uniform;undefined;NA;undefined;undefined;undefined;1;18;19;NA;0;0;NA;0;18;5;0;0;0;0;0;0;0;0;0;0;0;18;5;0;0;0;18;NA;0;NA;undefined;0;0;11/30/21 11:04:20;The main experiment item;yes;;2. Instrumental.osexp;C:\Users\cncadmin\Desktop\Sara G\new task;no;mono;no;18;no;black;no;yes;768;legacy;18;18;5;0;0;C:/Users/cncadmin/Desktop/Sara G/DatiEEG/42ag2.csv;xpyriment;Kafkaesque Koffka;3.2.8;NA;0;4;4;0;0;0;0;m;NA;1;1;1;15246;NA;141616;15246;1974;2;legacy;1024;2;48000;-16;experiment;42;even;5285;454425;442449;NA;147404;NA;NA;2783;442449;203648;147405;229259;229406;NA;5787;214013;3310;229406;147408;229259;147405;442449;203648;229405;147408;229406;454425;NA;2784;NA;pit experiment;0;0;0;yes;1024
INST;R2;736;;;;;;;;;;;;;;;;;;;;;;;;;;;;;;;;;;;;;;;;;;;;;;;;;;;;;;;;;;;;;;;;;;;;;;;;;;;;;;;;;;;;;;;;;;;;;;;;;;;;;;;;;;;;;;;;;;;;;;;;;;;;;;;;;;;;;;;;;;;;
INST;R2;400;;;;;;;;;;;;;;;;;;;;;;;;;;;;;;;;;;;;;;;;;;;;;;;;;;;;;;;;;;;;;;;;;;;;;;;;;;;;;;;;;;;;;;;;;;;;;;;;;;;;;;;;;;;;;;;;;;;;;;;;;;;;;;;;;;;;;;;;;;;;
INST;R2;632;;;;;;;;;;;;;;;;;;;;;;;;;;;;;;;;;;;;;;;;;;;;;;;;;;;;;;;;;;;;;;;;;;;;;;;;;;;;;;;;;;;;;;;;;;;;;;;;;;;;;;;;;;;;;;;;;;;;;;;;;;;;;;;;;;;;;;;;;;;;
INST;R2;776;;;;;;;;;;;;;;;;;;;;;;;;;;;;;;;;;;;;;;;;;;;;;;;;;;;;;;;;;;;;;;;;;;;;;;;;;;;;;;;;;;;;;;;;;;;;;;;;;;;;;;;;;;;;;;;;;;;;;;;;;;;;;;;;;;;;;;;;;;;;
0;0;9;10;0;Inst_task;0;undefined;undefined;undefined;undefined;white;xpyriment;legacy;legacy;0;uniform;undefined;NA;undefined;undefined;undefined;1;19;20;NA;0;0;NA;0;19;5;0;0;0;0;0;0;0;0;0;0;0;19;5;0;0;0;19;NA;0;NA;undefined;0;0;11/30/21 11:04:20;The main experiment item;yes;;2. Instrumental.osexp;C:\Users\cncadmin\Desktop\Sara G\new task;no;mono;no;18;no;black;no;yes;768;legacy;19;19;5;0;0;C:/Users/cncadmin/Desktop/Sara G/DatiEEG/42ag2.csv;xpyriment;Kafkaesque Koffka;3.2.8;NA;0;0;0;0;4;2;2;m;NA;1;1;1;15246;NA;141616;15246;1974;2;legacy;1024;2;48000;-16;experiment;42;even;5285;465529;454521;NA;147404;NA;NA;2783;454521;203648;147405;229259;229406;NA;5787;214013;3310;229406;147408;229259;147405;454521;203648;229405;147408;229406;465529;NA;2784;NA;pit experiment;0;0;0;yes;1024
INST;R1;593;;;;;;;;;;;;;;;;;;;;;;;;;;;;;;;;;;;;;;;;;;;;;;;;;;;;;;;;;;;;;;;;;;;;;;;;;;;;;;;;;;;;;;;;;;;;;;;;;;;;;;;;;;;;;;;;;;;;;;;;;;;;;;;;;;;;;;;;;;;;
INST;R1;745;;;;;;;;;;;;;;;;;;;;;;;;;;;;;;;;;;;;;;;;;;;;;;;;;;;;;;;;;;;;;;;;;;;;;;;;;;;;;;;;;;;;;;;;;;;;;;;;;;;;;;;;;;;;;;;;;;;;;;;;;;;;;;;;;;;;;;;;;;;;
INST;R1;680;;;;;;;;;;;;;;;;;;;;;;;;;;;;;;;;;;;;;;;;;;;;;;;;;;;;;;;;;;;;;;;;;;;;;;;;;;;;;;;;;;;;;;;;;;;;;;;;;;;;;;;;;;;;;;;;;;;;;;;;;;;;;;;;;;;;;;;;;;;;
INST;R1;752;;;;;;;;;;;;;;;;;;;;;;;;;;;;;;;;;;;;;;;;;;;;;;;;;;;;;;;;;;;;;;;;;;;;;;;;;;;;;;;;;;;;;;;;;;;;;;;;;;;;;;;;;;;;;;;;;;;;;;;;;;;;;;;;;;;;;;;;;;;;
0;0;10;10;0;Inst_task;0;undefined;undefined;undefined;undefined;white;xpyriment;legacy;legacy;0;uniform;undefined;NA;undefined;undefined;undefined;1;20;21;NA;0;0;NA;0;20;5;0;0;0;0;0;0;0;0;0;0;0;20;5;0;0;0;20;NA;0;NA;undefined;0;0;11/30/21 11:04:20;The main experiment item;yes;;2. Instrumental.osexp;C:\Users\cncadmin\Desktop\Sara G\new task;no;mono;no;18;no;black;no;yes;768;legacy;20;20;5;0;0;C:/Users/cncadmin/Desktop/Sara G/DatiEEG/42ag2.csv;xpyriment;Kafkaesque Koffka;3.2.8;NA;0;4;3;1;0;0;0;z;NA;1;1;1;15246;NA;141616;15246;1974;2;legacy;1024;2;48000;-16;experiment;42;even;5285;476986;465611;NA;147404;NA;NA;2783;465611;203648;147405;229259;229406;NA;5787;214013;3310;229406;147408;229259;147405;465611;203648;229405;147408;229406;476987;NA;2784;NA;pit experiment;0;0;0;yes;1024
INST;R1;1078;;;;;;;;;;;;;;;;;;;;;;;;;;;;;;;;;;;;;;;;;;;;;;;;;;;;;;;;;;;;;;;;;;;;;;;;;;;;;;;;;;;;;;;;;;;;;;;;;;;;;;;;;;;;;;;;;;;;;;;;;;;;;;;;;;;;;;;;;;;;
INST;R1;631;;;;;;;;;;;;;;;;;;;;;;;;;;;;;;;;;;;;;;;;;;;;;;;;;;;;;;;;;;;;;;;;;;;;;;;;;;;;;;;;;;;;;;;;;;;;;;;;;;;;;;;;;;;;;;;;;;;;;;;;;;;;;;;;;;;;;;;;;;;;
INST;R1;840;;;;;;;;;;;;;;;;;;;;;;;;;;;;;;;;;;;;;;;;;;;;;;;;;;;;;;;;;;;;;;;;;;;;;;;;;;;;;;;;;;;;;;;;;;;;;;;;;;;;;;;;;;;;;;;;;;;;;;;;;;;;;;;;;;;;;;;;;;;;
INST;R1;752;;;;;;;;;;;;;;;;;;;;;;;;;;;;;;;;;;;;;;;;;;;;;;;;;;;;;;;;;;;;;;;;;;;;;;;;;;;;;;;;;;;;;;;;;;;;;;;;;;;;;;;;;;;;;;;;;;;;;;;;;;;;;;;;;;;;;;;;;;;;
0;0;10;10;0;Inst_task;0;undefined;undefined;undefined;undefined;white;xpyriment;legacy;legacy;0;uniform;undefined;NA;undefined;undefined;undefined;1;21;22;NA;0;0;NA;0;21;5;0;0;0;0;0;0;0;0;0;0;0;21;5;0;0;0;21;NA;0;NA;undefined;0;0;11/30/21 11:04:20;The main experiment item;yes;;2. Instrumental.osexp;C:\Users\cncadmin\Desktop\Sara G\new task;no;mono;no;18;no;black;no;yes;768;legacy;21;21;5;0;0;C:/Users/cncadmin/Desktop/Sara G/DatiEEG/42ag2.csv;xpyriment;Kafkaesque Koffka;3.2.8;NA;0;4;4;0;0;0;0;z;NA;1;1;1;15246;NA;141616;15246;1974;2;legacy;1024;2;48000;-16;experiment;42;even;5285;488897;477082;NA;147404;NA;NA;2783;477082;203648;147405;229259;229406;NA;5787;214013;3310;229406;147408;229259;147405;477081;203648;229405;147408;229406;488897;NA;2784;NA;pit experiment;0;0;0;yes;1024
INST;R2;629;;;;;;;;;;;;;;;;;;;;;;;;;;;;;;;;;;;;;;;;;;;;;;;;;;;;;;;;;;;;;;;;;;;;;;;;;;;;;;;;;;;;;;;;;;;;;;;;;;;;;;;;;;;;;;;;;;;;;;;;;;;;;;;;;;;;;;;;;;;;
INST;R2;664;;;;;;;;;;;;;;;;;;;;;;;;;;;;;;;;;;;;;;;;;;;;;;;;;;;;;;;;;;;;;;;;;;;;;;;;;;;;;;;;;;;;;;;;;;;;;;;;;;;;;;;;;;;;;;;;;;;;;;;;;;;;;;;;;;;;;;;;;;;;
INST;R2;760;;;;;;;;;;;;;;;;;;;;;;;;;;;;;;;;;;;;;;;;;;;;;;;;;;;;;;;;;;;;;;;;;;;;;;;;;;;;;;;;;;;;;;;;;;;;;;;;;;;;;;;;;;;;;;;;;;;;;;;;;;;;;;;;;;;;;;;;;;;;
INST;R2;744;;;;;;;;;;;;;;;;;;;;;;;;;;;;;;;;;;;;;;;;;;;;;;;;;;;;;;;;;;;;;;;;;;;;;;;;;;;;;;;;;;;;;;;;;;;;;;;;;;;;;;;;;;;;;;;;;;;;;;;;;;;;;;;;;;;;;;;;;;;;
0;0;10;10;0;Inst_task;0;undefined;undefined;undefined;undefined;white;xpyriment;legacy;legacy;0;uniform;undefined;NA;undefined;undefined;undefined;1;22;23;NA;0;0;NA;0;22;5;0;0;0;0;0;0;0;0;0;0;0;22;5;0;0;0;22;NA;0;NA;undefined;0;0;11/30/21 11:04:20;The main experiment item;yes;;2. Instrumental.osexp;C:\Users\cncadmin\Desktop\Sara G\new task;no;mono;no;18;no;black;no;yes;768;legacy;22;22;5;0;0;C:/Users/cncadmin/Desktop/Sara G/DatiEEG/42ag2.csv;xpyriment;Kafkaesque Koffka;3.2.8;NA;0;0;0;0;4;4;0;z;NA;1;1;1;15246;NA;141616;15246;1974;2;legacy;1024;2;48000;-16;experiment;42;even;5285;500266;488993;NA;147404;NA;NA;2783;488993;203648;147405;229259;229406;NA;5787;214013;3310;229406;147408;229259;147405;488993;203648;229405;147408;229406;500267;NA;2784;NA;pit experiment;0;0;0;yes;1024
INST;R2;732;;;;;;;;;;;;;;;;;;;;;;;;;;;;;;;;;;;;;;;;;;;;;;;;;;;;;;;;;;;;;;;;;;;;;;;;;;;;;;;;;;;;;;;;;;;;;;;;;;;;;;;;;;;;;;;;;;;;;;;;;;;;;;;;;;;;;;;;;;;;
INST;R2;657;;;;;;;;;;;;;;;;;;;;;;;;;;;;;;;;;;;;;;;;;;;;;;;;;;;;;;;;;;;;;;;;;;;;;;;;;;;;;;;;;;;;;;;;;;;;;;;;;;;;;;;;;;;;;;;;;;;;;;;;;;;;;;;;;;;;;;;;;;;;
INST;R2;720;;;;;;;;;;;;;;;;;;;;;;;;;;;;;;;;;;;;;;;;;;;;;;;;;;;;;;;;;;;;;;;;;;;;;;;;;;;;;;;;;;;;;;;;;;;;;;;;;;;;;;;;;;;;;;;;;;;;;;;;;;;;;;;;;;;;;;;;;;;;
INST;R2;744;;;;;;;;;;;;;;;;;;;;;;;;;;;;;;;;;;;;;;;;;;;;;;;;;;;;;;;;;;;;;;;;;;;;;;;;;;;;;;;;;;;;;;;;;;;;;;;;;;;;;;;;;;;;;;;;;;;;;;;;;;;;;;;;;;;;;;;;;;;;
0;0;10;13;0;Inst_task;0;undefined;undefined;undefined;undefined;white;xpyriment;legacy;legacy;0;uniform;undefined;NA;undefined;undefined;undefined;1;23;24;NA;0;0;NA;0;23;5;0;0;0;0;0;0;0;0;0;0;0;23;5;0;0;0;23;NA;0;NA;undefined;0;0;11/30/21 11:04:20;The main experiment item;yes;;2. Instrumental.osexp;C:\Users\cncadmin\Desktop\Sara G\new task;no;mono;no;18;no;black;no;yes;768;legacy;23;23;5;0;0;C:/Users/cncadmin/Desktop/Sara G/DatiEEG/42ag2.csv;xpyriment;Kafkaesque Koffka;3.2.8;NA;0;0;0;0;4;1;3;m;NA;1;1;1;15246;NA;141616;15246;1974;2;legacy;1024;2;48000;-16;experiment;42;even;5285;511993;500380;NA;147404;NA;NA;2783;500380;203648;147405;229259;229406;NA;5787;214013;3310;229406;147408;229259;147405;500380;203648;229405;147408;229406;511993;NA;2784;NA;pit experiment;0;0;0;yes;1024
INST;R1;894;;;;;;;;;;;;;;;;;;;;;;;;;;;;;;;;;;;;;;;;;;;;;;;;;;;;;;;;;;;;;;;;;;;;;;;;;;;;;;;;;;;;;;;;;;;;;;;;;;;;;;;;;;;;;;;;;;;;;;;;;;;;;;;;;;;;;;;;;;;;
INST;R1;688;;;;;;;;;;;;;;;;;;;;;;;;;;;;;;;;;;;;;;;;;;;;;;;;;;;;;;;;;;;;;;;;;;;;;;;;;;;;;;;;;;;;;;;;;;;;;;;;;;;;;;;;;;;;;;;;;;;;;;;;;;;;;;;;;;;;;;;;;;;;
INST;R1;784;;;;;;;;;;;;;;;;;;;;;;;;;;;;;;;;;;;;;;;;;;;;;;;;;;;;;;;;;;;;;;;;;;;;;;;;;;;;;;;;;;;;;;;;;;;;;;;;;;;;;;;;;;;;;;;;;;;;;;;;;;;;;;;;;;;;;;;;;;;;
INST;R1;760;;;;;;;;;;;;;;;;;;;;;;;;;;;;;;;;;;;;;;;;;;;;;;;;;;;;;;;;;;;;;;;;;;;;;;;;;;;;;;;;;;;;;;;;;;;;;;;;;;;;;;;;;;;;;;;;;;;;;;;;;;;;;;;;;;;;;;;;;;;;
0;0;11;13;0;Inst_task;0;undefined;undefined;undefined;undefined;white;xpyriment;legacy;legacy;0;uniform;undefined;NA;undefined;undefined;undefined;1;24;25;NA;0;0;NA;0;24;5;0;0;0;0;0;0;0;0;0;0;0;24;5;0;0;0;24;NA;0;NA;undefined;0;0;11/30/21 11:04:20;The main experiment item;yes;;2. Instrumental.osexp;C:\Users\cncadmin\Desktop\Sara G\new task;no;mono;no;18;no;black;no;yes;768;legacy;24;24;5;0;0;C:/Users/cncadmin/Desktop/Sara G/DatiEEG/42ag2.csv;xpyriment;Kafkaesque Koffka;3.2.8;NA;0;4;3;1;0;0;0;m;NA;1;1;1;15246;NA;141616;15246;1974;2;legacy;1024;2;48000;-16;experiment;42;even;5285;523779;512125;NA;147404;NA;NA;2783;512125;203648;147405;229259;229406;NA;5787;214013;3310;229406;147408;229259;147405;512125;203648;229405;147408;229406;523779;NA;2784;NA;pit experiment;0;0;0;yes;1024
INST;R1;727;;;;;;;;;;;;;;;;;;;;;;;;;;;;;;;;;;;;;;;;;;;;;;;;;;;;;;;;;;;;;;;;;;;;;;;;;;;;;;;;;;;;;;;;;;;;;;;;;;;;;;;;;;;;;;;;;;;;;;;;;;;;;;;;;;;;;;;;;;;;
INST;R1;712;;;;;;;;;;;;;;;;;;;;;;;;;;;;;;;;;;;;;;;;;;;;;;;;;;;;;;;;;;;;;;;;;;;;;;;;;;;;;;;;;;;;;;;;;;;;;;;;;;;;;;;;;;;;;;;;;;;;;;;;;;;;;;;;;;;;;;;;;;;;
INST;R1;607;;;;;;;;;;;;;;;;;;;;;;;;;;;;;;;;;;;;;;;;;;;;;;;;;;;;;;;;;;;;;;;;;;;;;;;;;;;;;;;;;;;;;;;;;;;;;;;;;;;;;;;;;;;;;;;;;;;;;;;;;;;;;;;;;;;;;;;;;;;;
INST;R1;856;;;;;;;;;;;;;;;;;;;;;;;;;;;;;;;;;;;;;;;;;;;;;;;;;;;;;;;;;;;;;;;;;;;;;;;;;;;;;;;;;;;;;;;;;;;;;;;;;;;;;;;;;;;;;;;;;;;;;;;;;;;;;;;;;;;;;;;;;;;;
0;0;12;13;0;Inst_task;0;undefined;undefined;undefined;undefined;white;xpyriment;legacy;legacy;0;uniform;undefined;NA;undefined;undefined;undefined;1;25;26;NA;0;0;NA;0;25;5;0;0;0;0;0;0;0;0;0;0;0;25;5;0;0;0;25;NA;0;NA;undefined;0;0;11/30/21 11:04:20;The main experiment item;yes;;2. Instrumental.osexp;C:\Users\cncadmin\Desktop\Sara G\new task;no;mono;no;18;no;black;no;yes;768;legacy;25;25;5;0;0;C:/Users/cncadmin/Desktop/Sara G/DatiEEG/42ag2.csv;xpyriment;Kafkaesque Koffka;3.2.8;NA;0;4;3;1;0;0;0;z;NA;1;1;1;15246;NA;141616;15246;1974;2;legacy;1024;2;48000;-16;experiment;42;even;5285;535489;523883;NA;147404;NA;NA;2783;523883;203648;147405;229259;229406;NA;5787;214013;3310;229406;147408;229259;147405;523882;203648;229405;147408;229406;535489;NA;2784;NA;pit experiment;0;0;0;yes;1024
INST;R2;804;;;;;;;;;;;;;;;;;;;;;;;;;;;;;;;;;;;;;;;;;;;;;;;;;;;;;;;;;;;;;;;;;;;;;;;;;;;;;;;;;;;;;;;;;;;;;;;;;;;;;;;;;;;;;;;;;;;;;;;;;;;;;;;;;;;;;;;;;;;;
INST;R2;777;;;;;;;;;;;;;;;;;;;;;;;;;;;;;;;;;;;;;;;;;;;;;;;;;;;;;;;;;;;;;;;;;;;;;;;;;;;;;;;;;;;;;;;;;;;;;;;;;;;;;;;;;;;;;;;;;;;;;;;;;;;;;;;;;;;;;;;;;;;;
INST;R2;760;;;;;;;;;;;;;;;;;;;;;;;;;;;;;;;;;;;;;;;;;;;;;;;;;;;;;;;;;;;;;;;;;;;;;;;;;;;;;;;;;;;;;;;;;;;;;;;;;;;;;;;;;;;;;;;;;;;;;;;;;;;;;;;;;;;;;;;;;;;;
INST;R2;984;;;;;;;;;;;;;;;;;;;;;;;;;;;;;;;;;;;;;;;;;;;;;;;;;;;;;;;;;;;;;;;;;;;;;;;;;;;;;;;;;;;;;;;;;;;;;;;;;;;;;;;;;;;;;;;;;;;;;;;;;;;;;;;;;;;;;;;;;;;;
0;0;12;13;0;Inst_task;0;undefined;undefined;undefined;undefined;white;xpyriment;legacy;legacy;0;uniform;undefined;NA;undefined;undefined;undefined;1;26;27;NA;0;0;NA;0;26;5;0;0;0;0;0;0;0;0;0;0;0;26;5;0;0;0;26;NA;0;NA;undefined;0;0;11/30/21 11:04:20;The main experiment item;yes;;2. Instrumental.osexp;C:\Users\cncadmin\Desktop\Sara G\new task;no;mono;no;18;no;black;no;yes;768;legacy;26;26;5;0;0;C:/Users/cncadmin/Desktop/Sara G/DatiEEG/42ag2.csv;xpyriment;Kafkaesque Koffka;3.2.8;NA;0;0;0;0;4;4;0;m;NA;1;1;1;15246;NA;141616;15246;1974;2;legacy;1024;2;48000;-16;experiment;42;even;5285;547513;535590;NA;147404;NA;NA;2783;535590;203648;147405;229259;229406;NA;5787;214013;3310;229406;147408;229259;147405;535590;203648;229405;147408;229406;547513;NA;2784;NA;pit experiment;0;0;0;yes;1024
INST;R1;553;;;;;;;;;;;;;;;;;;;;;;;;;;;;;;;;;;;;;;;;;;;;;;;;;;;;;;;;;;;;;;;;;;;;;;;;;;;;;;;;;;;;;;;;;;;;;;;;;;;;;;;;;;;;;;;;;;;;;;;;;;;;;;;;;;;;;;;;;;;;
INST;R1;736;;;;;;;;;;;;;;;;;;;;;;;;;;;;;;;;;;;;;;;;;;;;;;;;;;;;;;;;;;;;;;;;;;;;;;;;;;;;;;;;;;;;;;;;;;;;;;;;;;;;;;;;;;;;;;;;;;;;;;;;;;;;;;;;;;;;;;;;;;;;
INST;R1;704;;;;;;;;;;;;;;;;;;;;;;;;;;;;;;;;;;;;;;;;;;;;;;;;;;;;;;;;;;;;;;;;;;;;;;;;;;;;;;;;;;;;;;;;;;;;;;;;;;;;;;;;;;;;;;;;;;;;;;;;;;;;;;;;;;;;;;;;;;;;
INST;R1;888;;;;;;;;;;;;;;;;;;;;;;;;;;;;;;;;;;;;;;;;;;;;;;;;;;;;;;;;;;;;;;;;;;;;;;;;;;;;;;;;;;;;;;;;;;;;;;;;;;;;;;;;;;;;;;;;;;;;;;;;;;;;;;;;;;;;;;;;;;;;
0;0;13;13;0;Inst_task;0;undefined;undefined;undefined;undefined;white;xpyriment;legacy;legacy;0;uniform;undefined;NA;undefined;undefined;undefined;1;27;28;NA;0;0;NA;0;27;5;0;0;0;0;0;0;0;0;0;0;0;27;5;0;0;0;27;NA;0;NA;undefined;0;0;11/30/21 11:04:20;The main experiment item;yes;;2. Instrumental.osexp;C:\Users\cncadmin\Desktop\Sara G\new task;no;mono;no;18;no;black;no;yes;768;legacy;27;27;5;0;0;C:/Users/cncadmin/Desktop/Sara G/DatiEEG/42ag2.csv;xpyriment;Kafkaesque Koffka;3.2.8;NA;0;4;3;1;0;0;0;m;NA;1;1;1;15246;NA;141616;15246;1974;2;legacy;1024;2;48000;-16;experiment;42;even;5285;559244;547598;NA;147404;NA;NA;2783;547598;203648;147405;229259;229406;NA;5787;214013;3310;229406;147408;229259;147405;547598;203648;229405;147408;229406;559244;NA;2784;NA;pit experiment;0;0;0;yes;1024
INST;R2;894;;;;;;;;;;;;;;;;;;;;;;;;;;;;;;;;;;;;;;;;;;;;;;;;;;;;;;;;;;;;;;;;;;;;;;;;;;;;;;;;;;;;;;;;;;;;;;;;;;;;;;;;;;;;;;;;;;;;;;;;;;;;;;;;;;;;;;;;;;;;
INST;R2;704;;;;;;;;;;;;;;;;;;;;;;;;;;;;;;;;;;;;;;;;;;;;;;;;;;;;;;;;;;;;;;;;;;;;;;;;;;;;;;;;;;;;;;;;;;;;;;;;;;;;;;;;;;;;;;;;;;;;;;;;;;;;;;;;;;;;;;;;;;;;
INST;R2;728;;;;;;;;;;;;;;;;;;;;;;;;;;;;;;;;;;;;;;;;;;;;;;;;;;;;;;;;;;;;;;;;;;;;;;;;;;;;;;;;;;;;;;;;;;;;;;;;;;;;;;;;;;;;;;;;;;;;;;;;;;;;;;;;;;;;;;;;;;;;
INST;R2;664;;;;;;;;;;;;;;;;;;;;;;;;;;;;;;;;;;;;;;;;;;;;;;;;;;;;;;;;;;;;;;;;;;;;;;;;;;;;;;;;;;;;;;;;;;;;;;;;;;;;;;;;;;;;;;;;;;;;;;;;;;;;;;;;;;;;;;;;;;;;
0;0;13;14;0;Inst_task;0;undefined;undefined;undefined;undefined;white;xpyriment;legacy;legacy;0;uniform;undefined;NA;undefined;undefined;undefined;1;28;29;NA;0;0;NA;0;28;5;0;0;0;0;0;0;0;0;0;0;0;28;5;0;0;0;28;NA;0;NA;undefined;0;0;11/30/21 11:04:20;The main experiment item;yes;;2. Instrumental.osexp;C:\Users\cncadmin\Desktop\Sara G\new task;no;mono;no;18;no;black;no;yes;768;legacy;28;28;5;0;0;C:/Users/cncadmin/Desktop/Sara G/DatiEEG/42ag2.csv;xpyriment;Kafkaesque Koffka;3.2.8;NA;0;0;0;0;4;3;1;m;NA;1;1;1;15246;NA;141616;15246;1974;2;legacy;1024;2;48000;-16;experiment;42;even;5285;570805;559345;NA;147404;NA;NA;2783;559345;203648;147405;229259;229406;NA;5787;214013;3310;229406;147408;229259;147405;559345;203648;229405;147408;229406;570805;NA;2784;NA;pit experiment;0;0;0;yes;1024
INST;R1;1002;;;;;;;;;;;;;;;;;;;;;;;;;;;;;;;;;;;;;;;;;;;;;;;;;;;;;;;;;;;;;;;;;;;;;;;;;;;;;;;;;;;;;;;;;;;;;;;;;;;;;;;;;;;;;;;;;;;;;;;;;;;;;;;;;;;;;;;;;;;;
INST;R1;792;;;;;;;;;;;;;;;;;;;;;;;;;;;;;;;;;;;;;;;;;;;;;;;;;;;;;;;;;;;;;;;;;;;;;;;;;;;;;;;;;;;;;;;;;;;;;;;;;;;;;;;;;;;;;;;;;;;;;;;;;;;;;;;;;;;;;;;;;;;;
INST;R1;823;;;;;;;;;;;;;;;;;;;;;;;;;;;;;;;;;;;;;;;;;;;;;;;;;;;;;;;;;;;;;;;;;;;;;;;;;;;;;;;;;;;;;;;;;;;;;;;;;;;;;;;;;;;;;;;;;;;;;;;;;;;;;;;;;;;;;;;;;;;;
0;0;13;14;0;Inst_task;0;undefined;undefined;undefined;undefined;white;xpyriment;legacy;legacy;0;uniform;undefined;NA;undefined;undefined;undefined;1;29;30;NA;0;0;NA;0;29;5;0;0;0;0;0;0;0;0;0;0;0;29;5;0;0;0;29;NA;0;NA;undefined;0;0;11/30/21 11:04:20;The main experiment item;yes;;2. Instrumental.osexp;C:\Users\cncadmin\Desktop\Sara G\new task;no;mono;no;18;no;black;no;yes;768;legacy;29;29;5;0;0;C:/Users/cncadmin/Desktop/Sara G/DatiEEG/42ag2.csv;xpyriment;Kafkaesque Koffka;3.2.8;NA;0;3;3;0;0;0;0;z;NA;1;1;1;15246;NA;141616;15246;1974;2;legacy;1024;2;48000;-16;experiment;42;even;5285;581479;570896;NA;147404;NA;NA;2783;570896;203648;147405;229259;229406;NA;5787;214013;3310;229406;147408;229259;147405;570896;203648;229405;147408;229406;581479;NA;2784;NA;pit experiment;0;0;0;yes;1024
INST;R1;831;;;;;;;;;;;;;;;;;;;;;;;;;;;;;;;;;;;;;;;;;;;;;;;;;;;;;;;;;;;;;;;;;;;;;;;;;;;;;;;;;;;;;;;;;;;;;;;;;;;;;;;;;;;;;;;;;;;;;;;;;;;;;;;;;;;;;;;;;;;;
INST;R1;712;;;;;;;;;;;;;;;;;;;;;;;;;;;;;;;;;;;;;;;;;;;;;;;;;;;;;;;;;;;;;;;;;;;;;;;;;;;;;;;;;;;;;;;;;;;;;;;;;;;;;;;;;;;;;;;;;;;;;;;;;;;;;;;;;;;;;;;;;;;;
INST;R1;816;;;;;;;;;;;;;;;;;;;;;;;;;;;;;;;;;;;;;;;;;;;;;;;;;;;;;;;;;;;;;;;;;;;;;;;;;;;;;;;;;;;;;;;;;;;;;;;;;;;;;;;;;;;;;;;;;;;;;;;;;;;;;;;;;;;;;;;;;;;;
INST;R1;896;;;;;;;;;;;;;;;;;;;;;;;;;;;;;;;;;;;;;;;;;;;;;;;;;;;;;;;;;;;;;;;;;;;;;;;;;;;;;;;;;;;;;;;;;;;;;;;;;;;;;;;;;;;;;;;;;;;;;;;;;;;;;;;;;;;;;;;;;;;;
0;0;15;14;0;Inst_task;0;undefined;undefined;undefined;undefined;white;xpyriment;legacy;legacy;0;uniform;undefined;NA;undefined;undefined;undefined;1;30;31;NA;0;0;NA;0;30;5;0;0;0;0;0;0;0;0;0;0;0;30;5;0;0;0;30;NA;0;NA;undefined;0;0;11/30/21 11:04:20;The main experiment item;yes;;2. Instrumental.osexp;C:\Users\cncadmin\Desktop\Sara G\new task;no;mono;no;18;no;black;no;yes;768;legacy;30;30;5;0;0;C:/Users/cncadmin/Desktop/Sara G/DatiEEG/42ag2.csv;xpyriment;Kafkaesque Koffka;3.2.8;NA;0;4;2;2;0;0;0;z;NA;1;1;1;15246;NA;141616;15246;1974;2;legacy;1024;2;48000;-16;experiment;42;even;5285;593179;581556;NA;147404;NA;NA;2783;581556;203648;147405;229259;229406;NA;5787;214013;3310;229406;147408;229259;147405;581556;203648;229405;147408;229406;593180;NA;2784;NA;pit experiment;0;0;0;yes;1024
INST;R2;535;;;;;;;;;;;;;;;;;;;;;;;;;;;;;;;;;;;;;;;;;;;;;;;;;;;;;;;;;;;;;;;;;;;;;;;;;;;;;;;;;;;;;;;;;;;;;;;;;;;;;;;;;;;;;;;;;;;;;;;;;;;;;;;;;;;;;;;;;;;;
INST;R2;768;;;;;;;;;;;;;;;;;;;;;;;;;;;;;;;;;;;;;;;;;;;;;;;;;;;;;;;;;;;;;;;;;;;;;;;;;;;;;;;;;;;;;;;;;;;;;;;;;;;;;;;;;;;;;;;;;;;;;;;;;;;;;;;;;;;;;;;;;;;;
INST;R2;992;;;;;;;;;;;;;;;;;;;;;;;;;;;;;;;;;;;;;;;;;;;;;;;;;;;;;;;;;;;;;;;;;;;;;;;;;;;;;;;;;;;;;;;;;;;;;;;;;;;;;;;;;;;;;;;;;;;;;;;;;;;;;;;;;;;;;;;;;;;;
INST;R2;744;;;;;;;;;;;;;;;;;;;;;;;;;;;;;;;;;;;;;;;;;;;;;;;;;;;;;;;;;;;;;;;;;;;;;;;;;;;;;;;;;;;;;;;;;;;;;;;;;;;;;;;;;;;;;;;;;;;;;;;;;;;;;;;;;;;;;;;;;;;;
0;0;15;18;0;Inst_task;0;undefined;undefined;undefined;undefined;white;xpyriment;legacy;legacy;0;uniform;undefined;NA;undefined;undefined;undefined;1;31;32;NA;0;0;NA;0;31;5;0;0;0;0;0;0;0;0;0;0;0;31;5;0;0;0;31;NA;0;NA;undefined;0;0;11/30/21 11:04:20;The main experiment item;yes;;2. Instrumental.osexp;C:\Users\cncadmin\Desktop\Sara G\new task;no;mono;no;18;no;black;no;yes;768;legacy;31;31;5;0;0;C:/Users/cncadmin/Desktop/Sara G/DatiEEG/42ag2.csv;xpyriment;Kafkaesque Koffka;3.2.8;NA;0;0;0;0;4;0;4;z;NA;1;1;1;15246;NA;141616;15246;1974;2;legacy;1024;2;48000;-16;experiment;42;even;5285;605023;593283;NA;147404;NA;NA;2783;593283;203648;147405;229259;229406;NA;5787;214013;3310;229406;147408;229259;147405;593283;203648;229405;147408;229406;605023;NA;2784;NA;pit experiment;0;0;0;yes;1024
1;0;15;18;0;Inst_question;0;undefined;undefined;undefined;undefined;white;xpyriment;legacy;legacy;0;uniform;undefined;l;undefined;undefined;undefined;2;31;32;0;0;0;0;0;31;5;0;0;0;0;0;0;0;0;0;0;0;31;5;0;0;0;32;0;0;0;undefined;0;0;11/30/21 11:04:20;The main experiment item;yes;;2. Instrumental.osexp;C:\Users\cncadmin\Desktop\Sara G\new task;no;mono;no;18;no;black;no;yes;768;legacy;0;32;5;0;0;C:/Users/cncadmin/Desktop/Sara G/DatiEEG/42ag2.csv;xpyriment;Kafkaesque Koffka;3.2.8;left;0;0;0;0;4;0;4;l;NA;1;1;1;15246;NA;141616;15246;1974;2;legacy;1024;2;48000;-16;experiment;42;even;617367;605023;593283;605541;147404;NA;605543;2783;593283;203648;147405;229259;229406;605079;5787;214013;3310;229406;147408;229259;147405;593283;203648;229405;147408;229406;617867;605541;2784;605543;pit experiment;0;0;0;yes;1024
2;0;15;18;0;Inst_question;0;undefined;undefined;undefined;undefined;white;xpyriment;legacy;legacy;0;uniform;undefined;a;undefined;undefined;undefined;3;31;32;1;0;0;1;0;31;5;0;0;0;0;0;0;0;0;0;0;0;31;5;0;0;0;33;1;0;1;undefined;0;0;11/30/21 11:04:20;The main experiment item;yes;;2. Instrumental.osexp;C:\Users\cncadmin\Desktop\Sara G\new task;no;mono;no;18;no;black;no;yes;768;legacy;1;32;5;0;0;C:/Users/cncadmin/Desktop/Sara G/DatiEEG/42ag2.csv;xpyriment;Kafkaesque Koffka;3.2.8;right;0;0;0;0;4;0;4;a;NA;1;1;1;15246;NA;141616;15246;1974;2;legacy;1024;2;48000;-16;experiment;42;even;620295;605023;593283;618435;147404;NA;618437;2783;593283;203648;147405;229259;229406;605079;5787;214013;3310;229406;147408;229259;147405;593283;203648;229405;147408;229406;620795;618435;2784;618437;pit experiment;0;0;0;yes;1024
INST;R1;771;;;;;;;;;;;;;;;;;;;;;;;;;;;;;;;;;;;;;;;;;;;;;;;;;;;;;;;;;;;;;;;;;;;;;;;;;;;;;;;;;;;;;;;;;;;;;;;;;;;;;;;;;;;;;;;;;;;;;;;;;;;;;;;;;;;;;;;;;;;;
INST;R1;728;;;;;;;;;;;;;;;;;;;;;;;;;;;;;;;;;;;;;;;;;;;;;;;;;;;;;;;;;;;;;;;;;;;;;;;;;;;;;;;;;;;;;;;;;;;;;;;;;;;;;;;;;;;;;;;;;;;;;;;;;;;;;;;;;;;;;;;;;;;;
INST;R1;649;;;;;;;;;;;;;;;;;;;;;;;;;;;;;;;;;;;;;;;;;;;;;;;;;;;;;;;;;;;;;;;;;;;;;;;;;;;;;;;;;;;;;;;;;;;;;;;;;;;;;;;;;;;;;;;;;;;;;;;;;;;;;;;;;;;;;;;;;;;;
INST;R1;864;;;;;;;;;;;;;;;;;;;;;;;;;;;;;;;;;;;;;;;;;;;;;;;;;;;;;;;;;;;;;;;;;;;;;;;;;;;;;;;;;;;;;;;;;;;;;;;;;;;;;;;;;;;;;;;;;;;;;;;;;;;;;;;;;;;;;;;;;;;;
2;0;1;0;0;Inst_task;0;undefined;undefined;undefined;undefined;white;xpyriment;legacy;legacy;0;uniform;undefined;a;undefined;undefined;undefined;3;32;33;1;0;1;1;0;32;5;0;0;1;1;0;0;0;1;0;0;0;32;5;1;0;1;34;1;0;1;undefined;0;0;11/30/21 11:04:20;The main experiment item;yes;;2. Instrumental.osexp;C:\Users\cncadmin\Desktop\Sara G\new task;no;mono;no;18;no;black;no;yes;768;legacy;0;0;5;1;0;C:/Users/cncadmin/Desktop/Sara G/DatiEEG/42ag2.csv;xpyriment;Kafkaesque Koffka;3.2.8;right;0;4;3;1;0;0;0;z;NA;1;1;1;15246;NA;141616;15246;1974;2;legacy;1024;2;48000;-16;experiment;42;even;620295;632691;621044;618435;147404;NA;618437;2783;621044;203648;147405;229259;621020;605079;5787;214013;3310;621020;147408;229259;147405;621044;203648;621020;147408;621020;632691;618435;2784;618437;pit experiment;0;0;0;yes;1024
INST;R2;770;;;;;;;;;;;;;;;;;;;;;;;;;;;;;;;;;;;;;;;;;;;;;;;;;;;;;;;;;;;;;;;;;;;;;;;;;;;;;;;;;;;;;;;;;;;;;;;;;;;;;;;;;;;;;;;;;;;;;;;;;;;;;;;;;;;;;;;;;;;;
INST;R2;792;;;;;;;;;;;;;;;;;;;;;;;;;;;;;;;;;;;;;;;;;;;;;;;;;;;;;;;;;;;;;;;;;;;;;;;;;;;;;;;;;;;;;;;;;;;;;;;;;;;;;;;;;;;;;;;;;;;;;;;;;;;;;;;;;;;;;;;;;;;;
INST;R2;711;;;;;;;;;;;;;;;;;;;;;;;;;;;;;;;;;;;;;;;;;;;;;;;;;;;;;;;;;;;;;;;;;;;;;;;;;;;;;;;;;;;;;;;;;;;;;;;;;;;;;;;;;;;;;;;;;;;;;;;;;;;;;;;;;;;;;;;;;;;;
INST;R2;792;;;;;;;;;;;;;;;;;;;;;;;;;;;;;;;;;;;;;;;;;;;;;;;;;;;;;;;;;;;;;;;;;;;;;;;;;;;;;;;;;;;;;;;;;;;;;;;;;;;;;;;;;;;;;;;;;;;;;;;;;;;;;;;;;;;;;;;;;;;;
2;0;1;2;0;Inst_task;0;undefined;undefined;undefined;undefined;white;xpyriment;legacy;legacy;0;uniform;undefined;a;undefined;undefined;undefined;3;33;34;1;0;1;1;0;33;5;0;0;1;1;0;0;0;1;0;0;0;33;5;1;0;1;35;1;0;1;undefined;0;0;11/30/21 11:04:20;The main experiment item;yes;;2. Instrumental.osexp;C:\Users\cncadmin\Desktop\Sara G\new task;no;mono;no;18;no;black;no;yes;768;legacy;1;1;5;1;0;C:/Users/cncadmin/Desktop/Sara G/DatiEEG/42ag2.csv;xpyriment;Kafkaesque Koffka;3.2.8;right;0;0;0;0;4;2;2;m;NA;1;1;1;15246;NA;141616;15246;1974;2;legacy;1024;2;48000;-16;experiment;42;even;620295;644623;632793;618435;147404;NA;618437;2783;632793;203648;147405;229259;621020;605079;5787;214013;3310;621020;147408;229259;147405;632793;203648;621020;147408;621020;644623;618435;2784;618437;pit experiment;0;0;0;yes;1024
INST;R1;529;;;;;;;;;;;;;;;;;;;;;;;;;;;;;;;;;;;;;;;;;;;;;;;;;;;;;;;;;;;;;;;;;;;;;;;;;;;;;;;;;;;;;;;;;;;;;;;;;;;;;;;;;;;;;;;;;;;;;;;;;;;;;;;;;;;;;;;;;;;;
INST;R1;680;;;;;;;;;;;;;;;;;;;;;;;;;;;;;;;;;;;;;;;;;;;;;;;;;;;;;;;;;;;;;;;;;;;;;;;;;;;;;;;;;;;;;;;;;;;;;;;;;;;;;;;;;;;;;;;;;;;;;;;;;;;;;;;;;;;;;;;;;;;;
INST;R1;728;;;;;;;;;;;;;;;;;;;;;;;;;;;;;;;;;;;;;;;;;;;;;;;;;;;;;;;;;;;;;;;;;;;;;;;;;;;;;;;;;;;;;;;;;;;;;;;;;;;;;;;;;;;;;;;;;;;;;;;;;;;;;;;;;;;;;;;;;;;;
INST;R1;768;;;;;;;;;;;;;;;;;;;;;;;;;;;;;;;;;;;;;;;;;;;;;;;;;;;;;;;;;;;;;;;;;;;;;;;;;;;;;;;;;;;;;;;;;;;;;;;;;;;;;;;;;;;;;;;;;;;;;;;;;;;;;;;;;;;;;;;;;;;;
2;0;2;2;0;Inst_task;0;undefined;undefined;undefined;undefined;white;xpyriment;legacy;legacy;0;uniform;undefined;a;undefined;undefined;undefined;3;34;35;1;0;1;1;0;34;5;0;0;1;1;0;0;0;1;0;0;0;34;5;1;0;1;36;1;0;1;undefined;0;0;11/30/21 11:04:20;The main experiment item;yes;;2. Instrumental.osexp;C:\Users\cncadmin\Desktop\Sara G\new task;no;mono;no;18;no;black;no;yes;768;legacy;2;2;5;1;0;C:/Users/cncadmin/Desktop/Sara G/DatiEEG/42ag2.csv;xpyriment;Kafkaesque Koffka;3.2.8;right;0;4;3;1;0;0;0;m;NA;1;1;1;15246;NA;141616;15246;1974;2;legacy;1024;2;48000;-16;experiment;42;even;620295;655848;644682;618435;147404;NA;618437;2783;644682;203648;147405;229259;621020;605079;5787;214013;3310;621020;147408;229259;147405;644682;203648;621020;147408;621020;655848;618435;2784;618437;pit experiment;0;0;0;yes;1024
INST;R1;1389;;;;;;;;;;;;;;;;;;;;;;;;;;;;;;;;;;;;;;;;;;;;;;;;;;;;;;;;;;;;;;;;;;;;;;;;;;;;;;;;;;;;;;;;;;;;;;;;;;;;;;;;;;;;;;;;;;;;;;;;;;;;;;;;;;;;;;;;;;;;
INST;R1;696;;;;;;;;;;;;;;;;;;;;;;;;;;;;;;;;;;;;;;;;;;;;;;;;;;;;;;;;;;;;;;;;;;;;;;;;;;;;;;;;;;;;;;;;;;;;;;;;;;;;;;;;;;;;;;;;;;;;;;;;;;;;;;;;;;;;;;;;;;;;
INST;R1;761;;;;;;;;;;;;;;;;;;;;;;;;;;;;;;;;;;;;;;;;;;;;;;;;;;;;;;;;;;;;;;;;;;;;;;;;;;;;;;;;;;;;;;;;;;;;;;;;;;;;;;;;;;;;;;;;;;;;;;;;;;;;;;;;;;;;;;;;;;;;
2;0;3;2;0;Inst_task;0;undefined;undefined;undefined;undefined;white;xpyriment;legacy;legacy;0;uniform;undefined;a;undefined;undefined;undefined;3;35;36;1;0;1;1;0;35;5;0;0;1;1;0;0;0;1;0;0;0;35;5;1;0;1;37;1;0;1;undefined;0;0;11/30/21 11:04:20;The main experiment item;yes;;2. Instrumental.osexp;C:\Users\cncadmin\Desktop\Sara G\new task;no;mono;no;18;no;black;no;yes;768;legacy;3;3;5;1;0;C:/Users/cncadmin/Desktop/Sara G/DatiEEG/42ag2.csv;xpyriment;Kafkaesque Koffka;3.2.8;right;0;3;2;1;0;0;0;z;NA;1;1;1;15246;NA;141616;15246;1974;2;legacy;1024;2;48000;-16;experiment;42;even;620295;666361;655954;618435;147404;NA;618437;2783;655954;203648;147405;229259;621020;605079;5787;214013;3310;621020;147408;229259;147405;655954;203648;621020;147408;621020;666361;618435;2784;618437;pit experiment;0;0;0;yes;1024
INST;R2;632;;;;;;;;;;;;;;;;;;;;;;;;;;;;;;;;;;;;;;;;;;;;;;;;;;;;;;;;;;;;;;;;;;;;;;;;;;;;;;;;;;;;;;;;;;;;;;;;;;;;;;;;;;;;;;;;;;;;;;;;;;;;;;;;;;;;;;;;;;;;
INST;R2;711;;;;;;;;;;;;;;;;;;;;;;;;;;;;;;;;;;;;;;;;;;;;;;;;;;;;;;;;;;;;;;;;;;;;;;;;;;;;;;;;;;;;;;;;;;;;;;;;;;;;;;;;;;;;;;;;;;;;;;;;;;;;;;;;;;;;;;;;;;;;
INST;R2;728;;;;;;;;;;;;;;;;;;;;;;;;;;;;;;;;;;;;;;;;;;;;;;;;;;;;;;;;;;;;;;;;;;;;;;;;;;;;;;;;;;;;;;;;;;;;;;;;;;;;;;;;;;;;;;;;;;;;;;;;;;;;;;;;;;;;;;;;;;;;
INST;R2;816;;;;;;;;;;;;;;;;;;;;;;;;;;;;;;;;;;;;;;;;;;;;;;;;;;;;;;;;;;;;;;;;;;;;;;;;;;;;;;;;;;;;;;;;;;;;;;;;;;;;;;;;;;;;;;;;;;;;;;;;;;;;;;;;;;;;;;;;;;;;
2;0;3;4;0;Inst_task;0;undefined;undefined;undefined;undefined;white;xpyriment;legacy;legacy;0;uniform;undefined;a;undefined;undefined;undefined;3;36;37;1;0;1;1;0;36;5;0;0;1;1;0;0;0;1;0;0;0;36;5;1;0;1;38;1;0;1;undefined;0;0;11/30/21 11:04:20;The main experiment item;yes;;2. Instrumental.osexp;C:\Users\cncadmin\Desktop\Sara G\new task;no;mono;no;18;no;black;no;yes;768;legacy;4;4;5;1;0;C:/Users/cncadmin/Desktop/Sara G/DatiEEG/42ag2.csv;xpyriment;Kafkaesque Koffka;3.2.8;right;0;0;0;0;4;2;2;z;NA;1;1;1;15246;NA;141616;15246;1974;2;legacy;1024;2;48000;-16;experiment;42;even;620295;677837;666460;618435;147404;NA;618437;2783;666460;203648;147405;229259;621020;605079;5787;214013;3310;621020;147408;229259;147405;666460;203648;621020;147408;621020;677837;618435;2784;618437;pit experiment;0;0;0;yes;1024
INST;R1;627;;;;;;;;;;;;;;;;;;;;;;;;;;;;;;;;;;;;;;;;;;;;;;;;;;;;;;;;;;;;;;;;;;;;;;;;;;;;;;;;;;;;;;;;;;;;;;;;;;;;;;;;;;;;;;;;;;;;;;;;;;;;;;;;;;;;;;;;;;;;
INST;R1;696;;;;;;;;;;;;;;;;;;;;;;;;;;;;;;;;;;;;;;;;;;;;;;;;;;;;;;;;;;;;;;;;;;;;;;;;;;;;;;;;;;;;;;;;;;;;;;;;;;;;;;;;;;;;;;;;;;;;;;;;;;;;;;;;;;;;;;;;;;;;
INST;R1;696;;;;;;;;;;;;;;;;;;;;;;;;;;;;;;;;;;;;;;;;;;;;;;;;;;;;;;;;;;;;;;;;;;;;;;;;;;;;;;;;;;;;;;;;;;;;;;;;;;;;;;;;;;;;;;;;;;;;;;;;;;;;;;;;;;;;;;;;;;;;
INST;R1;671;;;;;;;;;;;;;;;;;;;;;;;;;;;;;;;;;;;;;;;;;;;;;;;;;;;;;;;;;;;;;;;;;;;;;;;;;;;;;;;;;;;;;;;;;;;;;;;;;;;;;;;;;;;;;;;;;;;;;;;;;;;;;;;;;;;;;;;;;;;;
2;0;3;4;0;Inst_task;0;undefined;undefined;undefined;undefined;white;xpyriment;legacy;legacy;0;uniform;undefined;a;undefined;undefined;undefined;3;37;38;1;0;1;1;0;37;5;0;0;1;1;0;0;0;1;0;0;0;37;5;1;0;1;39;1;0;1;undefined;0;0;11/30/21 11:04:20;The main experiment item;yes;;2. Instrumental.osexp;C:\Users\cncadmin\Desktop\Sara G\new task;no;mono;no;18;no;black;no;yes;768;legacy;5;5;5;1;0;C:/Users/cncadmin/Desktop/Sara G/DatiEEG/42ag2.csv;xpyriment;Kafkaesque Koffka;3.2.8;right;0;4;4;0;0;0;0;m;NA;1;1;1;15246;NA;141616;15246;1974;2;legacy;1024;2;48000;-16;experiment;42;even;620295;689478;677948;618435;147404;NA;618437;2783;677948;203648;147405;229259;621020;605079;5787;214013;3310;621020;147408;229259;147405;677948;203648;621020;147408;621020;689478;618435;2784;618437;pit experiment;0;0;0;yes;1024
INST;R2;970;;;;;;;;;;;;;;;;;;;;;;;;;;;;;;;;;;;;;;;;;;;;;;;;;;;;;;;;;;;;;;;;;;;;;;;;;;;;;;;;;;;;;;;;;;;;;;;;;;;;;;;;;;;;;;;;;;;;;;;;;;;;;;;;;;;;;;;;;;;;
INST;R2;387;;;;;;;;;;;;;;;;;;;;;;;;;;;;;;;;;;;;;;;;;;;;;;;;;;;;;;;;;;;;;;;;;;;;;;;;;;;;;;;;;;;;;;;;;;;;;;;;;;;;;;;;;;;;;;;;;;;;;;;;;;;;;;;;;;;;;;;;;;;;
INST;R2;781;;;;;;;;;;;;;;;;;;;;;;;;;;;;;;;;;;;;;;;;;;;;;;;;;;;;;;;;;;;;;;;;;;;;;;;;;;;;;;;;;;;;;;;;;;;;;;;;;;;;;;;;;;;;;;;;;;;;;;;;;;;;;;;;;;;;;;;;;;;;
INST;R2;809;;;;;;;;;;;;;;;;;;;;;;;;;;;;;;;;;;;;;;;;;;;;;;;;;;;;;;;;;;;;;;;;;;;;;;;;;;;;;;;;;;;;;;;;;;;;;;;;;;;;;;;;;;;;;;;;;;;;;;;;;;;;;;;;;;;;;;;;;;;;
2;0;3;4;0;Inst_task;0;undefined;undefined;undefined;undefined;white;xpyriment;legacy;legacy;0;uniform;undefined;a;undefined;undefined;undefined;3;38;39;1;0;1;1;0;38;5;0;0;1;1;0;0;0;1;0;0;0;38;5;1;0;1;40;1;0;1;undefined;0;0;11/30/21 11:04:20;The main experiment item;yes;;2. Instrumental.osexp;C:\Users\cncadmin\Desktop\Sara G\new task;no;mono;no;18;no;black;no;yes;768;legacy;6;6;5;1;0;C:/Users/cncadmin/Desktop/Sara G/DatiEEG/42ag2.csv;xpyriment;Kafkaesque Koffka;3.2.8;right;0;0;0;0;4;4;0;z;NA;1;1;1;15246;NA;141616;15246;1974;2;legacy;1024;2;48000;-16;experiment;42;even;620295;701058;689569;618435;147404;NA;618437;2783;689569;203648;147405;229259;621020;605079;5787;214013;3310;621020;147408;229259;147405;689569;203648;621020;147408;621020;701058;618435;2784;618437;pit experiment;0;0;0;yes;1024
INST;R1;850;;;;;;;;;;;;;;;;;;;;;;;;;;;;;;;;;;;;;;;;;;;;;;;;;;;;;;;;;;;;;;;;;;;;;;;;;;;;;;;;;;;;;;;;;;;;;;;;;;;;;;;;;;;;;;;;;;;;;;;;;;;;;;;;;;;;;;;;;;;;
INST;R1;1040;;;;;;;;;;;;;;;;;;;;;;;;;;;;;;;;;;;;;;;;;;;;;;;;;;;;;;;;;;;;;;;;;;;;;;;;;;;;;;;;;;;;;;;;;;;;;;;;;;;;;;;;;;;;;;;;;;;;;;;;;;;;;;;;;;;;;;;;;;;;
INST;R1;872;;;;;;;;;;;;;;;;;;;;;;;;;;;;;;;;;;;;;;;;;;;;;;;;;;;;;;;;;;;;;;;;;;;;;;;;;;;;;;;;;;;;;;;;;;;;;;;;;;;;;;;;;;;;;;;;;;;;;;;;;;;;;;;;;;;;;;;;;;;;
2;0;5;4;0;Inst_task;0;undefined;undefined;undefined;undefined;white;xpyriment;legacy;legacy;0;uniform;undefined;a;undefined;undefined;undefined;3;39;40;1;0;1;1;0;39;5;0;0;1;1;0;0;0;1;0;0;0;39;5;1;0;1;41;1;0;1;undefined;0;0;11/30/21 11:04:20;The main experiment item;yes;;2. Instrumental.osexp;C:\Users\cncadmin\Desktop\Sara G\new task;no;mono;no;18;no;black;no;yes;768;legacy;7;7;5;1;0;C:/Users/cncadmin/Desktop/Sara G/DatiEEG/42ag2.csv;xpyriment;Kafkaesque Koffka;3.2.8;right;0;3;1;2;0;0;0;m;NA;1;1;1;15246;NA;141616;15246;1974;2;legacy;1024;2;48000;-16;experiment;42;even;620295;711255;701143;618435;147404;NA;618437;2783;701143;203648;147405;229259;621020;605079;5787;214013;3310;621020;147408;229259;147405;701143;203648;621020;147408;621020;711255;618435;2784;618437;pit experiment;0;0;0;yes;1024
INST;R2;705;;;;;;;;;;;;;;;;;;;;;;;;;;;;;;;;;;;;;;;;;;;;;;;;;;;;;;;;;;;;;;;;;;;;;;;;;;;;;;;;;;;;;;;;;;;;;;;;;;;;;;;;;;;;;;;;;;;;;;;;;;;;;;;;;;;;;;;;;;;;
INST;R2;664;;;;;;;;;;;;;;;;;;;;;;;;;;;;;;;;;;;;;;;;;;;;;;;;;;;;;;;;;;;;;;;;;;;;;;;;;;;;;;;;;;;;;;;;;;;;;;;;;;;;;;;;;;;;;;;;;;;;;;;;;;;;;;;;;;;;;;;;;;;;
INST;R2;823;;;;;;;;;;;;;;;;;;;;;;;;;;;;;;;;;;;;;;;;;;;;;;;;;;;;;;;;;;;;;;;;;;;;;;;;;;;;;;;;;;;;;;;;;;;;;;;;;;;;;;;;;;;;;;;;;;;;;;;;;;;;;;;;;;;;;;;;;;;;
INST;R2;864;;;;;;;;;;;;;;;;;;;;;;;;;;;;;;;;;;;;;;;;;;;;;;;;;;;;;;;;;;;;;;;;;;;;;;;;;;;;;;;;;;;;;;;;;;;;;;;;;;;;;;;;;;;;;;;;;;;;;;;;;;;;;;;;;;;;;;;;;;;;
2;0;5;5;0;Inst_task;0;undefined;undefined;undefined;undefined;white;xpyriment;legacy;legacy;0;uniform;undefined;a;undefined;undefined;undefined;3;40;41;1;0;1;1;0;40;5;0;0;1;1;0;0;0;1;0;0;0;40;5;1;0;1;42;1;0;1;undefined;0;0;11/30/21 11:04:20;The main experiment item;yes;;2. Instrumental.osexp;C:\Users\cncadmin\Desktop\Sara G\new task;no;mono;no;18;no;black;no;yes;768;legacy;8;8;5;1;0;C:/Users/cncadmin/Desktop/Sara G/DatiEEG/42ag2.csv;xpyriment;Kafkaesque Koffka;3.2.8;right;0;0;0;0;4;3;1;z;NA;1;1;1;15246;NA;141616;15246;1974;2;legacy;1024;2;48000;-16;experiment;42;even;620295;722944;711340;618435;147404;NA;618437;2783;711340;203648;147405;229259;621020;605079;5787;214013;3310;621020;147408;229259;147405;711339;203648;621020;147408;621020;722944;618435;2784;618437;pit experiment;0;0;0;yes;1024
INST;R1;634;;;;;;;;;;;;;;;;;;;;;;;;;;;;;;;;;;;;;;;;;;;;;;;;;;;;;;;;;;;;;;;;;;;;;;;;;;;;;;;;;;;;;;;;;;;;;;;;;;;;;;;;;;;;;;;;;;;;;;;;;;;;;;;;;;;;;;;;;;;;
INST;R1;912;;;;;;;;;;;;;;;;;;;;;;;;;;;;;;;;;;;;;;;;;;;;;;;;;;;;;;;;;;;;;;;;;;;;;;;;;;;;;;;;;;;;;;;;;;;;;;;;;;;;;;;;;;;;;;;;;;;;;;;;;;;;;;;;;;;;;;;;;;;;
INST;R1;736;;;;;;;;;;;;;;;;;;;;;;;;;;;;;;;;;;;;;;;;;;;;;;;;;;;;;;;;;;;;;;;;;;;;;;;;;;;;;;;;;;;;;;;;;;;;;;;;;;;;;;;;;;;;;;;;;;;;;;;;;;;;;;;;;;;;;;;;;;;;
INST;R1;696;;;;;;;;;;;;;;;;;;;;;;;;;;;;;;;;;;;;;;;;;;;;;;;;;;;;;;;;;;;;;;;;;;;;;;;;;;;;;;;;;;;;;;;;;;;;;;;;;;;;;;;;;;;;;;;;;;;;;;;;;;;;;;;;;;;;;;;;;;;;
2;0;5;5;0;Inst_task;0;undefined;undefined;undefined;undefined;white;xpyriment;legacy;legacy;0;uniform;undefined;a;undefined;undefined;undefined;3;41;42;1;0;1;1;0;41;5;0;0;1;1;0;0;0;1;0;0;0;41;5;1;0;1;43;1;0;1;undefined;0;0;11/30/21 11:04:20;The main experiment item;yes;;2. Instrumental.osexp;C:\Users\cncadmin\Desktop\Sara G\new task;no;mono;no;18;no;black;no;yes;768;legacy;9;9;5;1;0;C:/Users/cncadmin/Desktop/Sara G/DatiEEG/42ag2.csv;xpyriment;Kafkaesque Koffka;3.2.8;right;0;4;4;0;0;0;0;m;NA;1;1;1;15246;NA;141616;15246;1974;2;legacy;1024;2;48000;-16;experiment;42;even;620295;734664;723036;618435;147404;NA;618437;2783;723036;203648;147405;229259;621020;605079;5787;214013;3310;621020;147408;229259;147405;723036;203648;621020;147408;621020;734664;618435;2784;618437;pit experiment;0;0;0;yes;1024
INST;R2;743;;;;;;;;;;;;;;;;;;;;;;;;;;;;;;;;;;;;;;;;;;;;;;;;;;;;;;;;;;;;;;;;;;;;;;;;;;;;;;;;;;;;;;;;;;;;;;;;;;;;;;;;;;;;;;;;;;;;;;;;;;;;;;;;;;;;;;;;;;;;
INST;R2;720;;;;;;;;;;;;;;;;;;;;;;;;;;;;;;;;;;;;;;;;;;;;;;;;;;;;;;;;;;;;;;;;;;;;;;;;;;;;;;;;;;;;;;;;;;;;;;;;;;;;;;;;;;;;;;;;;;;;;;;;;;;;;;;;;;;;;;;;;;;;
INST;R2;704;;;;;;;;;;;;;;;;;;;;;;;;;;;;;;;;;;;;;;;;;;;;;;;;;;;;;;;;;;;;;;;;;;;;;;;;;;;;;;;;;;;;;;;;;;;;;;;;;;;;;;;;;;;;;;;;;;;;;;;;;;;;;;;;;;;;;;;;;;;;
INST;R2;696;;;;;;;;;;;;;;;;;;;;;;;;;;;;;;;;;;;;;;;;;;;;;;;;;;;;;;;;;;;;;;;;;;;;;;;;;;;;;;;;;;;;;;;;;;;;;;;;;;;;;;;;;;;;;;;;;;;;;;;;;;;;;;;;;;;;;;;;;;;;
2;0;5;7;0;Inst_task;0;undefined;undefined;undefined;undefined;white;xpyriment;legacy;legacy;0;uniform;undefined;a;undefined;undefined;undefined;3;42;43;1;0;1;1;0;42;5;0;0;1;1;0;0;0;1;0;0;0;42;5;1;0;1;44;1;0;1;undefined;0;0;11/30/21 11:04:20;The main experiment item;yes;;2. Instrumental.osexp;C:\Users\cncadmin\Desktop\Sara G\new task;no;mono;no;18;no;black;no;yes;768;legacy;10;10;5;1;0;C:/Users/cncadmin/Desktop/Sara G/DatiEEG/42ag2.csv;xpyriment;Kafkaesque Koffka;3.2.8;right;0;0;0;0;4;2;2;z;NA;1;1;1;15246;NA;141616;15246;1974;2;legacy;1024;2;48000;-16;experiment;42;even;620295;746342;734732;618435;147404;NA;618437;2783;734732;203648;147405;229259;621020;605079;5787;214013;3310;621020;147408;229259;147405;734732;203648;621020;147408;621020;746342;618435;2784;618437;pit experiment;0;0;0;yes;1024
INST;R1;616;;;;;;;;;;;;;;;;;;;;;;;;;;;;;;;;;;;;;;;;;;;;;;;;;;;;;;;;;;;;;;;;;;;;;;;;;;;;;;;;;;;;;;;;;;;;;;;;;;;;;;;;;;;;;;;;;;;;;;;;;;;;;;;;;;;;;;;;;;;;
INST;R1;704;;;;;;;;;;;;;;;;;;;;;;;;;;;;;;;;;;;;;;;;;;;;;;;;;;;;;;;;;;;;;;;;;;;;;;;;;;;;;;;;;;;;;;;;;;;;;;;;;;;;;;;;;;;;;;;;;;;;;;;;;;;;;;;;;;;;;;;;;;;;
INST;R1;648;;;;;;;;;;;;;;;;;;;;;;;;;;;;;;;;;;;;;;;;;;;;;;;;;;;;;;;;;;;;;;;;;;;;;;;;;;;;;;;;;;;;;;;;;;;;;;;;;;;;;;;;;;;;;;;;;;;;;;;;;;;;;;;;;;;;;;;;;;;;
INST;R1;672;;;;;;;;;;;;;;;;;;;;;;;;;;;;;;;;;;;;;;;;;;;;;;;;;;;;;;;;;;;;;;;;;;;;;;;;;;;;;;;;;;;;;;;;;;;;;;;;;;;;;;;;;;;;;;;;;;;;;;;;;;;;;;;;;;;;;;;;;;;;
2;0;6;7;0;Inst_task;0;undefined;undefined;undefined;undefined;white;xpyriment;legacy;legacy;0;uniform;undefined;a;undefined;undefined;undefined;3;43;44;1;0;1;1;0;43;5;0;0;1;1;0;0;0;1;0;0;0;43;5;1;0;1;45;1;0;1;undefined;0;0;11/30/21 11:04:20;The main experiment item;yes;;2. Instrumental.osexp;C:\Users\cncadmin\Desktop\Sara G\new task;no;mono;no;18;no;black;no;yes;768;legacy;11;11;5;1;0;C:/Users/cncadmin/Desktop/Sara G/DatiEEG/42ag2.csv;xpyriment;Kafkaesque Koffka;3.2.8;right;0;4;3;1;0;0;0;m;NA;1;1;1;15246;NA;141616;15246;1974;2;legacy;1024;2;48000;-16;experiment;42;even;620295;757480;746410;618435;147404;NA;618437;2783;746410;203648;147405;229259;621020;605079;5787;214013;3310;621020;147408;229259;147405;746410;203648;621020;147408;621020;757480;618435;2784;618437;pit experiment;0;0;0;yes;1024
INST;R2;524;;;;;;;;;;;;;;;;;;;;;;;;;;;;;;;;;;;;;;;;;;;;;;;;;;;;;;;;;;;;;;;;;;;;;;;;;;;;;;;;;;;;;;;;;;;;;;;;;;;;;;;;;;;;;;;;;;;;;;;;;;;;;;;;;;;;;;;;;;;;
INST;R2;672;;;;;;;;;;;;;;;;;;;;;;;;;;;;;;;;;;;;;;;;;;;;;;;;;;;;;;;;;;;;;;;;;;;;;;;;;;;;;;;;;;;;;;;;;;;;;;;;;;;;;;;;;;;;;;;;;;;;;;;;;;;;;;;;;;;;;;;;;;;;
INST;R2;855;;;;;;;;;;;;;;;;;;;;;;;;;;;;;;;;;;;;;;;;;;;;;;;;;;;;;;;;;;;;;;;;;;;;;;;;;;;;;;;;;;;;;;;;;;;;;;;;;;;;;;;;;;;;;;;;;;;;;;;;;;;;;;;;;;;;;;;;;;;;
INST;R2;856;;;;;;;;;;;;;;;;;;;;;;;;;;;;;;;;;;;;;;;;;;;;;;;;;;;;;;;;;;;;;;;;;;;;;;;;;;;;;;;;;;;;;;;;;;;;;;;;;;;;;;;;;;;;;;;;;;;;;;;;;;;;;;;;;;;;;;;;;;;;
2;0;6;9;0;Inst_task;0;undefined;undefined;undefined;undefined;white;xpyriment;legacy;legacy;0;uniform;undefined;a;undefined;undefined;undefined;3;44;45;1;0;1;1;0;44;5;0;0;1;1;0;0;0;1;0;0;0;44;5;1;0;1;46;1;0;1;undefined;0;0;11/30/21 11:04:20;The main experiment item;yes;;2. Instrumental.osexp;C:\Users\cncadmin\Desktop\Sara G\new task;no;mono;no;18;no;black;no;yes;768;legacy;12;12;5;1;0;C:/Users/cncadmin/Desktop/Sara G/DatiEEG/42ag2.csv;xpyriment;Kafkaesque Koffka;3.2.8;right;0;0;0;0;4;2;2;m;NA;1;1;1;15246;NA;141616;15246;1974;2;legacy;1024;2;48000;-16;experiment;42;even;620295;769246;757541;618435;147404;NA;618437;2783;757541;203648;147405;229259;621020;605079;5787;214013;3310;621020;147408;229259;147405;757541;203648;621020;147408;621020;769246;618435;2784;618437;pit experiment;0;0;0;yes;1024
INST;R1;1212;;;;;;;;;;;;;;;;;;;;;;;;;;;;;;;;;;;;;;;;;;;;;;;;;;;;;;;;;;;;;;;;;;;;;;;;;;;;;;;;;;;;;;;;;;;;;;;;;;;;;;;;;;;;;;;;;;;;;;;;;;;;;;;;;;;;;;;;;;;;
INST;R1;712;;;;;;;;;;;;;;;;;;;;;;;;;;;;;;;;;;;;;;;;;;;;;;;;;;;;;;;;;;;;;;;;;;;;;;;;;;;;;;;;;;;;;;;;;;;;;;;;;;;;;;;;;;;;;;;;;;;;;;;;;;;;;;;;;;;;;;;;;;;;
INST;R1;728;;;;;;;;;;;;;;;;;;;;;;;;;;;;;;;;;;;;;;;;;;;;;;;;;;;;;;;;;;;;;;;;;;;;;;;;;;;;;;;;;;;;;;;;;;;;;;;;;;;;;;;;;;;;;;;;;;;;;;;;;;;;;;;;;;;;;;;;;;;;
INST;R1;912;;;;;;;;;;;;;;;;;;;;;;;;;;;;;;;;;;;;;;;;;;;;;;;;;;;;;;;;;;;;;;;;;;;;;;;;;;;;;;;;;;;;;;;;;;;;;;;;;;;;;;;;;;;;;;;;;;;;;;;;;;;;;;;;;;;;;;;;;;;;
2;0;8;9;0;Inst_task;0;undefined;undefined;undefined;undefined;white;xpyriment;legacy;legacy;0;uniform;undefined;a;undefined;undefined;undefined;3;45;46;1;0;1;1;0;45;5;0;0;1;1;0;0;0;1;0;0;0;45;5;1;0;1;47;1;0;1;undefined;0;0;11/30/21 11:04:20;The main experiment item;yes;;2. Instrumental.osexp;C:\Users\cncadmin\Desktop\Sara G\new task;no;mono;no;18;no;black;no;yes;768;legacy;13;13;5;1;0;C:/Users/cncadmin/Desktop/Sara G/DatiEEG/42ag2.csv;xpyriment;Kafkaesque Koffka;3.2.8;right;0;4;2;2;0;0;0;m;NA;1;1;1;15246;NA;141616;15246;1974;2;legacy;1024;2;48000;-16;experiment;42;even;620295;781556;769340;618435;147404;NA;618437;2783;769340;203648;147405;229259;621020;605079;5787;214013;3310;621020;147408;229259;147405;769340;203648;621020;147408;621020;781556;618435;2784;618437;pit experiment;0;0;0;yes;1024
INST;R1;928;;;;;;;;;;;;;;;;;;;;;;;;;;;;;;;;;;;;;;;;;;;;;;;;;;;;;;;;;;;;;;;;;;;;;;;;;;;;;;;;;;;;;;;;;;;;;;;;;;;;;;;;;;;;;;;;;;;;;;;;;;;;;;;;;;;;;;;;;;;;
INST;R1;688;;;;;;;;;;;;;;;;;;;;;;;;;;;;;;;;;;;;;;;;;;;;;;;;;;;;;;;;;;;;;;;;;;;;;;;;;;;;;;;;;;;;;;;;;;;;;;;;;;;;;;;;;;;;;;;;;;;;;;;;;;;;;;;;;;;;;;;;;;;;
INST;R1;656;;;;;;;;;;;;;;;;;;;;;;;;;;;;;;;;;;;;;;;;;;;;;;;;;;;;;;;;;;;;;;;;;;;;;;;;;;;;;;;;;;;;;;;;;;;;;;;;;;;;;;;;;;;;;;;;;;;;;;;;;;;;;;;;;;;;;;;;;;;;
INST;R1;728;;;;;;;;;;;;;;;;;;;;;;;;;;;;;;;;;;;;;;;;;;;;;;;;;;;;;;;;;;;;;;;;;;;;;;;;;;;;;;;;;;;;;;;;;;;;;;;;;;;;;;;;;;;;;;;;;;;;;;;;;;;;;;;;;;;;;;;;;;;;
2;0;9;9;0;Inst_task;0;undefined;undefined;undefined;undefined;white;xpyriment;legacy;legacy;0;uniform;undefined;a;undefined;undefined;undefined;3;46;47;1;0;1;1;0;46;5;0;0;1;1;0;0;0;1;0;0;0;46;5;1;0;1;48;1;0;1;undefined;0;0;11/30/21 11:04:20;The main experiment item;yes;;2. Instrumental.osexp;C:\Users\cncadmin\Desktop\Sara G\new task;no;mono;no;18;no;black;no;yes;768;legacy;14;14;5;1;0;C:/Users/cncadmin/Desktop/Sara G/DatiEEG/42ag2.csv;xpyriment;Kafkaesque Koffka;3.2.8;right;0;4;3;1;0;0;0;m;NA;1;1;1;15246;NA;141616;15246;1974;2;legacy;1024;2;48000;-16;experiment;42;even;620295;793007;781652;618435;147404;NA;618437;2783;781652;203648;147405;229259;621020;605079;5787;214013;3310;621020;147408;229259;147405;781652;203648;621020;147408;621020;793007;618435;2784;618437;pit experiment;0;0;0;yes;1024
INST;R2;716;;;;;;;;;;;;;;;;;;;;;;;;;;;;;;;;;;;;;;;;;;;;;;;;;;;;;;;;;;;;;;;;;;;;;;;;;;;;;;;;;;;;;;;;;;;;;;;;;;;;;;;;;;;;;;;;;;;;;;;;;;;;;;;;;;;;;;;;;;;;
INST;R2;776;;;;;;;;;;;;;;;;;;;;;;;;;;;;;;;;;;;;;;;;;;;;;;;;;;;;;;;;;;;;;;;;;;;;;;;;;;;;;;;;;;;;;;;;;;;;;;;;;;;;;;;;;;;;;;;;;;;;;;;;;;;;;;;;;;;;;;;;;;;;
INST;R2;1064;;;;;;;;;;;;;;;;;;;;;;;;;;;;;;;;;;;;;;;;;;;;;;;;;;;;;;;;;;;;;;;;;;;;;;;;;;;;;;;;;;;;;;;;;;;;;;;;;;;;;;;;;;;;;;;;;;;;;;;;;;;;;;;;;;;;;;;;;;;;
INST;R2;809;;;;;;;;;;;;;;;;;;;;;;;;;;;;;;;;;;;;;;;;;;;;;;;;;;;;;;;;;;;;;;;;;;;;;;;;;;;;;;;;;;;;;;;;;;;;;;;;;;;;;;;;;;;;;;;;;;;;;;;;;;;;;;;;;;;;;;;;;;;;
2;0;9;10;0;Inst_task;0;undefined;undefined;undefined;undefined;white;xpyriment;legacy;legacy;0;uniform;undefined;a;undefined;undefined;undefined;3;47;48;1;0;1;1;0;47;5;0;0;1;1;0;0;0;1;0;0;0;47;5;1;0;1;49;1;0;1;undefined;0;0;11/30/21 11:04:20;The main experiment item;yes;;2. Instrumental.osexp;C:\Users\cncadmin\Desktop\Sara G\new task;no;mono;no;18;no;black;no;yes;768;legacy;15;15;5;1;0;C:/Users/cncadmin/Desktop/Sara G/DatiEEG/42ag2.csv;xpyriment;Kafkaesque Koffka;3.2.8;right;0;0;0;0;4;3;1;m;NA;1;1;1;15246;NA;141616;15246;1974;2;legacy;1024;2;48000;-16;experiment;42;even;620295;805188;793071;618435;147404;NA;618437;2783;793071;203648;147405;229259;621020;605079;5787;214013;3310;621020;147408;229259;147405;793071;203648;621020;147408;621020;805188;618435;2784;618437;pit experiment;0;0;0;yes;1024
INST;R1;708;;;;;;;;;;;;;;;;;;;;;;;;;;;;;;;;;;;;;;;;;;;;;;;;;;;;;;;;;;;;;;;;;;;;;;;;;;;;;;;;;;;;;;;;;;;;;;;;;;;;;;;;;;;;;;;;;;;;;;;;;;;;;;;;;;;;;;;;;;;;
INST;R1;656;;;;;;;;;;;;;;;;;;;;;;;;;;;;;;;;;;;;;;;;;;;;;;;;;;;;;;;;;;;;;;;;;;;;;;;;;;;;;;;;;;;;;;;;;;;;;;;;;;;;;;;;;;;;;;;;;;;;;;;;;;;;;;;;;;;;;;;;;;;;
INST;R1;743;;;;;;;;;;;;;;;;;;;;;;;;;;;;;;;;;;;;;;;;;;;;;;;;;;;;;;;;;;;;;;;;;;;;;;;;;;;;;;;;;;;;;;;;;;;;;;;;;;;;;;;;;;;;;;;;;;;;;;;;;;;;;;;;;;;;;;;;;;;;
INST;R1;728;;;;;;;;;;;;;;;;;;;;;;;;;;;;;;;;;;;;;;;;;;;;;;;;;;;;;;;;;;;;;;;;;;;;;;;;;;;;;;;;;;;;;;;;;;;;;;;;;;;;;;;;;;;;;;;;;;;;;;;;;;;;;;;;;;;;;;;;;;;;
2;0;10;10;0;Inst_task;0;undefined;undefined;undefined;undefined;white;xpyriment;legacy;legacy;0;uniform;undefined;a;undefined;undefined;undefined;3;48;49;1;0;1;1;0;48;5;0;0;1;1;0;0;0;1;0;0;0;48;5;1;0;1;50;1;0;1;undefined;0;0;11/30/21 11:04:20;The main experiment item;yes;;2. Instrumental.osexp;C:\Users\cncadmin\Desktop\Sara G\new task;no;mono;no;18;no;black;no;yes;768;legacy;16;16;5;1;0;C:/Users/cncadmin/Desktop/Sara G/DatiEEG/42ag2.csv;xpyriment;Kafkaesque Koffka;3.2.8;right;0;4;3;1;0;0;0;z;NA;1;1;1;15246;NA;141616;15246;1974;2;legacy;1024;2;48000;-16;experiment;42;even;620295;816580;805280;618435;147404;NA;618437;2783;805280;203648;147405;229259;621020;605079;5787;214013;3310;621020;147408;229259;147405;805280;203648;621020;147408;621020;816580;618435;2784;618437;pit experiment;0;0;0;yes;1024
INST;R2;909;;;;;;;;;;;;;;;;;;;;;;;;;;;;;;;;;;;;;;;;;;;;;;;;;;;;;;;;;;;;;;;;;;;;;;;;;;;;;;;;;;;;;;;;;;;;;;;;;;;;;;;;;;;;;;;;;;;;;;;;;;;;;;;;;;;;;;;;;;;;
INST;R2;704;;;;;;;;;;;;;;;;;;;;;;;;;;;;;;;;;;;;;;;;;;;;;;;;;;;;;;;;;;;;;;;;;;;;;;;;;;;;;;;;;;;;;;;;;;;;;;;;;;;;;;;;;;;;;;;;;;;;;;;;;;;;;;;;;;;;;;;;;;;;
INST;R2;872;;;;;;;;;;;;;;;;;;;;;;;;;;;;;;;;;;;;;;;;;;;;;;;;;;;;;;;;;;;;;;;;;;;;;;;;;;;;;;;;;;;;;;;;;;;;;;;;;;;;;;;;;;;;;;;;;;;;;;;;;;;;;;;;;;;;;;;;;;;;
INST;R2;1040;;;;;;;;;;;;;;;;;;;;;;;;;;;;;;;;;;;;;;;;;;;;;;;;;;;;;;;;;;;;;;;;;;;;;;;;;;;;;;;;;;;;;;;;;;;;;;;;;;;;;;;;;;;;;;;;;;;;;;;;;;;;;;;;;;;;;;;;;;;;
2;0;10;11;0;Inst_task;0;undefined;undefined;undefined;undefined;white;xpyriment;legacy;legacy;0;uniform;undefined;a;undefined;undefined;undefined;3;49;50;1;0;1;1;0;49;5;0;0;1;1;0;0;0;1;0;0;0;49;5;1;0;1;51;1;0;1;undefined;0;0;11/30/21 11:04:20;The main experiment item;yes;;2. Instrumental.osexp;C:\Users\cncadmin\Desktop\Sara G\new task;no;mono;no;18;no;black;no;yes;768;legacy;17;17;5;1;0;C:/Users/cncadmin/Desktop/Sara G/DatiEEG/42ag2.csv;xpyriment;Kafkaesque Koffka;3.2.8;right;0;0;0;0;4;3;1;z;NA;1;1;1;15246;NA;141616;15246;1974;2;legacy;1024;2;48000;-16;experiment;42;even;620295;828688;816665;618435;147404;NA;618437;2783;816665;203648;147405;229259;621020;605079;5787;214013;3310;621020;147408;229259;147405;816665;203648;621020;147408;621020;828688;618435;2784;618437;pit experiment;0;0;0;yes;1024
INST;R2;813;;;;;;;;;;;;;;;;;;;;;;;;;;;;;;;;;;;;;;;;;;;;;;;;;;;;;;;;;;;;;;;;;;;;;;;;;;;;;;;;;;;;;;;;;;;;;;;;;;;;;;;;;;;;;;;;;;;;;;;;;;;;;;;;;;;;;;;;;;;;
INST;R2;816;;;;;;;;;;;;;;;;;;;;;;;;;;;;;;;;;;;;;;;;;;;;;;;;;;;;;;;;;;;;;;;;;;;;;;;;;;;;;;;;;;;;;;;;;;;;;;;;;;;;;;;;;;;;;;;;;;;;;;;;;;;;;;;;;;;;;;;;;;;;
INST;R2;928;;;;;;;;;;;;;;;;;;;;;;;;;;;;;;;;;;;;;;;;;;;;;;;;;;;;;;;;;;;;;;;;;;;;;;;;;;;;;;;;;;;;;;;;;;;;;;;;;;;;;;;;;;;;;;;;;;;;;;;;;;;;;;;;;;;;;;;;;;;;
INST;R2;745;;;;;;;;;;;;;;;;;;;;;;;;;;;;;;;;;;;;;;;;;;;;;;;;;;;;;;;;;;;;;;;;;;;;;;;;;;;;;;;;;;;;;;;;;;;;;;;;;;;;;;;;;;;;;;;;;;;;;;;;;;;;;;;;;;;;;;;;;;;;
2;0;10;12;0;Inst_task;0;undefined;undefined;undefined;undefined;white;xpyriment;legacy;legacy;0;uniform;undefined;a;undefined;undefined;undefined;3;50;51;1;0;1;1;0;50;5;0;0;1;1;0;0;0;1;0;0;0;50;5;1;0;1;52;1;0;1;undefined;0;0;11/30/21 11:04:20;The main experiment item;yes;;2. Instrumental.osexp;C:\Users\cncadmin\Desktop\Sara G\new task;no;mono;no;18;no;black;no;yes;768;legacy;18;18;5;1;0;C:/Users/cncadmin/Desktop/Sara G/DatiEEG/42ag2.csv;xpyriment;Kafkaesque Koffka;3.2.8;right;0;0;0;0;4;3;1;z;NA;1;1;1;15246;NA;141616;15246;1974;2;legacy;1024;2;48000;-16;experiment;42;even;620295;840857;828778;618435;147404;NA;618437;2783;828778;203648;147405;229259;621020;605079;5787;214013;3310;621020;147408;229259;147405;828778;203648;621020;147408;621020;840857;618435;2784;618437;pit experiment;0;0;0;yes;1024
INST;R1;949;;;;;;;;;;;;;;;;;;;;;;;;;;;;;;;;;;;;;;;;;;;;;;;;;;;;;;;;;;;;;;;;;;;;;;;;;;;;;;;;;;;;;;;;;;;;;;;;;;;;;;;;;;;;;;;;;;;;;;;;;;;;;;;;;;;;;;;;;;;;
INST;R1;728;;;;;;;;;;;;;;;;;;;;;;;;;;;;;;;;;;;;;;;;;;;;;;;;;;;;;;;;;;;;;;;;;;;;;;;;;;;;;;;;;;;;;;;;;;;;;;;;;;;;;;;;;;;;;;;;;;;;;;;;;;;;;;;;;;;;;;;;;;;;
INST;R1;2032;;;;;;;;;;;;;;;;;;;;;;;;;;;;;;;;;;;;;;;;;;;;;;;;;;;;;;;;;;;;;;;;;;;;;;;;;;;;;;;;;;;;;;;;;;;;;;;;;;;;;;;;;;;;;;;;;;;;;;;;;;;;;;;;;;;;;;;;;;;;
2;0;11;12;0;Inst_task;0;undefined;undefined;undefined;undefined;white;xpyriment;legacy;legacy;0;uniform;undefined;a;undefined;undefined;undefined;3;51;52;1;0;1;1;0;51;5;0;0;1;1;0;0;0;1;0;0;0;51;5;1;0;1;53;1;0;1;undefined;0;0;11/30/21 11:04:20;The main experiment item;yes;;2. Instrumental.osexp;C:\Users\cncadmin\Desktop\Sara G\new task;no;mono;no;18;no;black;no;yes;768;legacy;19;19;5;1;0;C:/Users/cncadmin/Desktop/Sara G/DatiEEG/42ag2.csv;xpyriment;Kafkaesque Koffka;3.2.8;right;0;3;2;1;0;0;0;z;NA;1;1;1;15246;NA;141616;15246;1974;2;legacy;1024;2;48000;-16;experiment;42;even;620295;852419;840960;618435;147404;NA;618437;2783;840960;203648;147405;229259;621020;605079;5787;214013;3310;621020;147408;229259;147405;840960;203648;621020;147408;621020;852419;618435;2784;618437;pit experiment;0;0;0;yes;1024
INST;R2;808;;;;;;;;;;;;;;;;;;;;;;;;;;;;;;;;;;;;;;;;;;;;;;;;;;;;;;;;;;;;;;;;;;;;;;;;;;;;;;;;;;;;;;;;;;;;;;;;;;;;;;;;;;;;;;;;;;;;;;;;;;;;;;;;;;;;;;;;;;;;
INST;R2;671;;;;;;;;;;;;;;;;;;;;;;;;;;;;;;;;;;;;;;;;;;;;;;;;;;;;;;;;;;;;;;;;;;;;;;;;;;;;;;;;;;;;;;;;;;;;;;;;;;;;;;;;;;;;;;;;;;;;;;;;;;;;;;;;;;;;;;;;;;;;
INST;R2;816;;;;;;;;;;;;;;;;;;;;;;;;;;;;;;;;;;;;;;;;;;;;;;;;;;;;;;;;;;;;;;;;;;;;;;;;;;;;;;;;;;;;;;;;;;;;;;;;;;;;;;;;;;;;;;;;;;;;;;;;;;;;;;;;;;;;;;;;;;;;
INST;R2;848;;;;;;;;;;;;;;;;;;;;;;;;;;;;;;;;;;;;;;;;;;;;;;;;;;;;;;;;;;;;;;;;;;;;;;;;;;;;;;;;;;;;;;;;;;;;;;;;;;;;;;;;;;;;;;;;;;;;;;;;;;;;;;;;;;;;;;;;;;;;
2;0;11;13;0;Inst_task;0;undefined;undefined;undefined;undefined;white;xpyriment;legacy;legacy;0;uniform;undefined;a;undefined;undefined;undefined;3;52;53;1;0;1;1;0;52;5;0;0;1;1;0;0;0;1;0;0;0;52;5;1;0;1;54;1;0;1;undefined;0;0;11/30/21 11:04:20;The main experiment item;yes;;2. Instrumental.osexp;C:\Users\cncadmin\Desktop\Sara G\new task;no;mono;no;18;no;black;no;yes;768;legacy;20;20;5;1;0;C:/Users/cncadmin/Desktop/Sara G/DatiEEG/42ag2.csv;xpyriment;Kafkaesque Koffka;3.2.8;right;0;0;0;0;4;3;1;m;NA;1;1;1;15246;NA;141616;15246;1974;2;legacy;1024;2;48000;-16;experiment;42;even;620295;864387;852476;618435;147404;NA;618437;2783;852476;203648;147405;229259;621020;605079;5787;214013;3310;621020;147408;229259;147405;852476;203648;621020;147408;621020;864387;618435;2784;618437;pit experiment;0;0;0;yes;1024
INST;R1;748;;;;;;;;;;;;;;;;;;;;;;;;;;;;;;;;;;;;;;;;;;;;;;;;;;;;;;;;;;;;;;;;;;;;;;;;;;;;;;;;;;;;;;;;;;;;;;;;;;;;;;;;;;;;;;;;;;;;;;;;;;;;;;;;;;;;;;;;;;;;
INST;R1;464;;;;;;;;;;;;;;;;;;;;;;;;;;;;;;;;;;;;;;;;;;;;;;;;;;;;;;;;;;;;;;;;;;;;;;;;;;;;;;;;;;;;;;;;;;;;;;;;;;;;;;;;;;;;;;;;;;;;;;;;;;;;;;;;;;;;;;;;;;;;
INST;R1;640;;;;;;;;;;;;;;;;;;;;;;;;;;;;;;;;;;;;;;;;;;;;;;;;;;;;;;;;;;;;;;;;;;;;;;;;;;;;;;;;;;;;;;;;;;;;;;;;;;;;;;;;;;;;;;;;;;;;;;;;;;;;;;;;;;;;;;;;;;;;
INST;R1;808;;;;;;;;;;;;;;;;;;;;;;;;;;;;;;;;;;;;;;;;;;;;;;;;;;;;;;;;;;;;;;;;;;;;;;;;;;;;;;;;;;;;;;;;;;;;;;;;;;;;;;;;;;;;;;;;;;;;;;;;;;;;;;;;;;;;;;;;;;;;
2;0;12;13;0;Inst_task;0;undefined;undefined;undefined;undefined;white;xpyriment;legacy;legacy;0;uniform;undefined;a;undefined;undefined;undefined;3;53;54;1;0;1;1;0;53;5;0;0;1;1;0;0;0;1;0;0;0;53;5;1;0;1;55;1;0;1;undefined;0;0;11/30/21 11:04:20;The main experiment item;yes;;2. Instrumental.osexp;C:\Users\cncadmin\Desktop\Sara G\new task;no;mono;no;18;no;black;no;yes;768;legacy;21;21;5;1;0;C:/Users/cncadmin/Desktop/Sara G/DatiEEG/42ag2.csv;xpyriment;Kafkaesque Koffka;3.2.8;right;0;4;3;1;0;0;0;m;NA;1;1;1;15246;NA;141616;15246;1974;2;legacy;1024;2;48000;-16;experiment;42;even;620295;875743;864453;618435;147404;NA;618437;2783;864453;203648;147405;229259;621020;605079;5787;214013;3310;621020;147408;229259;147405;864453;203648;621020;147408;621020;875743;618435;2784;618437;pit experiment;0;0;0;yes;1024
INST;R2;611;;;;;;;;;;;;;;;;;;;;;;;;;;;;;;;;;;;;;;;;;;;;;;;;;;;;;;;;;;;;;;;;;;;;;;;;;;;;;;;;;;;;;;;;;;;;;;;;;;;;;;;;;;;;;;;;;;;;;;;;;;;;;;;;;;;;;;;;;;;;
INST;R2;656;;;;;;;;;;;;;;;;;;;;;;;;;;;;;;;;;;;;;;;;;;;;;;;;;;;;;;;;;;;;;;;;;;;;;;;;;;;;;;;;;;;;;;;;;;;;;;;;;;;;;;;;;;;;;;;;;;;;;;;;;;;;;;;;;;;;;;;;;;;;
INST;R2;680;;;;;;;;;;;;;;;;;;;;;;;;;;;;;;;;;;;;;;;;;;;;;;;;;;;;;;;;;;;;;;;;;;;;;;;;;;;;;;;;;;;;;;;;;;;;;;;;;;;;;;;;;;;;;;;;;;;;;;;;;;;;;;;;;;;;;;;;;;;;
INST;R2;680;;;;;;;;;;;;;;;;;;;;;;;;;;;;;;;;;;;;;;;;;;;;;;;;;;;;;;;;;;;;;;;;;;;;;;;;;;;;;;;;;;;;;;;;;;;;;;;;;;;;;;;;;;;;;;;;;;;;;;;;;;;;;;;;;;;;;;;;;;;;
2;0;12;14;0;Inst_task;0;undefined;undefined;undefined;undefined;white;xpyriment;legacy;legacy;0;uniform;undefined;a;undefined;undefined;undefined;3;54;55;1;0;1;1;0;54;5;0;0;1;1;0;0;0;1;0;0;0;54;5;1;0;1;56;1;0;1;undefined;0;0;11/30/21 11:04:20;The main experiment item;yes;;2. Instrumental.osexp;C:\Users\cncadmin\Desktop\Sara G\new task;no;mono;no;18;no;black;no;yes;768;legacy;22;22;5;1;0;C:/Users/cncadmin/Desktop/Sara G/DatiEEG/42ag2.csv;xpyriment;Kafkaesque Koffka;3.2.8;right;0;0;0;0;4;3;1;m;NA;1;1;1;15246;NA;141616;15246;1974;2;legacy;1024;2;48000;-16;experiment;42;even;620295;886814;875845;618435;147404;NA;618437;2783;875845;203648;147405;229259;621020;605079;5787;214013;3310;621020;147408;229259;147405;875845;203648;621020;147408;621020;886814;618435;2784;618437;pit experiment;0;0;0;yes;1024
INST;R1;544;;;;;;;;;;;;;;;;;;;;;;;;;;;;;;;;;;;;;;;;;;;;;;;;;;;;;;;;;;;;;;;;;;;;;;;;;;;;;;;;;;;;;;;;;;;;;;;;;;;;;;;;;;;;;;;;;;;;;;;;;;;;;;;;;;;;;;;;;;;;
INST;R1;736;;;;;;;;;;;;;;;;;;;;;;;;;;;;;;;;;;;;;;;;;;;;;;;;;;;;;;;;;;;;;;;;;;;;;;;;;;;;;;;;;;;;;;;;;;;;;;;;;;;;;;;;;;;;;;;;;;;;;;;;;;;;;;;;;;;;;;;;;;;;
INST;R1;728;;;;;;;;;;;;;;;;;;;;;;;;;;;;;;;;;;;;;;;;;;;;;;;;;;;;;;;;;;;;;;;;;;;;;;;;;;;;;;;;;;;;;;;;;;;;;;;;;;;;;;;;;;;;;;;;;;;;;;;;;;;;;;;;;;;;;;;;;;;;
INST;R1;768;;;;;;;;;;;;;;;;;;;;;;;;;;;;;;;;;;;;;;;;;;;;;;;;;;;;;;;;;;;;;;;;;;;;;;;;;;;;;;;;;;;;;;;;;;;;;;;;;;;;;;;;;;;;;;;;;;;;;;;;;;;;;;;;;;;;;;;;;;;;
2;0;14;14;0;Inst_task;0;undefined;undefined;undefined;undefined;white;xpyriment;legacy;legacy;0;uniform;undefined;a;undefined;undefined;undefined;3;55;56;1;0;1;1;0;55;5;0;0;1;1;0;0;0;1;0;0;0;55;5;1;0;1;57;1;0;1;undefined;0;0;11/30/21 11:04:20;The main experiment item;yes;;2. Instrumental.osexp;C:\Users\cncadmin\Desktop\Sara G\new task;no;mono;no;18;no;black;no;yes;768;legacy;23;23;5;1;0;C:/Users/cncadmin/Desktop/Sara G/DatiEEG/42ag2.csv;xpyriment;Kafkaesque Koffka;3.2.8;right;0;4;2;2;0;0;0;z;NA;1;1;1;15246;NA;141616;15246;1974;2;legacy;1024;2;48000;-16;experiment;42;even;620295;898409;886900;618435;147404;NA;618437;2783;886901;203648;147405;229259;621020;605079;5787;214013;3310;621020;147408;229259;147405;886900;203648;621020;147408;621020;898409;618435;2784;618437;pit experiment;0;0;0;yes;1024
INST;R2;609;;;;;;;;;;;;;;;;;;;;;;;;;;;;;;;;;;;;;;;;;;;;;;;;;;;;;;;;;;;;;;;;;;;;;;;;;;;;;;;;;;;;;;;;;;;;;;;;;;;;;;;;;;;;;;;;;;;;;;;;;;;;;;;;;;;;;;;;;;;;
INST;R2;680;;;;;;;;;;;;;;;;;;;;;;;;;;;;;;;;;;;;;;;;;;;;;;;;;;;;;;;;;;;;;;;;;;;;;;;;;;;;;;;;;;;;;;;;;;;;;;;;;;;;;;;;;;;;;;;;;;;;;;;;;;;;;;;;;;;;;;;;;;;;
INST;R2;767;;;;;;;;;;;;;;;;;;;;;;;;;;;;;;;;;;;;;;;;;;;;;;;;;;;;;;;;;;;;;;;;;;;;;;;;;;;;;;;;;;;;;;;;;;;;;;;;;;;;;;;;;;;;;;;;;;;;;;;;;;;;;;;;;;;;;;;;;;;;
INST;R2;817;;;;;;;;;;;;;;;;;;;;;;;;;;;;;;;;;;;;;;;;;;;;;;;;;;;;;;;;;;;;;;;;;;;;;;;;;;;;;;;;;;;;;;;;;;;;;;;;;;;;;;;;;;;;;;;;;;;;;;;;;;;;;;;;;;;;;;;;;;;;
2;0;14;14;0;Inst_task;0;undefined;undefined;undefined;undefined;white;xpyriment;legacy;legacy;0;uniform;undefined;a;undefined;undefined;undefined;3;56;57;1;0;1;1;0;56;5;0;0;1;1;0;0;0;1;0;0;0;56;5;1;0;1;58;1;0;1;undefined;0;0;11/30/21 11:04:20;The main experiment item;yes;;2. Instrumental.osexp;C:\Users\cncadmin\Desktop\Sara G\new task;no;mono;no;18;no;black;no;yes;768;legacy;24;24;5;1;0;C:/Users/cncadmin/Desktop/Sara G/DatiEEG/42ag2.csv;xpyriment;Kafkaesque Koffka;3.2.8;right;0;0;0;0;4;4;0;z;NA;1;1;1;15246;NA;141616;15246;1974;2;legacy;1024;2;48000;-16;experiment;42;even;620295;909676;898478;618435;147404;NA;618437;2783;898478;203648;147405;229259;621020;605079;5787;214013;3310;621020;147408;229259;147405;898477;203648;621020;147408;621020;909676;618435;2784;618437;pit experiment;0;0;0;yes;1024
INST;R1;562;;;;;;;;;;;;;;;;;;;;;;;;;;;;;;;;;;;;;;;;;;;;;;;;;;;;;;;;;;;;;;;;;;;;;;;;;;;;;;;;;;;;;;;;;;;;;;;;;;;;;;;;;;;;;;;;;;;;;;;;;;;;;;;;;;;;;;;;;;;;
INST;R1;688;;;;;;;;;;;;;;;;;;;;;;;;;;;;;;;;;;;;;;;;;;;;;;;;;;;;;;;;;;;;;;;;;;;;;;;;;;;;;;;;;;;;;;;;;;;;;;;;;;;;;;;;;;;;;;;;;;;;;;;;;;;;;;;;;;;;;;;;;;;;
INST;R1;720;;;;;;;;;;;;;;;;;;;;;;;;;;;;;;;;;;;;;;;;;;;;;;;;;;;;;;;;;;;;;;;;;;;;;;;;;;;;;;;;;;;;;;;;;;;;;;;;;;;;;;;;;;;;;;;;;;;;;;;;;;;;;;;;;;;;;;;;;;;;
INST;R1;1024;;;;;;;;;;;;;;;;;;;;;;;;;;;;;;;;;;;;;;;;;;;;;;;;;;;;;;;;;;;;;;;;;;;;;;;;;;;;;;;;;;;;;;;;;;;;;;;;;;;;;;;;;;;;;;;;;;;;;;;;;;;;;;;;;;;;;;;;;;;;
2;0;15;14;0;Inst_task;0;undefined;undefined;undefined;undefined;white;xpyriment;legacy;legacy;0;uniform;undefined;a;undefined;undefined;undefined;3;57;58;1;0;1;1;0;57;5;0;0;1;1;0;0;0;1;0;0;0;57;5;1;0;1;59;1;0;1;undefined;0;0;11/30/21 11:04:20;The main experiment item;yes;;2. Instrumental.osexp;C:\Users\cncadmin\Desktop\Sara G\new task;no;mono;no;18;no;black;no;yes;768;legacy;25;25;5;1;0;C:/Users/cncadmin/Desktop/Sara G/DatiEEG/42ag2.csv;xpyriment;Kafkaesque Koffka;3.2.8;right;0;4;3;1;0;0;0;z;NA;1;1;1;15246;NA;141616;15246;1974;2;legacy;1024;2;48000;-16;experiment;42;even;620295;921383;909763;618435;147404;NA;618437;2783;909763;203648;147405;229259;621020;605079;5787;214013;3310;621020;147408;229259;147405;909763;203648;621020;147408;621020;921383;618435;2784;618437;pit experiment;0;0;0;yes;1024
INST;R2;786;;;;;;;;;;;;;;;;;;;;;;;;;;;;;;;;;;;;;;;;;;;;;;;;;;;;;;;;;;;;;;;;;;;;;;;;;;;;;;;;;;;;;;;;;;;;;;;;;;;;;;;;;;;;;;;;;;;;;;;;;;;;;;;;;;;;;;;;;;;;
INST;R2;800;;;;;;;;;;;;;;;;;;;;;;;;;;;;;;;;;;;;;;;;;;;;;;;;;;;;;;;;;;;;;;;;;;;;;;;;;;;;;;;;;;;;;;;;;;;;;;;;;;;;;;;;;;;;;;;;;;;;;;;;;;;;;;;;;;;;;;;;;;;;
INST;R2;984;;;;;;;;;;;;;;;;;;;;;;;;;;;;;;;;;;;;;;;;;;;;;;;;;;;;;;;;;;;;;;;;;;;;;;;;;;;;;;;;;;;;;;;;;;;;;;;;;;;;;;;;;;;;;;;;;;;;;;;;;;;;;;;;;;;;;;;;;;;;
INST;R2;880;;;;;;;;;;;;;;;;;;;;;;;;;;;;;;;;;;;;;;;;;;;;;;;;;;;;;;;;;;;;;;;;;;;;;;;;;;;;;;;;;;;;;;;;;;;;;;;;;;;;;;;;;;;;;;;;;;;;;;;;;;;;;;;;;;;;;;;;;;;;
2;0;15;15;0;Inst_task;0;undefined;undefined;undefined;undefined;white;xpyriment;legacy;legacy;0;uniform;undefined;a;undefined;undefined;undefined;3;58;59;1;0;1;1;0;58;5;0;0;1;1;0;0;0;1;0;0;0;58;5;1;0;1;60;1;0;1;undefined;0;0;11/30/21 11:04:20;The main experiment item;yes;;2. Instrumental.osexp;C:\Users\cncadmin\Desktop\Sara G\new task;no;mono;no;18;no;black;no;yes;768;legacy;26;26;5;1;0;C:/Users/cncadmin/Desktop/Sara G/DatiEEG/42ag2.csv;xpyriment;Kafkaesque Koffka;3.2.8;right;0;0;0;0;4;3;1;z;NA;1;1;1;15246;NA;141616;15246;1974;2;legacy;1024;2;48000;-16;experiment;42;even;620295;933282;921439;618435;147404;NA;618437;2783;921439;203648;147405;229259;621020;605079;5787;214013;3310;621020;147408;229259;147405;921439;203648;621020;147408;621020;933282;618435;2784;618437;pit experiment;0;0;0;yes;1024
3;0;15;15;0;Inst_question;0;undefined;undefined;undefined;undefined;white;xpyriment;legacy;legacy;0;uniform;undefined;a;undefined;undefined;undefined;4;58;59;2;0;1;2;0;58;5;0;0;1;1;0;0;0;1;0;0;0;58;5;1;0;1;61;2;0;2;undefined;0;0;11/30/21 11:04:20;The main experiment item;yes;;2. Instrumental.osexp;C:\Users\cncadmin\Desktop\Sara G\new task;no;mono;no;18;no;black;no;yes;768;legacy;0;27;5;1;0;C:/Users/cncadmin/Desktop/Sara G/DatiEEG/42ag2.csv;xpyriment;Kafkaesque Koffka;3.2.8;right;0;0;0;0;4;3;1;a;NA;1;1;1;15246;NA;141616;15246;1974;2;legacy;1024;2;48000;-16;experiment;42;even;941468;933282;921439;933843;147404;NA;933845;2783;921439;203648;147405;229259;621020;933381;5787;214013;3310;621020;147408;229259;147405;921439;203648;621020;147408;621020;941968;933843;2784;933845;pit experiment;0;0;0;yes;1024
4;0;15;15;0;Inst_question;0;undefined;undefined;undefined;undefined;white;xpyriment;legacy;legacy;0;uniform;undefined;l;undefined;undefined;undefined;5;58;59;3;0;1;3;0;58;5;0;0;1;1;0;0;0;1;0;0;0;58;5;1;0;1;62;3;0;3;undefined;0;0;11/30/21 11:04:20;The main experiment item;yes;;2. Instrumental.osexp;C:\Users\cncadmin\Desktop\Sara G\new task;no;mono;no;18;no;black;no;yes;768;legacy;1;27;5;1;0;C:/Users/cncadmin/Desktop/Sara G/DatiEEG/42ag2.csv;xpyriment;Kafkaesque Koffka;3.2.8;left;0;0;0;0;4;3;1;l;NA;1;1;1;15246;NA;141616;15246;1974;2;legacy;1024;2;48000;-16;experiment;42;even;946677;933282;921439;942519;147404;NA;942521;2783;921439;203648;147405;229259;621020;933381;5787;214013;3310;621020;147408;229259;147405;921439;203648;621020;147408;621020;947177;942519;2784;942521;pit experiment;0;0;0;yes;1024
