INST;R2;5086;;;;;;;;;;;;;;;;;;;;;;;;;;;;;;;;;;;;;;;;;;;;;;;;;;;;;;;;;;;;;;;;;;;;;;;;;;;;;;;;;;;;;;;;;;;;;;;;;;;;;;;;;;;;;;;;;;;;;;;;;;;;;;;;;;;;;;;;;;;;;;
INST;R2;440;;;;;;;;;;;;;;;;;;;;;;;;;;;;;;;;;;;;;;;;;;;;;;;;;;;;;;;;;;;;;;;;;;;;;;;;;;;;;;;;;;;;;;;;;;;;;;;;;;;;;;;;;;;;;;;;;;;;;;;;;;;;;;;;;;;;;;;;;;;;;;
INST;R2;385;;;;;;;;;;;;;;;;;;;;;;;;;;;;;;;;;;;;;;;;;;;;;;;;;;;;;;;;;;;;;;;;;;;;;;;;;;;;;;;;;;;;;;;;;;;;;;;;;;;;;;;;;;;;;;;;;;;;;;;;;;;;;;;;;;;;;;;;;;;;;;
INST;R2;394;;;;;;;;;;;;;;;;;;;;;;;;;;;;;;;;;;;;;;;;;;;;;;;;;;;;;;;;;;;;;;;;;;;;;;;;;;;;;;;;;;;;;;;;;;;;;;;;;;;;;;;;;;;;;;;;;;;;;;;;;;;;;;;;;;;;;;;;;;;;;;
CorrRes;ITI;Res01rewCum;Res02rewCum;ResTotal;TASK;Wrong;acc;accuracy;average_response_time;avg_rt;background;canvas_backend;clock_backend;color_backend;compensation;coordinates;correct;correctAnswer;correct_instructions_inst;correct_instructions_inst_2;correct_instructions_start;count_ITI_questions;count_count_rewards;count_define_task_1;count_define_task_2;count_define_task_6;count_empty;count_end;count_evaluate_answer;count_experiment;count_inline_instrumental;count_inline_instrumental_1;count_inline_variabili;count_inline_variabili_ins_1;count_inline_variabili_ins_2;count_inst_questions;count_instructions_inst;count_instructions_inst_2;count_instructions_start;count_instrumental_loop;count_instrumental_loop_1;count_instrumental_loop_complete;count_instrumental_practice;count_instrumental_sequence;count_instrumental_sequence_2;count_instrumental_sequence_complete;count_instrumental_sequence_complete_1;count_learning_criteria;count_logger;count_new_sequence_1;count_open_triggerEEG;count_question_1;cursor_roi;cursor_x;cursor_y;datetime;description;disable_garbage_collection;empty_column;experiment_file;experiment_path;font_bold;font_family;font_italic;font_size;font_underline;foreground;form_clicks;fullscreen;height;keyboard_backend;live_row;live_row_instrumental_loop;live_row_instrumental_loop_1;live_row_instrumental_loop_complete;live_row_instrumental_practice;logfile;mouse_backend;opensesame_codename;opensesame_version;question;repeat_cycle;resO1;resO1nul;resO1reward;resO2;resO2nul;resO2reward;response;response_end;response_instructions_inst;response_instructions_inst_2;response_instructions_start;response_time;response_time_end;response_time_instructions_inst;response_time_instructions_inst_2;response_time_instructions_start;round_decimals;sampler_backend;sound_buf_size;sound_channels;sound_freq;sound_sample_size;start;subject_nr;subject_parity;time_ITI_questions;time_count_rewards;time_define_task_1;time_define_task_2;time_define_task_6;time_empty;time_end;time_evaluate_answer;time_experiment;time_inline_instrumental;time_inline_instrumental_1;time_inline_variabili;time_inline_variabili_ins_1;time_inline_variabili_ins_2;time_inst_questions;time_instructions_inst;time_instructions_inst_2;time_instructions_start;time_instrumental_loop;time_instrumental_loop_1;time_instrumental_loop_complete;time_instrumental_practice;time_instrumental_sequence;time_instrumental_sequence_2;time_instrumental_sequence_complete;time_instrumental_sequence_complete_1;time_learning_criteria;time_logger;time_new_sequence_1;time_open_triggerEEG;time_question_1;title;total_correct;total_response_time;total_responses;uniform_coordinates;width
0;0;0;1;0;Inst_task;0;undefined;undefined;undefined;undefined;white;xpyriment;legacy;legacy;0;uniform;undefined;NA;undefined;undefined;undefined;1;0;0;NA;0;0;0;NA;0;0;1;0;0;0;0;0;0;0;0;0;0;0;0;1;0;0;0;0;NA;0;NA;undefined;336;0;05/05/2021 16:14;The main experiment item;yes;;2. Instrumental.osexp;C:\Users\cncadmin\Desktop\Sara G\New_task;no;mono;no;18;no;black;no;yes;768;legacy;0;0;1;0;0;C:/Users/cncadmin/Desktop/Sara G/DatiEEG/02mi2.csv;xpyriment;Kafkaesque Koffka;3.2.8;NA;0;0;0;0;4;3;1;m;NA;1;1;1;22266;NA;57162;22266;11729;2;legacy;1024;2;48000;-16;experiment;2;even;15256;123229;112328;NA;2993;72921;NA;NA;2993;112328;81543;72921;112112;112304;NA;15758;89845;3526;112304;72925;112112;72921;112328;81543;112303;72924;112304;123229;NA;2993;NA;pit experiment;0;0;0;yes;1024
INST;R1;5297;;;;;;;;;;;;;;;;;;;;;;;;;;;;;;;;;;;;;;;;;;;;;;;;;;;;;;;;;;;;;;;;;;;;;;;;;;;;;;;;;;;;;;;;;;;;;;;;;;;;;;;;;;;;;;;;;;;;;;;;;;;;;;;;;;;;;;;;;;;;;;
INST;R1;447;;;;;;;;;;;;;;;;;;;;;;;;;;;;;;;;;;;;;;;;;;;;;;;;;;;;;;;;;;;;;;;;;;;;;;;;;;;;;;;;;;;;;;;;;;;;;;;;;;;;;;;;;;;;;;;;;;;;;;;;;;;;;;;;;;;;;;;;;;;;;;
INST;R1;384;;;;;;;;;;;;;;;;;;;;;;;;;;;;;;;;;;;;;;;;;;;;;;;;;;;;;;;;;;;;;;;;;;;;;;;;;;;;;;;;;;;;;;;;;;;;;;;;;;;;;;;;;;;;;;;;;;;;;;;;;;;;;;;;;;;;;;;;;;;;;;
INST;R1;385;;;;;;;;;;;;;;;;;;;;;;;;;;;;;;;;;;;;;;;;;;;;;;;;;;;;;;;;;;;;;;;;;;;;;;;;;;;;;;;;;;;;;;;;;;;;;;;;;;;;;;;;;;;;;;;;;;;;;;;;;;;;;;;;;;;;;;;;;;;;;;
0;0;1;1;0;Inst_task;0;undefined;undefined;undefined;undefined;white;xpyriment;legacy;legacy;0;uniform;undefined;NA;undefined;undefined;undefined;1;1;1;NA;0;0;0;NA;0;1;1;0;0;0;0;0;0;0;0;0;0;0;1;1;0;0;0;1;NA;0;NA;undefined;336;0;05/05/2021 16:14;The main experiment item;yes;;2. Instrumental.osexp;C:\Users\cncadmin\Desktop\Sara G\New_task;no;mono;no;18;no;black;no;yes;768;legacy;1;1;1;0;0;C:/Users/cncadmin/Desktop/Sara G/DatiEEG/02mi2.csv;xpyriment;Kafkaesque Koffka;3.2.8;NA;0;4;3;1;0;0;0;z;NA;1;1;1;22266;NA;57162;22266;11729;2;legacy;1024;2;48000;-16;experiment;2;even;15256;134445;123347;NA;2993;72921;NA;NA;2993;123347;81543;72921;112112;112304;NA;15758;89845;3526;112304;72925;112112;72921;123346;81543;112303;72924;112304;134445;NA;2993;NA;pit experiment;0;0;0;yes;1024
INST;R1;21128;;;;;;;;;;;;;;;;;;;;;;;;;;;;;;;;;;;;;;;;;;;;;;;;;;;;;;;;;;;;;;;;;;;;;;;;;;;;;;;;;;;;;;;;;;;;;;;;;;;;;;;;;;;;;;;;;;;;;;;;;;;;;;;;;;;;;;;;;;;;;;
0;0;2;1;0;Inst_task;0;undefined;undefined;undefined;undefined;white;xpyriment;legacy;legacy;0;uniform;undefined;NA;undefined;undefined;undefined;1;2;2;NA;0;0;0;NA;0;2;1;0;0;0;0;0;0;0;0;0;0;0;2;1;0;0;0;2;NA;0;NA;undefined;336;0;05/05/2021 16:14;The main experiment item;yes;;2. Instrumental.osexp;C:\Users\cncadmin\Desktop\Sara G\New_task;no;mono;no;18;no;black;no;yes;768;legacy;2;2;1;0;0;C:/Users/cncadmin/Desktop/Sara G/DatiEEG/02mi2.csv;xpyriment;Kafkaesque Koffka;3.2.8;NA;0;1;0;1;0;0;0;z;NA;1;1;1;22266;NA;57162;22266;11729;2;legacy;1024;2;48000;-16;experiment;2;even;15256;157254;134523;NA;2993;72921;NA;NA;2993;134523;81543;72921;112112;112304;NA;15758;89845;3526;112304;72925;112112;72921;134523;81543;112303;72924;112304;157254;NA;2993;NA;pit experiment;0;0;0;yes;1024
INST;R2;7252;;;;;;;;;;;;;;;;;;;;;;;;;;;;;;;;;;;;;;;;;;;;;;;;;;;;;;;;;;;;;;;;;;;;;;;;;;;;;;;;;;;;;;;;;;;;;;;;;;;;;;;;;;;;;;;;;;;;;;;;;;;;;;;;;;;;;;;;;;;;;;
INST;R2;720;;;;;;;;;;;;;;;;;;;;;;;;;;;;;;;;;;;;;;;;;;;;;;;;;;;;;;;;;;;;;;;;;;;;;;;;;;;;;;;;;;;;;;;;;;;;;;;;;;;;;;;;;;;;;;;;;;;;;;;;;;;;;;;;;;;;;;;;;;;;;;
0;0;2;2;0;Inst_task;0;undefined;undefined;undefined;undefined;white;xpyriment;legacy;legacy;0;uniform;undefined;NA;undefined;undefined;undefined;1;3;3;NA;0;0;0;NA;0;3;1;0;0;0;0;0;0;0;0;0;0;0;3;1;0;0;0;3;NA;0;NA;undefined;336;0;05/05/2021 16:14;The main experiment item;yes;;2. Instrumental.osexp;C:\Users\cncadmin\Desktop\Sara G\New_task;no;mono;no;18;no;black;no;yes;768;legacy;3;3;1;0;0;C:/Users/cncadmin/Desktop/Sara G/DatiEEG/02mi2.csv;xpyriment;Kafkaesque Koffka;3.2.8;NA;0;0;0;0;2;1;1;z;NA;1;1;1;22266;NA;57162;22266;11729;2;legacy;1024;2;48000;-16;experiment;2;even;15256;167906;157328;NA;2993;72921;NA;NA;2993;157328;81543;72921;112112;112304;NA;15758;89845;3526;112304;72925;112112;72921;157327;81543;112303;72924;112304;167906;NA;2993;NA;pit experiment;0;0;0;yes;1024
INST;R1;5806;;;;;;;;;;;;;;;;;;;;;;;;;;;;;;;;;;;;;;;;;;;;;;;;;;;;;;;;;;;;;;;;;;;;;;;;;;;;;;;;;;;;;;;;;;;;;;;;;;;;;;;;;;;;;;;;;;;;;;;;;;;;;;;;;;;;;;;;;;;;;;
INST;R1;392;;;;;;;;;;;;;;;;;;;;;;;;;;;;;;;;;;;;;;;;;;;;;;;;;;;;;;;;;;;;;;;;;;;;;;;;;;;;;;;;;;;;;;;;;;;;;;;;;;;;;;;;;;;;;;;;;;;;;;;;;;;;;;;;;;;;;;;;;;;;;;
INST;R1;496;;;;;;;;;;;;;;;;;;;;;;;;;;;;;;;;;;;;;;;;;;;;;;;;;;;;;;;;;;;;;;;;;;;;;;;;;;;;;;;;;;;;;;;;;;;;;;;;;;;;;;;;;;;;;;;;;;;;;;;;;;;;;;;;;;;;;;;;;;;;;;
0;0;2;2;0;Inst_task;0;undefined;undefined;undefined;undefined;white;xpyriment;legacy;legacy;0;uniform;undefined;NA;undefined;undefined;undefined;1;4;4;NA;0;0;0;NA;0;4;1;0;0;0;0;0;0;0;0;0;0;0;4;1;0;0;0;4;NA;0;NA;undefined;336;0;05/05/2021 16:14;The main experiment item;yes;;2. Instrumental.osexp;C:\Users\cncadmin\Desktop\Sara G\New_task;no;mono;no;18;no;black;no;yes;768;legacy;4;4;1;0;0;C:/Users/cncadmin/Desktop/Sara G/DatiEEG/02mi2.csv;xpyriment;Kafkaesque Koffka;3.2.8;NA;0;3;3;0;0;0;0;m;NA;1;1;1;22266;NA;57162;22266;11729;2;legacy;1024;2;48000;-16;experiment;2;even;15256;178393;167995;NA;2993;72921;NA;NA;2993;167995;81543;72921;112112;112304;NA;15758;89845;3526;112304;72925;112112;72921;167995;81543;112303;72924;112304;178393;NA;2993;NA;pit experiment;0;0;0;yes;1024
INST;R1;8003;;;;;;;;;;;;;;;;;;;;;;;;;;;;;;;;;;;;;;;;;;;;;;;;;;;;;;;;;;;;;;;;;;;;;;;;;;;;;;;;;;;;;;;;;;;;;;;;;;;;;;;;;;;;;;;;;;;;;;;;;;;;;;;;;;;;;;;;;;;;;;
INST;R1;416;;;;;;;;;;;;;;;;;;;;;;;;;;;;;;;;;;;;;;;;;;;;;;;;;;;;;;;;;;;;;;;;;;;;;;;;;;;;;;;;;;;;;;;;;;;;;;;;;;;;;;;;;;;;;;;;;;;;;;;;;;;;;;;;;;;;;;;;;;;;;;
0;0;3;2;0;Inst_task;0;undefined;undefined;undefined;undefined;white;xpyriment;legacy;legacy;0;uniform;undefined;NA;undefined;undefined;undefined;1;5;5;NA;0;0;0;NA;0;5;1;0;0;0;0;0;0;0;0;0;0;0;5;1;0;0;0;5;NA;0;NA;undefined;336;0;05/05/2021 16:14;The main experiment item;yes;;2. Instrumental.osexp;C:\Users\cncadmin\Desktop\Sara G\New_task;no;mono;no;18;no;black;no;yes;768;legacy;5;5;1;0;0;C:/Users/cncadmin/Desktop/Sara G/DatiEEG/02mi2.csv;xpyriment;Kafkaesque Koffka;3.2.8;NA;0;2;1;1;0;0;0;m;NA;1;1;1;22266;NA;57162;22266;11729;2;legacy;1024;2;48000;-16;experiment;2;even;15256;189510;178475;NA;2993;72921;NA;NA;2993;178475;81543;72921;112112;112304;NA;15758;89845;3526;112304;72925;112112;72921;178474;81543;112303;72924;112304;189510;NA;2993;NA;pit experiment;0;0;0;yes;1024
INST;R2;5126;;;;;;;;;;;;;;;;;;;;;;;;;;;;;;;;;;;;;;;;;;;;;;;;;;;;;;;;;;;;;;;;;;;;;;;;;;;;;;;;;;;;;;;;;;;;;;;;;;;;;;;;;;;;;;;;;;;;;;;;;;;;;;;;;;;;;;;;;;;;;;
INST;R2;480;;;;;;;;;;;;;;;;;;;;;;;;;;;;;;;;;;;;;;;;;;;;;;;;;;;;;;;;;;;;;;;;;;;;;;;;;;;;;;;;;;;;;;;;;;;;;;;;;;;;;;;;;;;;;;;;;;;;;;;;;;;;;;;;;;;;;;;;;;;;;;
INST;R2;371;;;;;;;;;;;;;;;;;;;;;;;;;;;;;;;;;;;;;;;;;;;;;;;;;;;;;;;;;;;;;;;;;;;;;;;;;;;;;;;;;;;;;;;;;;;;;;;;;;;;;;;;;;;;;;;;;;;;;;;;;;;;;;;;;;;;;;;;;;;;;;
INST;R2;395;;;;;;;;;;;;;;;;;;;;;;;;;;;;;;;;;;;;;;;;;;;;;;;;;;;;;;;;;;;;;;;;;;;;;;;;;;;;;;;;;;;;;;;;;;;;;;;;;;;;;;;;;;;;;;;;;;;;;;;;;;;;;;;;;;;;;;;;;;;;;;
0;0;3;2;0;Inst_task;0;undefined;undefined;undefined;undefined;white;xpyriment;legacy;legacy;0;uniform;undefined;NA;undefined;undefined;undefined;1;6;6;NA;0;0;0;NA;0;6;1;0;0;0;0;0;0;0;0;0;0;0;6;1;0;0;0;6;NA;0;NA;undefined;336;0;05/05/2021 16:14;The main experiment item;yes;;2. Instrumental.osexp;C:\Users\cncadmin\Desktop\Sara G\New_task;no;mono;no;18;no;black;no;yes;768;legacy;6;6;1;0;0;C:/Users/cncadmin/Desktop/Sara G/DatiEEG/02mi2.csv;xpyriment;Kafkaesque Koffka;3.2.8;NA;0;0;0;0;4;4;0;z;NA;1;1;1;22266;NA;57162;22266;11729;2;legacy;1024;2;48000;-16;experiment;2;even;15256;200567;189604;NA;2993;72921;NA;NA;2993;189604;81543;72921;112112;112304;NA;15758;89845;3526;112304;72925;112112;72921;189604;81543;112303;72924;112304;200567;NA;2993;NA;pit experiment;0;0;0;yes;1024
INST;R2;6289;;;;;;;;;;;;;;;;;;;;;;;;;;;;;;;;;;;;;;;;;;;;;;;;;;;;;;;;;;;;;;;;;;;;;;;;;;;;;;;;;;;;;;;;;;;;;;;;;;;;;;;;;;;;;;;;;;;;;;;;;;;;;;;;;;;;;;;;;;;;;;
INST;R2;418;;;;;;;;;;;;;;;;;;;;;;;;;;;;;;;;;;;;;;;;;;;;;;;;;;;;;;;;;;;;;;;;;;;;;;;;;;;;;;;;;;;;;;;;;;;;;;;;;;;;;;;;;;;;;;;;;;;;;;;;;;;;;;;;;;;;;;;;;;;;;;
INST;R2;409;;;;;;;;;;;;;;;;;;;;;;;;;;;;;;;;;;;;;;;;;;;;;;;;;;;;;;;;;;;;;;;;;;;;;;;;;;;;;;;;;;;;;;;;;;;;;;;;;;;;;;;;;;;;;;;;;;;;;;;;;;;;;;;;;;;;;;;;;;;;;;
0;0;3;3;0;Inst_task;0;undefined;undefined;undefined;undefined;white;xpyriment;legacy;legacy;0;uniform;undefined;NA;undefined;undefined;undefined;1;7;7;NA;0;0;0;NA;0;7;1;0;0;0;0;0;0;0;0;0;0;0;7;1;0;0;0;7;NA;0;NA;undefined;336;0;05/05/2021 16:14;The main experiment item;yes;;2. Instrumental.osexp;C:\Users\cncadmin\Desktop\Sara G\New_task;no;mono;no;18;no;black;no;yes;768;legacy;7;7;1;0;0;C:/Users/cncadmin/Desktop/Sara G/DatiEEG/02mi2.csv;xpyriment;Kafkaesque Koffka;3.2.8;NA;0;0;0;0;3;2;1;m;NA;1;1;1;22266;NA;57162;22266;11729;2;legacy;1024;2;48000;-16;experiment;2;even;15256;211397;200643;NA;2993;72921;NA;NA;2993;200643;81543;72921;112112;112304;NA;15758;89845;3526;112304;72925;112112;72921;200642;81543;112303;72924;112304;211397;NA;2993;NA;pit experiment;0;0;0;yes;1024
INST;R1;5616;;;;;;;;;;;;;;;;;;;;;;;;;;;;;;;;;;;;;;;;;;;;;;;;;;;;;;;;;;;;;;;;;;;;;;;;;;;;;;;;;;;;;;;;;;;;;;;;;;;;;;;;;;;;;;;;;;;;;;;;;;;;;;;;;;;;;;;;;;;;;;
INST;R1;392;;;;;;;;;;;;;;;;;;;;;;;;;;;;;;;;;;;;;;;;;;;;;;;;;;;;;;;;;;;;;;;;;;;;;;;;;;;;;;;;;;;;;;;;;;;;;;;;;;;;;;;;;;;;;;;;;;;;;;;;;;;;;;;;;;;;;;;;;;;;;;
INST;R1;366;;;;;;;;;;;;;;;;;;;;;;;;;;;;;;;;;;;;;;;;;;;;;;;;;;;;;;;;;;;;;;;;;;;;;;;;;;;;;;;;;;;;;;;;;;;;;;;;;;;;;;;;;;;;;;;;;;;;;;;;;;;;;;;;;;;;;;;;;;;;;;
0;0;3;3;0;Inst_task;0;undefined;undefined;undefined;undefined;white;xpyriment;legacy;legacy;0;uniform;undefined;NA;undefined;undefined;undefined;1;8;8;NA;0;0;0;NA;0;8;1;0;0;0;0;0;0;0;0;0;0;0;8;1;0;0;0;8;NA;0;NA;undefined;336;0;05/05/2021 16:14;The main experiment item;yes;;2. Instrumental.osexp;C:\Users\cncadmin\Desktop\Sara G\New_task;no;mono;no;18;no;black;no;yes;768;legacy;8;8;1;0;0;C:/Users/cncadmin/Desktop/Sara G/DatiEEG/02mi2.csv;xpyriment;Kafkaesque Koffka;3.2.8;NA;0;3;3;0;0;0;0;m;NA;1;1;1;22266;NA;57162;22266;11729;2;legacy;1024;2;48000;-16;experiment;2;even;15256;221449;211481;NA;2993;72921;NA;NA;2993;211481;81543;72921;112112;112304;NA;15758;89845;3526;112304;72925;112112;72921;211481;81543;112303;72924;112304;221449;NA;2993;NA;pit experiment;0;0;0;yes;1024
INST;R2;11504;;;;;;;;;;;;;;;;;;;;;;;;;;;;;;;;;;;;;;;;;;;;;;;;;;;;;;;;;;;;;;;;;;;;;;;;;;;;;;;;;;;;;;;;;;;;;;;;;;;;;;;;;;;;;;;;;;;;;;;;;;;;;;;;;;;;;;;;;;;;;;
0;0;3;3;0;Inst_task;0;undefined;undefined;undefined;undefined;white;xpyriment;legacy;legacy;0;uniform;undefined;NA;undefined;undefined;undefined;1;9;9;NA;0;0;0;NA;0;9;1;0;0;0;0;0;0;0;0;0;0;0;9;1;0;0;0;9;NA;0;NA;undefined;336;0;05/05/2021 16:14;The main experiment item;yes;;2. Instrumental.osexp;C:\Users\cncadmin\Desktop\Sara G\New_task;no;mono;no;18;no;black;no;yes;768;legacy;9;9;1;0;0;C:/Users/cncadmin/Desktop/Sara G/DatiEEG/02mi2.csv;xpyriment;Kafkaesque Koffka;3.2.8;NA;0;0;0;0;1;1;0;z;NA;1;1;1;22266;NA;57162;22266;11729;2;legacy;1024;2;48000;-16;experiment;2;even;15256;234616;221517;NA;2993;72921;NA;NA;2993;221517;81543;72921;112112;112304;NA;15758;89845;3526;112304;72925;112112;72921;221517;81543;112303;72924;112304;234617;NA;2993;NA;pit experiment;0;0;0;yes;1024
INST;R2;8646;;;;;;;;;;;;;;;;;;;;;;;;;;;;;;;;;;;;;;;;;;;;;;;;;;;;;;;;;;;;;;;;;;;;;;;;;;;;;;;;;;;;;;;;;;;;;;;;;;;;;;;;;;;;;;;;;;;;;;;;;;;;;;;;;;;;;;;;;;;;;;
0;0;3;3;0;Inst_task;0;undefined;undefined;undefined;undefined;white;xpyriment;legacy;legacy;0;uniform;undefined;NA;undefined;undefined;undefined;1;10;10;NA;0;0;0;NA;0;10;1;0;0;0;0;0;0;0;0;0;0;0;10;1;0;0;0;10;NA;0;NA;undefined;336;0;05/05/2021 16:14;The main experiment item;yes;;2. Instrumental.osexp;C:\Users\cncadmin\Desktop\Sara G\New_task;no;mono;no;18;no;black;no;yes;768;legacy;10;10;1;0;0;C:/Users/cncadmin/Desktop/Sara G/DatiEEG/02mi2.csv;xpyriment;Kafkaesque Koffka;3.2.8;NA;0;0;0;0;1;1;0;z;NA;1;1;1;22266;NA;57162;22266;11729;2;legacy;1024;2;48000;-16;experiment;2;even;15256;244955;234696;NA;2993;72921;NA;NA;2993;234696;81543;72921;112112;112304;NA;15758;89845;3526;112304;72925;112112;72921;234696;81543;112303;72924;112304;244955;NA;2993;NA;pit experiment;0;0;0;yes;1024
INST;R1;6597;;;;;;;;;;;;;;;;;;;;;;;;;;;;;;;;;;;;;;;;;;;;;;;;;;;;;;;;;;;;;;;;;;;;;;;;;;;;;;;;;;;;;;;;;;;;;;;;;;;;;;;;;;;;;;;;;;;;;;;;;;;;;;;;;;;;;;;;;;;;;;
INST;R1;421;;;;;;;;;;;;;;;;;;;;;;;;;;;;;;;;;;;;;;;;;;;;;;;;;;;;;;;;;;;;;;;;;;;;;;;;;;;;;;;;;;;;;;;;;;;;;;;;;;;;;;;;;;;;;;;;;;;;;;;;;;;;;;;;;;;;;;;;;;;;;;
INST;R1;787;;;;;;;;;;;;;;;;;;;;;;;;;;;;;;;;;;;;;;;;;;;;;;;;;;;;;;;;;;;;;;;;;;;;;;;;;;;;;;;;;;;;;;;;;;;;;;;;;;;;;;;;;;;;;;;;;;;;;;;;;;;;;;;;;;;;;;;;;;;;;;
0;0;3;3;0;Inst_task;0;undefined;undefined;undefined;undefined;white;xpyriment;legacy;legacy;0;uniform;undefined;NA;undefined;undefined;undefined;1;11;11;NA;0;0;0;NA;0;11;1;0;0;0;0;0;0;0;0;0;0;0;11;1;0;0;0;11;NA;0;NA;undefined;336;0;05/05/2021 16:14;The main experiment item;yes;;2. Instrumental.osexp;C:\Users\cncadmin\Desktop\Sara G\New_task;no;mono;no;18;no;black;no;yes;768;legacy;11;11;1;0;0;C:/Users/cncadmin/Desktop/Sara G/DatiEEG/02mi2.csv;xpyriment;Kafkaesque Koffka;3.2.8;NA;0;3;3;0;0;0;0;z;NA;1;1;1;22266;NA;57162;22266;11729;2;legacy;1024;2;48000;-16;experiment;2;even;15256;256501;245032;NA;2993;72921;NA;NA;2993;245032;81543;72921;112112;112304;NA;15758;89845;3526;112304;72925;112112;72921;245032;81543;112303;72924;112304;256501;NA;2993;NA;pit experiment;0;0;0;yes;1024
INST;R1;11409;;;;;;;;;;;;;;;;;;;;;;;;;;;;;;;;;;;;;;;;;;;;;;;;;;;;;;;;;;;;;;;;;;;;;;;;;;;;;;;;;;;;;;;;;;;;;;;;;;;;;;;;;;;;;;;;;;;;;;;;;;;;;;;;;;;;;;;;;;;;;;
0;0;3;3;0;Inst_task;0;undefined;undefined;undefined;undefined;white;xpyriment;legacy;legacy;0;uniform;undefined;NA;undefined;undefined;undefined;1;12;12;NA;0;0;0;NA;0;12;1;0;0;0;0;0;0;0;0;0;0;0;12;1;0;0;0;12;NA;0;NA;undefined;336;0;05/05/2021 16:14;The main experiment item;yes;;2. Instrumental.osexp;C:\Users\cncadmin\Desktop\Sara G\New_task;no;mono;no;18;no;black;no;yes;768;legacy;12;12;1;0;0;C:/Users/cncadmin/Desktop/Sara G/DatiEEG/02mi2.csv;xpyriment;Kafkaesque Koffka;3.2.8;NA;0;1;1;0;0;0;0;m;NA;1;1;1;22266;NA;57162;22266;11729;2;legacy;1024;2;48000;-16;experiment;2;even;15256;269599;256588;NA;2993;72921;NA;NA;2993;256588;81543;72921;112112;112304;NA;15758;89845;3526;112304;72925;112112;72921;256587;81543;112303;72924;112304;269599;NA;2993;NA;pit experiment;0;0;0;yes;1024
INST;R2;4955;;;;;;;;;;;;;;;;;;;;;;;;;;;;;;;;;;;;;;;;;;;;;;;;;;;;;;;;;;;;;;;;;;;;;;;;;;;;;;;;;;;;;;;;;;;;;;;;;;;;;;;;;;;;;;;;;;;;;;;;;;;;;;;;;;;;;;;;;;;;;;
INST;R2;429;;;;;;;;;;;;;;;;;;;;;;;;;;;;;;;;;;;;;;;;;;;;;;;;;;;;;;;;;;;;;;;;;;;;;;;;;;;;;;;;;;;;;;;;;;;;;;;;;;;;;;;;;;;;;;;;;;;;;;;;;;;;;;;;;;;;;;;;;;;;;;
INST;R2;416;;;;;;;;;;;;;;;;;;;;;;;;;;;;;;;;;;;;;;;;;;;;;;;;;;;;;;;;;;;;;;;;;;;;;;;;;;;;;;;;;;;;;;;;;;;;;;;;;;;;;;;;;;;;;;;;;;;;;;;;;;;;;;;;;;;;;;;;;;;;;;
INST;R2;418;;;;;;;;;;;;;;;;;;;;;;;;;;;;;;;;;;;;;;;;;;;;;;;;;;;;;;;;;;;;;;;;;;;;;;;;;;;;;;;;;;;;;;;;;;;;;;;;;;;;;;;;;;;;;;;;;;;;;;;;;;;;;;;;;;;;;;;;;;;;;;
0;0;3;4;0;Inst_task;0;undefined;undefined;undefined;undefined;white;xpyriment;legacy;legacy;0;uniform;undefined;NA;undefined;undefined;undefined;1;13;13;NA;0;0;0;NA;0;13;1;0;0;0;0;0;0;0;0;0;0;0;13;1;0;0;0;13;NA;0;NA;undefined;336;0;05/05/2021 16:14;The main experiment item;yes;;2. Instrumental.osexp;C:\Users\cncadmin\Desktop\Sara G\New_task;no;mono;no;18;no;black;no;yes;768;legacy;13;13;1;0;0;C:/Users/cncadmin/Desktop/Sara G/DatiEEG/02mi2.csv;xpyriment;Kafkaesque Koffka;3.2.8;NA;0;0;0;0;4;3;1;m;NA;1;1;1;22266;NA;57162;22266;11729;2;legacy;1024;2;48000;-16;experiment;2;even;15256;280513;269692;NA;2993;72921;NA;NA;2993;269692;81543;72921;112112;112304;NA;15758;89845;3526;112304;72925;112112;72921;269692;81543;112303;72924;112304;280514;NA;2993;NA;pit experiment;0;0;0;yes;1024
INST;R1;6410;;;;;;;;;;;;;;;;;;;;;;;;;;;;;;;;;;;;;;;;;;;;;;;;;;;;;;;;;;;;;;;;;;;;;;;;;;;;;;;;;;;;;;;;;;;;;;;;;;;;;;;;;;;;;;;;;;;;;;;;;;;;;;;;;;;;;;;;;;;;;;
INST;R1;404;;;;;;;;;;;;;;;;;;;;;;;;;;;;;;;;;;;;;;;;;;;;;;;;;;;;;;;;;;;;;;;;;;;;;;;;;;;;;;;;;;;;;;;;;;;;;;;;;;;;;;;;;;;;;;;;;;;;;;;;;;;;;;;;;;;;;;;;;;;;;;
INST;R1;376;;;;;;;;;;;;;;;;;;;;;;;;;;;;;;;;;;;;;;;;;;;;;;;;;;;;;;;;;;;;;;;;;;;;;;;;;;;;;;;;;;;;;;;;;;;;;;;;;;;;;;;;;;;;;;;;;;;;;;;;;;;;;;;;;;;;;;;;;;;;;;
0;0;4;4;0;Inst_task;0;undefined;undefined;undefined;undefined;white;xpyriment;legacy;legacy;0;uniform;undefined;NA;undefined;undefined;undefined;1;14;14;NA;0;0;0;NA;0;14;1;0;0;0;0;0;0;0;0;0;0;0;14;1;0;0;0;14;NA;0;NA;undefined;336;0;05/05/2021 16:14;The main experiment item;yes;;2. Instrumental.osexp;C:\Users\cncadmin\Desktop\Sara G\New_task;no;mono;no;18;no;black;no;yes;768;legacy;14;14;1;0;0;C:/Users/cncadmin/Desktop/Sara G/DatiEEG/02mi2.csv;xpyriment;Kafkaesque Koffka;3.2.8;NA;0;3;2;1;0;0;0;m;NA;1;1;1;22266;NA;57162;22266;11729;2;legacy;1024;2;48000;-16;experiment;2;even;15256;291438;280608;NA;2993;72921;NA;NA;2993;280608;81543;72921;112112;112304;NA;15758;89845;3526;112304;72925;112112;72921;280608;81543;112303;72924;112304;291438;NA;2993;NA;pit experiment;0;0;0;yes;1024
INST;R2;8352;;;;;;;;;;;;;;;;;;;;;;;;;;;;;;;;;;;;;;;;;;;;;;;;;;;;;;;;;;;;;;;;;;;;;;;;;;;;;;;;;;;;;;;;;;;;;;;;;;;;;;;;;;;;;;;;;;;;;;;;;;;;;;;;;;;;;;;;;;;;;;
0;0;4;4;0;Inst_task;0;undefined;undefined;undefined;undefined;white;xpyriment;legacy;legacy;0;uniform;undefined;NA;undefined;undefined;undefined;1;15;15;NA;0;0;0;NA;0;15;1;0;0;0;0;0;0;0;0;0;0;0;15;1;0;0;0;15;NA;0;NA;undefined;336;0;05/05/2021 16:14;The main experiment item;yes;;2. Instrumental.osexp;C:\Users\cncadmin\Desktop\Sara G\New_task;no;mono;no;18;no;black;no;yes;768;legacy;15;15;1;0;0;C:/Users/cncadmin/Desktop/Sara G/DatiEEG/02mi2.csv;xpyriment;Kafkaesque Koffka;3.2.8;NA;0;0;0;0;1;1;0;z;NA;1;1;1;22266;NA;57162;22266;11729;2;legacy;1024;2;48000;-16;experiment;2;even;15256;301518;291527;NA;2993;72921;NA;NA;2993;291527;81543;72921;112112;112304;NA;15758;89845;3526;112304;72925;112112;72921;291527;81543;112303;72924;112304;301519;NA;2993;NA;pit experiment;0;0;0;yes;1024
INST;R2;10037;;;;;;;;;;;;;;;;;;;;;;;;;;;;;;;;;;;;;;;;;;;;;;;;;;;;;;;;;;;;;;;;;;;;;;;;;;;;;;;;;;;;;;;;;;;;;;;;;;;;;;;;;;;;;;;;;;;;;;;;;;;;;;;;;;;;;;;;;;;;;;
0;0;4;5;0;Inst_task;0;undefined;undefined;undefined;undefined;white;xpyriment;legacy;legacy;0;uniform;undefined;NA;undefined;undefined;undefined;1;16;16;NA;0;0;0;NA;0;16;1;0;0;0;0;0;0;0;0;0;0;0;16;1;0;0;0;16;NA;0;NA;undefined;336;0;05/05/2021 16:14;The main experiment item;yes;;2. Instrumental.osexp;C:\Users\cncadmin\Desktop\Sara G\New_task;no;mono;no;18;no;black;no;yes;768;legacy;16;16;1;0;0;C:/Users/cncadmin/Desktop/Sara G/DatiEEG/02mi2.csv;xpyriment;Kafkaesque Koffka;3.2.8;NA;0;0;0;0;1;0;1;m;NA;1;1;1;22266;NA;57162;22266;11729;2;legacy;1024;2;48000;-16;experiment;2;even;15256;313295;301584;NA;2993;72921;NA;NA;2993;301584;81543;72921;112112;112304;NA;15758;89845;3526;112304;72925;112112;72921;301583;81543;112303;72924;112304;313295;NA;2993;NA;pit experiment;0;0;0;yes;1024
INST;R1;6081;;;;;;;;;;;;;;;;;;;;;;;;;;;;;;;;;;;;;;;;;;;;;;;;;;;;;;;;;;;;;;;;;;;;;;;;;;;;;;;;;;;;;;;;;;;;;;;;;;;;;;;;;;;;;;;;;;;;;;;;;;;;;;;;;;;;;;;;;;;;;;
INST;R1;440;;;;;;;;;;;;;;;;;;;;;;;;;;;;;;;;;;;;;;;;;;;;;;;;;;;;;;;;;;;;;;;;;;;;;;;;;;;;;;;;;;;;;;;;;;;;;;;;;;;;;;;;;;;;;;;;;;;;;;;;;;;;;;;;;;;;;;;;;;;;;;
INST;R1;421;;;;;;;;;;;;;;;;;;;;;;;;;;;;;;;;;;;;;;;;;;;;;;;;;;;;;;;;;;;;;;;;;;;;;;;;;;;;;;;;;;;;;;;;;;;;;;;;;;;;;;;;;;;;;;;;;;;;;;;;;;;;;;;;;;;;;;;;;;;;;;
0;0;5;5;0;Inst_task;0;undefined;undefined;undefined;undefined;white;xpyriment;legacy;legacy;0;uniform;undefined;NA;undefined;undefined;undefined;1;17;17;NA;0;0;0;NA;0;17;1;0;0;0;0;0;0;0;0;0;0;0;17;1;0;0;0;17;NA;0;NA;undefined;336;0;05/05/2021 16:14;The main experiment item;yes;;2. Instrumental.osexp;C:\Users\cncadmin\Desktop\Sara G\New_task;no;mono;no;18;no;black;no;yes;768;legacy;17;17;1;0;0;C:/Users/cncadmin/Desktop/Sara G/DatiEEG/02mi2.csv;xpyriment;Kafkaesque Koffka;3.2.8;NA;0;3;2;1;0;0;0;z;NA;1;1;1;22266;NA;57162;22266;11729;2;legacy;1024;2;48000;-16;experiment;2;even;15256;323956;313372;NA;2993;72921;NA;NA;2993;313372;81543;72921;112112;112304;NA;15758;89845;3526;112304;72925;112112;72921;313372;81543;112303;72924;112304;323956;NA;2993;NA;pit experiment;0;0;0;yes;1024
INST;R2;11369;;;;;;;;;;;;;;;;;;;;;;;;;;;;;;;;;;;;;;;;;;;;;;;;;;;;;;;;;;;;;;;;;;;;;;;;;;;;;;;;;;;;;;;;;;;;;;;;;;;;;;;;;;;;;;;;;;;;;;;;;;;;;;;;;;;;;;;;;;;;;;
0;0;5;6;0;Inst_task;0;undefined;undefined;undefined;undefined;white;xpyriment;legacy;legacy;0;uniform;undefined;NA;undefined;undefined;undefined;1;18;18;NA;0;0;0;NA;0;18;1;0;0;0;0;0;0;0;0;0;0;0;18;1;0;0;0;18;NA;0;NA;undefined;336;0;05/05/2021 16:14;The main experiment item;yes;;2. Instrumental.osexp;C:\Users\cncadmin\Desktop\Sara G\New_task;no;mono;no;18;no;black;no;yes;768;legacy;18;18;1;0;0;C:/Users/cncadmin/Desktop/Sara G/DatiEEG/02mi2.csv;xpyriment;Kafkaesque Koffka;3.2.8;NA;0;0;0;0;1;0;1;m;NA;1;1;1;22266;NA;57162;22266;11729;2;legacy;1024;2;48000;-16;experiment;2;even;15256;337009;324028;NA;2993;72921;NA;NA;2993;324028;81543;72921;112112;112304;NA;15758;89845;3526;112304;72925;112112;72921;324028;81543;112303;72924;112304;337009;NA;2993;NA;pit experiment;0;0;0;yes;1024
INST;R2;5975;;;;;;;;;;;;;;;;;;;;;;;;;;;;;;;;;;;;;;;;;;;;;;;;;;;;;;;;;;;;;;;;;;;;;;;;;;;;;;;;;;;;;;;;;;;;;;;;;;;;;;;;;;;;;;;;;;;;;;;;;;;;;;;;;;;;;;;;;;;;;;
INST;R2;394;;;;;;;;;;;;;;;;;;;;;;;;;;;;;;;;;;;;;;;;;;;;;;;;;;;;;;;;;;;;;;;;;;;;;;;;;;;;;;;;;;;;;;;;;;;;;;;;;;;;;;;;;;;;;;;;;;;;;;;;;;;;;;;;;;;;;;;;;;;;;;
INST;R2;372;;;;;;;;;;;;;;;;;;;;;;;;;;;;;;;;;;;;;;;;;;;;;;;;;;;;;;;;;;;;;;;;;;;;;;;;;;;;;;;;;;;;;;;;;;;;;;;;;;;;;;;;;;;;;;;;;;;;;;;;;;;;;;;;;;;;;;;;;;;;;;
0;0;5;7;0;Inst_task;0;undefined;undefined;undefined;undefined;white;xpyriment;legacy;legacy;0;uniform;undefined;NA;undefined;undefined;undefined;1;19;19;NA;0;0;0;NA;0;19;1;0;0;0;0;0;0;0;0;0;0;0;19;1;0;0;0;19;NA;0;NA;undefined;336;0;05/05/2021 16:14;The main experiment item;yes;;2. Instrumental.osexp;C:\Users\cncadmin\Desktop\Sara G\New_task;no;mono;no;18;no;black;no;yes;768;legacy;19;19;1;0;0;C:/Users/cncadmin/Desktop/Sara G/DatiEEG/02mi2.csv;xpyriment;Kafkaesque Koffka;3.2.8;NA;0;0;0;0;3;2;1;m;NA;1;1;1;22266;NA;57162;22266;11729;2;legacy;1024;2;48000;-16;experiment;2;even;15256;347447;337097;NA;2993;72921;NA;NA;2993;337097;81543;72921;112112;112304;NA;15758;89845;3526;112304;72925;112112;72921;337097;81543;112303;72924;112304;347447;NA;2993;NA;pit experiment;0;0;0;yes;1024
INST;R1;5058;;;;;;;;;;;;;;;;;;;;;;;;;;;;;;;;;;;;;;;;;;;;;;;;;;;;;;;;;;;;;;;;;;;;;;;;;;;;;;;;;;;;;;;;;;;;;;;;;;;;;;;;;;;;;;;;;;;;;;;;;;;;;;;;;;;;;;;;;;;;;;
INST;R1;464;;;;;;;;;;;;;;;;;;;;;;;;;;;;;;;;;;;;;;;;;;;;;;;;;;;;;;;;;;;;;;;;;;;;;;;;;;;;;;;;;;;;;;;;;;;;;;;;;;;;;;;;;;;;;;;;;;;;;;;;;;;;;;;;;;;;;;;;;;;;;;
INST;R1;394;;;;;;;;;;;;;;;;;;;;;;;;;;;;;;;;;;;;;;;;;;;;;;;;;;;;;;;;;;;;;;;;;;;;;;;;;;;;;;;;;;;;;;;;;;;;;;;;;;;;;;;;;;;;;;;;;;;;;;;;;;;;;;;;;;;;;;;;;;;;;;
INST;R1;565;;;;;;;;;;;;;;;;;;;;;;;;;;;;;;;;;;;;;;;;;;;;;;;;;;;;;;;;;;;;;;;;;;;;;;;;;;;;;;;;;;;;;;;;;;;;;;;;;;;;;;;;;;;;;;;;;;;;;;;;;;;;;;;;;;;;;;;;;;;;;;
0;0;6;7;0;Inst_task;0;undefined;undefined;undefined;undefined;white;xpyriment;legacy;legacy;0;uniform;undefined;NA;undefined;undefined;undefined;1;20;20;NA;0;0;0;NA;0;20;1;0;0;0;0;0;0;0;0;0;0;0;20;1;0;0;0;20;NA;0;NA;undefined;336;0;05/05/2021 16:14;The main experiment item;yes;;2. Instrumental.osexp;C:\Users\cncadmin\Desktop\Sara G\New_task;no;mono;no;18;no;black;no;yes;768;legacy;20;20;1;0;0;C:/Users/cncadmin/Desktop/Sara G/DatiEEG/02mi2.csv;xpyriment;Kafkaesque Koffka;3.2.8;NA;0;4;3;1;0;0;0;m;NA;1;1;1;22266;NA;57162;22266;11729;2;legacy;1024;2;48000;-16;experiment;2;even;15256;358604;347534;NA;2993;72921;NA;NA;2993;347534;81543;72921;112112;112304;NA;15758;89845;3526;112304;72925;112112;72921;347534;81543;112303;72924;112304;358604;NA;2993;NA;pit experiment;0;0;0;yes;1024
INST;R2;7199;;;;;;;;;;;;;;;;;;;;;;;;;;;;;;;;;;;;;;;;;;;;;;;;;;;;;;;;;;;;;;;;;;;;;;;;;;;;;;;;;;;;;;;;;;;;;;;;;;;;;;;;;;;;;;;;;;;;;;;;;;;;;;;;;;;;;;;;;;;;;;
INST;R2;383;;;;;;;;;;;;;;;;;;;;;;;;;;;;;;;;;;;;;;;;;;;;;;;;;;;;;;;;;;;;;;;;;;;;;;;;;;;;;;;;;;;;;;;;;;;;;;;;;;;;;;;;;;;;;;;;;;;;;;;;;;;;;;;;;;;;;;;;;;;;;;
0;0;6;7;0;Inst_task;0;undefined;undefined;undefined;undefined;white;xpyriment;legacy;legacy;0;uniform;undefined;NA;undefined;undefined;undefined;1;21;21;NA;0;0;0;NA;0;21;1;0;0;0;0;0;0;0;0;0;0;0;21;1;0;0;0;21;NA;0;NA;undefined;336;0;05/05/2021 16:14;The main experiment item;yes;;2. Instrumental.osexp;C:\Users\cncadmin\Desktop\Sara G\New_task;no;mono;no;18;no;black;no;yes;768;legacy;21;21;1;0;0;C:/Users/cncadmin/Desktop/Sara G/DatiEEG/02mi2.csv;xpyriment;Kafkaesque Koffka;3.2.8;NA;0;0;0;0;2;2;0;m;NA;1;1;1;22266;NA;57162;22266;11729;2;legacy;1024;2;48000;-16;experiment;2;even;15256;368915;358697;NA;2993;72921;NA;NA;2993;358697;81543;72921;112112;112304;NA;15758;89845;3526;112304;72925;112112;72921;358697;81543;112303;72924;112304;368916;NA;2993;NA;pit experiment;0;0;0;yes;1024
INST;R1;7221;;;;;;;;;;;;;;;;;;;;;;;;;;;;;;;;;;;;;;;;;;;;;;;;;;;;;;;;;;;;;;;;;;;;;;;;;;;;;;;;;;;;;;;;;;;;;;;;;;;;;;;;;;;;;;;;;;;;;;;;;;;;;;;;;;;;;;;;;;;;;;
INST;R1;608;;;;;;;;;;;;;;;;;;;;;;;;;;;;;;;;;;;;;;;;;;;;;;;;;;;;;;;;;;;;;;;;;;;;;;;;;;;;;;;;;;;;;;;;;;;;;;;;;;;;;;;;;;;;;;;;;;;;;;;;;;;;;;;;;;;;;;;;;;;;;;
0;0;6;7;0;Inst_task;0;undefined;undefined;undefined;undefined;white;xpyriment;legacy;legacy;0;uniform;undefined;NA;undefined;undefined;undefined;1;22;22;NA;0;0;0;NA;0;22;1;0;0;0;0;0;0;0;0;0;0;0;22;1;0;0;0;22;NA;0;NA;undefined;336;0;05/05/2021 16:14;The main experiment item;yes;;2. Instrumental.osexp;C:\Users\cncadmin\Desktop\Sara G\New_task;no;mono;no;18;no;black;no;yes;768;legacy;22;22;1;0;0;C:/Users/cncadmin/Desktop/Sara G/DatiEEG/02mi2.csv;xpyriment;Kafkaesque Koffka;3.2.8;NA;0;2;2;0;0;0;0;z;NA;1;1;1;22266;NA;57162;22266;11729;2;legacy;1024;2;48000;-16;experiment;2;even;15256;379514;369084;NA;2993;72921;NA;NA;2993;369084;81543;72921;112112;112304;NA;15758;89845;3526;112304;72925;112112;72921;369084;81543;112303;72924;112304;379514;NA;2993;NA;pit experiment;0;0;0;yes;1024
INST;R2;6259;;;;;;;;;;;;;;;;;;;;;;;;;;;;;;;;;;;;;;;;;;;;;;;;;;;;;;;;;;;;;;;;;;;;;;;;;;;;;;;;;;;;;;;;;;;;;;;;;;;;;;;;;;;;;;;;;;;;;;;;;;;;;;;;;;;;;;;;;;;;;;
INST;R2;384;;;;;;;;;;;;;;;;;;;;;;;;;;;;;;;;;;;;;;;;;;;;;;;;;;;;;;;;;;;;;;;;;;;;;;;;;;;;;;;;;;;;;;;;;;;;;;;;;;;;;;;;;;;;;;;;;;;;;;;;;;;;;;;;;;;;;;;;;;;;;;
INST;R2;379;;;;;;;;;;;;;;;;;;;;;;;;;;;;;;;;;;;;;;;;;;;;;;;;;;;;;;;;;;;;;;;;;;;;;;;;;;;;;;;;;;;;;;;;;;;;;;;;;;;;;;;;;;;;;;;;;;;;;;;;;;;;;;;;;;;;;;;;;;;;;;
0;0;6;7;0;Inst_task;0;undefined;undefined;undefined;undefined;white;xpyriment;legacy;legacy;0;uniform;undefined;NA;undefined;undefined;undefined;1;23;23;NA;0;0;0;NA;0;23;1;0;0;0;0;0;0;0;0;0;0;0;23;1;0;0;0;23;NA;0;NA;undefined;336;0;05/05/2021 16:14;The main experiment item;yes;;2. Instrumental.osexp;C:\Users\cncadmin\Desktop\Sara G\New_task;no;mono;no;18;no;black;no;yes;768;legacy;23;23;1;0;0;C:/Users/cncadmin/Desktop/Sara G/DatiEEG/02mi2.csv;xpyriment;Kafkaesque Koffka;3.2.8;NA;0;0;0;0;3;3;0;z;NA;1;1;1;22266;NA;57162;22266;11729;2;legacy;1024;2;48000;-16;experiment;2;even;15256;390250;379603;NA;2993;72921;NA;NA;2993;379603;81543;72921;112112;112304;NA;15758;89845;3526;112304;72925;112112;72921;379603;81543;112303;72924;112304;390250;NA;2993;NA;pit experiment;0;0;0;yes;1024
INST;R1;8000;;;;;;;;;;;;;;;;;;;;;;;;;;;;;;;;;;;;;;;;;;;;;;;;;;;;;;;;;;;;;;;;;;;;;;;;;;;;;;;;;;;;;;;;;;;;;;;;;;;;;;;;;;;;;;;;;;;;;;;;;;;;;;;;;;;;;;;;;;;;;;
INST;R1;456;;;;;;;;;;;;;;;;;;;;;;;;;;;;;;;;;;;;;;;;;;;;;;;;;;;;;;;;;;;;;;;;;;;;;;;;;;;;;;;;;;;;;;;;;;;;;;;;;;;;;;;;;;;;;;;;;;;;;;;;;;;;;;;;;;;;;;;;;;;;;;
0;0;6;7;0;Inst_task;0;undefined;undefined;undefined;undefined;white;xpyriment;legacy;legacy;0;uniform;undefined;NA;undefined;undefined;undefined;1;24;24;NA;0;0;0;NA;0;24;1;0;0;0;0;0;0;0;0;0;0;0;24;1;0;0;0;24;NA;0;NA;undefined;336;0;05/05/2021 16:14;The main experiment item;yes;;2. Instrumental.osexp;C:\Users\cncadmin\Desktop\Sara G\New_task;no;mono;no;18;no;black;no;yes;768;legacy;24;24;1;0;0;C:/Users/cncadmin/Desktop/Sara G/DatiEEG/02mi2.csv;xpyriment;Kafkaesque Koffka;3.2.8;NA;0;2;2;0;0;0;0;m;NA;1;1;1;22266;NA;57162;22266;11729;2;legacy;1024;2;48000;-16;experiment;2;even;15256;401388;390330;NA;2993;72921;NA;NA;2993;390330;81543;72921;112112;112304;NA;15758;89845;3526;112304;72925;112112;72921;390329;81543;112303;72924;112304;401388;NA;2993;NA;pit experiment;0;0;0;yes;1024
INST;R2;8588;;;;;;;;;;;;;;;;;;;;;;;;;;;;;;;;;;;;;;;;;;;;;;;;;;;;;;;;;;;;;;;;;;;;;;;;;;;;;;;;;;;;;;;;;;;;;;;;;;;;;;;;;;;;;;;;;;;;;;;;;;;;;;;;;;;;;;;;;;;;;;
0;0;6;7;0;Inst_task;0;undefined;undefined;undefined;undefined;white;xpyriment;legacy;legacy;0;uniform;undefined;NA;undefined;undefined;undefined;1;25;25;NA;0;0;0;NA;0;25;1;0;0;0;0;0;0;0;0;0;0;0;25;1;0;0;0;25;NA;0;NA;undefined;336;0;05/05/2021 16:14;The main experiment item;yes;;2. Instrumental.osexp;C:\Users\cncadmin\Desktop\Sara G\New_task;no;mono;no;18;no;black;no;yes;768;legacy;25;25;1;0;0;C:/Users/cncadmin/Desktop/Sara G/DatiEEG/02mi2.csv;xpyriment;Kafkaesque Koffka;3.2.8;NA;0;0;0;0;1;1;0;z;NA;1;1;1;22266;NA;57162;22266;11729;2;legacy;1024;2;48000;-16;experiment;2;even;15256;411715;401468;NA;2993;72921;NA;NA;2993;401468;81543;72921;112112;112304;NA;15758;89845;3526;112304;72925;112112;72921;401468;81543;112303;72924;112304;411715;NA;2993;NA;pit experiment;0;0;0;yes;1024
INST;R1;7098;;;;;;;;;;;;;;;;;;;;;;;;;;;;;;;;;;;;;;;;;;;;;;;;;;;;;;;;;;;;;;;;;;;;;;;;;;;;;;;;;;;;;;;;;;;;;;;;;;;;;;;;;;;;;;;;;;;;;;;;;;;;;;;;;;;;;;;;;;;;;;
INST;R1;395;;;;;;;;;;;;;;;;;;;;;;;;;;;;;;;;;;;;;;;;;;;;;;;;;;;;;;;;;;;;;;;;;;;;;;;;;;;;;;;;;;;;;;;;;;;;;;;;;;;;;;;;;;;;;;;;;;;;;;;;;;;;;;;;;;;;;;;;;;;;;;
0;0;7;7;0;Inst_task;0;undefined;undefined;undefined;undefined;white;xpyriment;legacy;legacy;0;uniform;undefined;NA;undefined;undefined;undefined;1;26;26;NA;0;0;0;NA;0;26;1;0;0;0;0;0;0;0;0;0;0;0;26;1;0;0;0;26;NA;0;NA;undefined;336;0;05/05/2021 16:14;The main experiment item;yes;;2. Instrumental.osexp;C:\Users\cncadmin\Desktop\Sara G\New_task;no;mono;no;18;no;black;no;yes;768;legacy;26;26;1;0;0;C:/Users/cncadmin/Desktop/Sara G/DatiEEG/02mi2.csv;xpyriment;Kafkaesque Koffka;3.2.8;NA;0;2;1;1;0;0;0;m;NA;1;1;1;22266;NA;57162;22266;11729;2;legacy;1024;2;48000;-16;experiment;2;even;15256;421910;411807;NA;2993;72921;NA;NA;2993;411807;81543;72921;112112;112304;NA;15758;89845;3526;112304;72925;112112;72921;411807;81543;112303;72924;112304;421910;NA;2993;NA;pit experiment;0;0;0;yes;1024
INST;R2;4602;;;;;;;;;;;;;;;;;;;;;;;;;;;;;;;;;;;;;;;;;;;;;;;;;;;;;;;;;;;;;;;;;;;;;;;;;;;;;;;;;;;;;;;;;;;;;;;;;;;;;;;;;;;;;;;;;;;;;;;;;;;;;;;;;;;;;;;;;;;;;;
INST;R2;379;;;;;;;;;;;;;;;;;;;;;;;;;;;;;;;;;;;;;;;;;;;;;;;;;;;;;;;;;;;;;;;;;;;;;;;;;;;;;;;;;;;;;;;;;;;;;;;;;;;;;;;;;;;;;;;;;;;;;;;;;;;;;;;;;;;;;;;;;;;;;;
INST;R2;374;;;;;;;;;;;;;;;;;;;;;;;;;;;;;;;;;;;;;;;;;;;;;;;;;;;;;;;;;;;;;;;;;;;;;;;;;;;;;;;;;;;;;;;;;;;;;;;;;;;;;;;;;;;;;;;;;;;;;;;;;;;;;;;;;;;;;;;;;;;;;;
INST;R2;405;;;;;;;;;;;;;;;;;;;;;;;;;;;;;;;;;;;;;;;;;;;;;;;;;;;;;;;;;;;;;;;;;;;;;;;;;;;;;;;;;;;;;;;;;;;;;;;;;;;;;;;;;;;;;;;;;;;;;;;;;;;;;;;;;;;;;;;;;;;;;;
0;0;7;7;0;Inst_task;0;undefined;undefined;undefined;undefined;white;xpyriment;legacy;legacy;0;uniform;undefined;NA;undefined;undefined;undefined;1;27;27;NA;0;0;0;NA;0;27;1;0;0;0;0;0;0;0;0;0;0;0;27;1;0;0;0;27;NA;0;NA;undefined;336;0;05/05/2021 16:14;The main experiment item;yes;;2. Instrumental.osexp;C:\Users\cncadmin\Desktop\Sara G\New_task;no;mono;no;18;no;black;no;yes;768;legacy;27;27;1;0;0;C:/Users/cncadmin/Desktop/Sara G/DatiEEG/02mi2.csv;xpyriment;Kafkaesque Koffka;3.2.8;NA;0;0;0;0;4;4;0;z;NA;1;1;1;22266;NA;57162;22266;11729;2;legacy;1024;2;48000;-16;experiment;2;even;15256;432508;422004;NA;2993;72921;NA;NA;2993;422004;81543;72921;112112;112304;NA;15758;89845;3526;112304;72925;112112;72921;422004;81543;112303;72924;112304;432509;NA;2993;NA;pit experiment;0;0;0;yes;1024
INST;R1;6522;;;;;;;;;;;;;;;;;;;;;;;;;;;;;;;;;;;;;;;;;;;;;;;;;;;;;;;;;;;;;;;;;;;;;;;;;;;;;;;;;;;;;;;;;;;;;;;;;;;;;;;;;;;;;;;;;;;;;;;;;;;;;;;;;;;;;;;;;;;;;;
INST;R1;377;;;;;;;;;;;;;;;;;;;;;;;;;;;;;;;;;;;;;;;;;;;;;;;;;;;;;;;;;;;;;;;;;;;;;;;;;;;;;;;;;;;;;;;;;;;;;;;;;;;;;;;;;;;;;;;;;;;;;;;;;;;;;;;;;;;;;;;;;;;;;;
INST;R1;373;;;;;;;;;;;;;;;;;;;;;;;;;;;;;;;;;;;;;;;;;;;;;;;;;;;;;;;;;;;;;;;;;;;;;;;;;;;;;;;;;;;;;;;;;;;;;;;;;;;;;;;;;;;;;;;;;;;;;;;;;;;;;;;;;;;;;;;;;;;;;;
0;0;8;7;0;Inst_task;0;undefined;undefined;undefined;undefined;white;xpyriment;legacy;legacy;0;uniform;undefined;NA;undefined;undefined;undefined;1;28;28;NA;0;0;0;NA;0;28;1;0;0;0;0;0;0;0;0;0;0;0;28;1;0;0;0;28;NA;0;NA;undefined;336;0;05/05/2021 16:14;The main experiment item;yes;;2. Instrumental.osexp;C:\Users\cncadmin\Desktop\Sara G\New_task;no;mono;no;18;no;black;no;yes;768;legacy;28;28;1;0;0;C:/Users/cncadmin/Desktop/Sara G/DatiEEG/02mi2.csv;xpyriment;Kafkaesque Koffka;3.2.8;NA;0;3;2;1;0;0;0;m;NA;1;1;1;22266;NA;57162;22266;11729;2;legacy;1024;2;48000;-16;experiment;2;even;15256;443494;432573;NA;2993;72921;NA;NA;2993;432573;81543;72921;112112;112304;NA;15758;89845;3526;112304;72925;112112;72921;432573;81543;112303;72924;112304;443494;NA;2993;NA;pit experiment;0;0;0;yes;1024
INST;R1;6002;;;;;;;;;;;;;;;;;;;;;;;;;;;;;;;;;;;;;;;;;;;;;;;;;;;;;;;;;;;;;;;;;;;;;;;;;;;;;;;;;;;;;;;;;;;;;;;;;;;;;;;;;;;;;;;;;;;;;;;;;;;;;;;;;;;;;;;;;;;;;;
INST;R1;416;;;;;;;;;;;;;;;;;;;;;;;;;;;;;;;;;;;;;;;;;;;;;;;;;;;;;;;;;;;;;;;;;;;;;;;;;;;;;;;;;;;;;;;;;;;;;;;;;;;;;;;;;;;;;;;;;;;;;;;;;;;;;;;;;;;;;;;;;;;;;;
INST;R1;394;;;;;;;;;;;;;;;;;;;;;;;;;;;;;;;;;;;;;;;;;;;;;;;;;;;;;;;;;;;;;;;;;;;;;;;;;;;;;;;;;;;;;;;;;;;;;;;;;;;;;;;;;;;;;;;;;;;;;;;;;;;;;;;;;;;;;;;;;;;;;;
0;0;9;7;0;Inst_task;0;undefined;undefined;undefined;undefined;white;xpyriment;legacy;legacy;0;uniform;undefined;NA;undefined;undefined;undefined;1;29;29;NA;0;0;0;NA;0;29;1;0;0;0;0;0;0;0;0;0;0;0;29;1;0;0;0;29;NA;0;NA;undefined;336;0;05/05/2021 16:14;The main experiment item;yes;;2. Instrumental.osexp;C:\Users\cncadmin\Desktop\Sara G\New_task;no;mono;no;18;no;black;no;yes;768;legacy;29;29;1;0;0;C:/Users/cncadmin/Desktop/Sara G/DatiEEG/02mi2.csv;xpyriment;Kafkaesque Koffka;3.2.8;NA;0;3;2;1;0;0;0;z;NA;1;1;1;22266;NA;57162;22266;11729;2;legacy;1024;2;48000;-16;experiment;2;even;15256;454006;443595;NA;2993;72921;NA;NA;2993;443595;81543;72921;112112;112304;NA;15758;89845;3526;112304;72925;112112;72921;443595;81543;112303;72924;112304;454007;NA;2993;NA;pit experiment;0;0;0;yes;1024
INST;R2;5548;;;;;;;;;;;;;;;;;;;;;;;;;;;;;;;;;;;;;;;;;;;;;;;;;;;;;;;;;;;;;;;;;;;;;;;;;;;;;;;;;;;;;;;;;;;;;;;;;;;;;;;;;;;;;;;;;;;;;;;;;;;;;;;;;;;;;;;;;;;;;;
INST;R2;366;;;;;;;;;;;;;;;;;;;;;;;;;;;;;;;;;;;;;;;;;;;;;;;;;;;;;;;;;;;;;;;;;;;;;;;;;;;;;;;;;;;;;;;;;;;;;;;;;;;;;;;;;;;;;;;;;;;;;;;;;;;;;;;;;;;;;;;;;;;;;;
INST;R2;401;;;;;;;;;;;;;;;;;;;;;;;;;;;;;;;;;;;;;;;;;;;;;;;;;;;;;;;;;;;;;;;;;;;;;;;;;;;;;;;;;;;;;;;;;;;;;;;;;;;;;;;;;;;;;;;;;;;;;;;;;;;;;;;;;;;;;;;;;;;;;;
0;0;9;8;0;Inst_task;0;undefined;undefined;undefined;undefined;white;xpyriment;legacy;legacy;0;uniform;undefined;NA;undefined;undefined;undefined;1;30;30;NA;0;0;0;NA;0;30;1;0;0;0;0;0;0;0;0;0;0;0;30;1;0;0;0;30;NA;0;NA;undefined;336;0;05/05/2021 16:14;The main experiment item;yes;;2. Instrumental.osexp;C:\Users\cncadmin\Desktop\Sara G\New_task;no;mono;no;18;no;black;no;yes;768;legacy;30;30;1;0;0;C:/Users/cncadmin/Desktop/Sara G/DatiEEG/02mi2.csv;xpyriment;Kafkaesque Koffka;3.2.8;NA;0;0;0;0;3;2;1;z;NA;1;1;1;22266;NA;57162;22266;11729;2;legacy;1024;2;48000;-16;experiment;2;even;15256;464005;454079;NA;2993;72921;NA;NA;2993;454079;81543;72921;112112;112304;NA;15758;89845;3526;112304;72925;112112;72921;454079;81543;112303;72924;112304;464006;NA;2993;NA;pit experiment;0;0;0;yes;1024
INST;R1;6656;;;;;;;;;;;;;;;;;;;;;;;;;;;;;;;;;;;;;;;;;;;;;;;;;;;;;;;;;;;;;;;;;;;;;;;;;;;;;;;;;;;;;;;;;;;;;;;;;;;;;;;;;;;;;;;;;;;;;;;;;;;;;;;;;;;;;;;;;;;;;;
INST;R1;448;;;;;;;;;;;;;;;;;;;;;;;;;;;;;;;;;;;;;;;;;;;;;;;;;;;;;;;;;;;;;;;;;;;;;;;;;;;;;;;;;;;;;;;;;;;;;;;;;;;;;;;;;;;;;;;;;;;;;;;;;;;;;;;;;;;;;;;;;;;;;;
INST;R1;365;;;;;;;;;;;;;;;;;;;;;;;;;;;;;;;;;;;;;;;;;;;;;;;;;;;;;;;;;;;;;;;;;;;;;;;;;;;;;;;;;;;;;;;;;;;;;;;;;;;;;;;;;;;;;;;;;;;;;;;;;;;;;;;;;;;;;;;;;;;;;;
0;0;9;8;0;Inst_task;0;undefined;undefined;undefined;undefined;white;xpyriment;legacy;legacy;0;uniform;undefined;NA;undefined;undefined;undefined;1;31;31;NA;0;0;0;NA;0;31;1;0;0;0;0;0;0;0;0;0;0;0;31;1;0;0;0;31;NA;0;NA;undefined;336;0;05/05/2021 16:14;The main experiment item;yes;;2. Instrumental.osexp;C:\Users\cncadmin\Desktop\Sara G\New_task;no;mono;no;18;no;black;no;yes;768;legacy;31;31;1;0;0;C:/Users/cncadmin/Desktop/Sara G/DatiEEG/02mi2.csv;xpyriment;Kafkaesque Koffka;3.2.8;NA;0;3;3;0;0;0;0;z;NA;1;1;1;22266;NA;57162;22266;11729;2;legacy;1024;2;48000;-16;experiment;2;even;15256;475128;464076;NA;2993;72921;NA;NA;2993;464076;81543;72921;112112;112304;NA;15758;89845;3526;112304;72925;112112;72921;464075;81543;112303;72924;112304;475128;NA;2993;NA;pit experiment;0;0;0;yes;1024
INST;R2;5170;;;;;;;;;;;;;;;;;;;;;;;;;;;;;;;;;;;;;;;;;;;;;;;;;;;;;;;;;;;;;;;;;;;;;;;;;;;;;;;;;;;;;;;;;;;;;;;;;;;;;;;;;;;;;;;;;;;;;;;;;;;;;;;;;;;;;;;;;;;;;;
INST;R2;388;;;;;;;;;;;;;;;;;;;;;;;;;;;;;;;;;;;;;;;;;;;;;;;;;;;;;;;;;;;;;;;;;;;;;;;;;;;;;;;;;;;;;;;;;;;;;;;;;;;;;;;;;;;;;;;;;;;;;;;;;;;;;;;;;;;;;;;;;;;;;;
INST;R2;383;;;;;;;;;;;;;;;;;;;;;;;;;;;;;;;;;;;;;;;;;;;;;;;;;;;;;;;;;;;;;;;;;;;;;;;;;;;;;;;;;;;;;;;;;;;;;;;;;;;;;;;;;;;;;;;;;;;;;;;;;;;;;;;;;;;;;;;;;;;;;;
INST;R2;365;;;;;;;;;;;;;;;;;;;;;;;;;;;;;;;;;;;;;;;;;;;;;;;;;;;;;;;;;;;;;;;;;;;;;;;;;;;;;;;;;;;;;;;;;;;;;;;;;;;;;;;;;;;;;;;;;;;;;;;;;;;;;;;;;;;;;;;;;;;;;;
0;0;9;9;0;Inst_task;0;undefined;undefined;undefined;undefined;white;xpyriment;legacy;legacy;0;uniform;undefined;NA;undefined;undefined;undefined;1;32;32;NA;0;0;0;NA;0;32;1;0;0;0;0;0;0;0;0;0;0;0;32;1;0;0;0;32;NA;0;NA;undefined;336;0;05/05/2021 16:14;The main experiment item;yes;;2. Instrumental.osexp;C:\Users\cncadmin\Desktop\Sara G\New_task;no;mono;no;18;no;black;no;yes;768;legacy;32;32;1;0;0;C:/Users/cncadmin/Desktop/Sara G/DatiEEG/02mi2.csv;xpyriment;Kafkaesque Koffka;3.2.8;NA;0;0;0;0;4;3;1;z;NA;1;1;1;22266;NA;57162;22266;11729;2;legacy;1024;2;48000;-16;experiment;2;even;15256;486083;475206;NA;2993;72921;NA;NA;2993;475206;81543;72921;112112;112304;NA;15758;89845;3526;112304;72925;112112;72921;475205;81543;112303;72924;112304;486084;NA;2993;NA;pit experiment;0;0;0;yes;1024
INST;R1;4928;;;;;;;;;;;;;;;;;;;;;;;;;;;;;;;;;;;;;;;;;;;;;;;;;;;;;;;;;;;;;;;;;;;;;;;;;;;;;;;;;;;;;;;;;;;;;;;;;;;;;;;;;;;;;;;;;;;;;;;;;;;;;;;;;;;;;;;;;;;;;;
INST;R1;408;;;;;;;;;;;;;;;;;;;;;;;;;;;;;;;;;;;;;;;;;;;;;;;;;;;;;;;;;;;;;;;;;;;;;;;;;;;;;;;;;;;;;;;;;;;;;;;;;;;;;;;;;;;;;;;;;;;;;;;;;;;;;;;;;;;;;;;;;;;;;;
INST;R1;448;;;;;;;;;;;;;;;;;;;;;;;;;;;;;;;;;;;;;;;;;;;;;;;;;;;;;;;;;;;;;;;;;;;;;;;;;;;;;;;;;;;;;;;;;;;;;;;;;;;;;;;;;;;;;;;;;;;;;;;;;;;;;;;;;;;;;;;;;;;;;;
INST;R1;429;;;;;;;;;;;;;;;;;;;;;;;;;;;;;;;;;;;;;;;;;;;;;;;;;;;;;;;;;;;;;;;;;;;;;;;;;;;;;;;;;;;;;;;;;;;;;;;;;;;;;;;;;;;;;;;;;;;;;;;;;;;;;;;;;;;;;;;;;;;;;;
0;0;9;9;0;Inst_task;0;undefined;undefined;undefined;undefined;white;xpyriment;legacy;legacy;0;uniform;undefined;NA;undefined;undefined;undefined;1;33;33;NA;0;0;0;NA;0;33;1;0;0;0;0;0;0;0;0;0;0;0;33;1;0;0;0;33;NA;0;NA;undefined;336;0;05/05/2021 16:14;The main experiment item;yes;;2. Instrumental.osexp;C:\Users\cncadmin\Desktop\Sara G\New_task;no;mono;no;18;no;black;no;yes;768;legacy;33;33;1;0;0;C:/Users/cncadmin/Desktop/Sara G/DatiEEG/02mi2.csv;xpyriment;Kafkaesque Koffka;3.2.8;NA;0;4;4;0;0;0;0;z;NA;1;1;1;22266;NA;57162;22266;11729;2;legacy;1024;2;48000;-16;experiment;2;even;15256;496993;486152;NA;2993;72921;NA;NA;2993;486152;81543;72921;112112;112304;NA;15758;89845;3526;112304;72925;112112;72921;486152;81543;112303;72924;112304;496994;NA;2993;NA;pit experiment;0;0;0;yes;1024
INST;R2;4750;;;;;;;;;;;;;;;;;;;;;;;;;;;;;;;;;;;;;;;;;;;;;;;;;;;;;;;;;;;;;;;;;;;;;;;;;;;;;;;;;;;;;;;;;;;;;;;;;;;;;;;;;;;;;;;;;;;;;;;;;;;;;;;;;;;;;;;;;;;;;;
INST;R2;416;;;;;;;;;;;;;;;;;;;;;;;;;;;;;;;;;;;;;;;;;;;;;;;;;;;;;;;;;;;;;;;;;;;;;;;;;;;;;;;;;;;;;;;;;;;;;;;;;;;;;;;;;;;;;;;;;;;;;;;;;;;;;;;;;;;;;;;;;;;;;;
INST;R2;389;;;;;;;;;;;;;;;;;;;;;;;;;;;;;;;;;;;;;;;;;;;;;;;;;;;;;;;;;;;;;;;;;;;;;;;;;;;;;;;;;;;;;;;;;;;;;;;;;;;;;;;;;;;;;;;;;;;;;;;;;;;;;;;;;;;;;;;;;;;;;;
INST;R2;360;;;;;;;;;;;;;;;;;;;;;;;;;;;;;;;;;;;;;;;;;;;;;;;;;;;;;;;;;;;;;;;;;;;;;;;;;;;;;;;;;;;;;;;;;;;;;;;;;;;;;;;;;;;;;;;;;;;;;;;;;;;;;;;;;;;;;;;;;;;;;;
0;0;9;10;0;Inst_task;0;undefined;undefined;undefined;undefined;white;xpyriment;legacy;legacy;0;uniform;undefined;NA;undefined;undefined;undefined;1;34;34;NA;0;0;0;NA;0;34;1;0;0;0;0;0;0;0;0;0;0;0;34;1;0;0;0;34;NA;0;NA;undefined;336;0;05/05/2021 16:14;The main experiment item;yes;;2. Instrumental.osexp;C:\Users\cncadmin\Desktop\Sara G\New_task;no;mono;no;18;no;black;no;yes;768;legacy;34;34;1;0;0;C:/Users/cncadmin/Desktop/Sara G/DatiEEG/02mi2.csv;xpyriment;Kafkaesque Koffka;3.2.8;NA;0;0;0;0;4;3;1;z;NA;1;1;1;22266;NA;57162;22266;11729;2;legacy;1024;2;48000;-16;experiment;2;even;15256;507612;497076;NA;2993;72921;NA;NA;2993;497077;81543;72921;112112;112304;NA;15758;89845;3526;112304;72925;112112;72921;497076;81543;112303;72924;112304;507612;NA;2993;NA;pit experiment;0;0;0;yes;1024
INST;R2;4823;;;;;;;;;;;;;;;;;;;;;;;;;;;;;;;;;;;;;;;;;;;;;;;;;;;;;;;;;;;;;;;;;;;;;;;;;;;;;;;;;;;;;;;;;;;;;;;;;;;;;;;;;;;;;;;;;;;;;;;;;;;;;;;;;;;;;;;;;;;;;;
INST;R2;402;;;;;;;;;;;;;;;;;;;;;;;;;;;;;;;;;;;;;;;;;;;;;;;;;;;;;;;;;;;;;;;;;;;;;;;;;;;;;;;;;;;;;;;;;;;;;;;;;;;;;;;;;;;;;;;;;;;;;;;;;;;;;;;;;;;;;;;;;;;;;;
INST;R2;361;;;;;;;;;;;;;;;;;;;;;;;;;;;;;;;;;;;;;;;;;;;;;;;;;;;;;;;;;;;;;;;;;;;;;;;;;;;;;;;;;;;;;;;;;;;;;;;;;;;;;;;;;;;;;;;;;;;;;;;;;;;;;;;;;;;;;;;;;;;;;;
INST;R2;415;;;;;;;;;;;;;;;;;;;;;;;;;;;;;;;;;;;;;;;;;;;;;;;;;;;;;;;;;;;;;;;;;;;;;;;;;;;;;;;;;;;;;;;;;;;;;;;;;;;;;;;;;;;;;;;;;;;;;;;;;;;;;;;;;;;;;;;;;;;;;;
0;0;9;11;0;Inst_task;0;undefined;undefined;undefined;undefined;white;xpyriment;legacy;legacy;0;uniform;undefined;NA;undefined;undefined;undefined;1;35;35;NA;0;0;0;NA;0;35;1;0;0;0;0;0;0;0;0;0;0;0;35;1;0;0;0;35;NA;0;NA;undefined;336;0;05/05/2021 16:14;The main experiment item;yes;;2. Instrumental.osexp;C:\Users\cncadmin\Desktop\Sara G\New_task;no;mono;no;18;no;black;no;yes;768;legacy;35;35;1;0;0;C:/Users/cncadmin/Desktop/Sara G/DatiEEG/02mi2.csv;xpyriment;Kafkaesque Koffka;3.2.8;NA;0;0;0;0;4;3;1;z;NA;1;1;1;22266;NA;57162;22266;11729;2;legacy;1024;2;48000;-16;experiment;2;even;15256;518481;507674;NA;2993;72921;NA;NA;2993;507674;81543;72921;112112;112304;NA;15758;89845;3526;112304;72925;112112;72921;507674;81543;112303;72924;112304;518481;NA;2993;NA;pit experiment;0;0;0;yes;1024
INST;R1;4621;;;;;;;;;;;;;;;;;;;;;;;;;;;;;;;;;;;;;;;;;;;;;;;;;;;;;;;;;;;;;;;;;;;;;;;;;;;;;;;;;;;;;;;;;;;;;;;;;;;;;;;;;;;;;;;;;;;;;;;;;;;;;;;;;;;;;;;;;;;;;;
INST;R1;419;;;;;;;;;;;;;;;;;;;;;;;;;;;;;;;;;;;;;;;;;;;;;;;;;;;;;;;;;;;;;;;;;;;;;;;;;;;;;;;;;;;;;;;;;;;;;;;;;;;;;;;;;;;;;;;;;;;;;;;;;;;;;;;;;;;;;;;;;;;;;;
INST;R1;366;;;;;;;;;;;;;;;;;;;;;;;;;;;;;;;;;;;;;;;;;;;;;;;;;;;;;;;;;;;;;;;;;;;;;;;;;;;;;;;;;;;;;;;;;;;;;;;;;;;;;;;;;;;;;;;;;;;;;;;;;;;;;;;;;;;;;;;;;;;;;;
INST;R1;394;;;;;;;;;;;;;;;;;;;;;;;;;;;;;;;;;;;;;;;;;;;;;;;;;;;;;;;;;;;;;;;;;;;;;;;;;;;;;;;;;;;;;;;;;;;;;;;;;;;;;;;;;;;;;;;;;;;;;;;;;;;;;;;;;;;;;;;;;;;;;;
0;0;9;11;0;Inst_task;0;undefined;undefined;undefined;undefined;white;xpyriment;legacy;legacy;0;uniform;undefined;NA;undefined;undefined;undefined;1;36;36;NA;0;0;0;NA;0;36;1;0;0;0;0;0;0;0;0;0;0;0;36;1;0;0;0;36;NA;0;NA;undefined;336;0;05/05/2021 16:14;The main experiment item;yes;;2. Instrumental.osexp;C:\Users\cncadmin\Desktop\Sara G\New_task;no;mono;no;18;no;black;no;yes;768;legacy;36;36;1;0;0;C:/Users/cncadmin/Desktop/Sara G/DatiEEG/02mi2.csv;xpyriment;Kafkaesque Koffka;3.2.8;NA;0;4;4;0;0;0;0;m;NA;1;1;1;22266;NA;57162;22266;11729;2;legacy;1024;2;48000;-16;experiment;2;even;15256;528962;518554;NA;2993;72921;NA;NA;2993;518554;81543;72921;112112;112304;NA;15758;89845;3526;112304;72925;112112;72921;518554;81543;112303;72924;112304;528962;NA;2993;NA;pit experiment;0;0;0;yes;1024
INST;R2;5149;;;;;;;;;;;;;;;;;;;;;;;;;;;;;;;;;;;;;;;;;;;;;;;;;;;;;;;;;;;;;;;;;;;;;;;;;;;;;;;;;;;;;;;;;;;;;;;;;;;;;;;;;;;;;;;;;;;;;;;;;;;;;;;;;;;;;;;;;;;;;;
INST;R2;369;;;;;;;;;;;;;;;;;;;;;;;;;;;;;;;;;;;;;;;;;;;;;;;;;;;;;;;;;;;;;;;;;;;;;;;;;;;;;;;;;;;;;;;;;;;;;;;;;;;;;;;;;;;;;;;;;;;;;;;;;;;;;;;;;;;;;;;;;;;;;;
INST;R2;407;;;;;;;;;;;;;;;;;;;;;;;;;;;;;;;;;;;;;;;;;;;;;;;;;;;;;;;;;;;;;;;;;;;;;;;;;;;;;;;;;;;;;;;;;;;;;;;;;;;;;;;;;;;;;;;;;;;;;;;;;;;;;;;;;;;;;;;;;;;;;;
INST;R2;387;;;;;;;;;;;;;;;;;;;;;;;;;;;;;;;;;;;;;;;;;;;;;;;;;;;;;;;;;;;;;;;;;;;;;;;;;;;;;;;;;;;;;;;;;;;;;;;;;;;;;;;;;;;;;;;;;;;;;;;;;;;;;;;;;;;;;;;;;;;;;;
0;0;9;12;0;Inst_task;0;undefined;undefined;undefined;undefined;white;xpyriment;legacy;legacy;0;uniform;undefined;NA;undefined;undefined;undefined;1;37;37;NA;0;0;0;NA;0;37;1;0;0;0;0;0;0;0;0;0;0;0;37;1;0;0;0;37;NA;0;NA;undefined;336;0;05/05/2021 16:14;The main experiment item;yes;;2. Instrumental.osexp;C:\Users\cncadmin\Desktop\Sara G\New_task;no;mono;no;18;no;black;no;yes;768;legacy;37;37;1;0;0;C:/Users/cncadmin/Desktop/Sara G/DatiEEG/02mi2.csv;xpyriment;Kafkaesque Koffka;3.2.8;NA;0;0;0;0;4;3;1;m;NA;1;1;1;22266;NA;57162;22266;11729;2;legacy;1024;2;48000;-16;experiment;2;even;15256;540058;529166;NA;2993;72921;NA;NA;2993;529166;81543;72921;112112;112304;NA;15758;89845;3526;112304;72925;112112;72921;529166;81543;112303;72924;112304;540058;NA;2993;NA;pit experiment;0;0;0;yes;1024
INST;R2;4771;;;;;;;;;;;;;;;;;;;;;;;;;;;;;;;;;;;;;;;;;;;;;;;;;;;;;;;;;;;;;;;;;;;;;;;;;;;;;;;;;;;;;;;;;;;;;;;;;;;;;;;;;;;;;;;;;;;;;;;;;;;;;;;;;;;;;;;;;;;;;;
INST;R2;400;;;;;;;;;;;;;;;;;;;;;;;;;;;;;;;;;;;;;;;;;;;;;;;;;;;;;;;;;;;;;;;;;;;;;;;;;;;;;;;;;;;;;;;;;;;;;;;;;;;;;;;;;;;;;;;;;;;;;;;;;;;;;;;;;;;;;;;;;;;;;;
INST;R2;358;;;;;;;;;;;;;;;;;;;;;;;;;;;;;;;;;;;;;;;;;;;;;;;;;;;;;;;;;;;;;;;;;;;;;;;;;;;;;;;;;;;;;;;;;;;;;;;;;;;;;;;;;;;;;;;;;;;;;;;;;;;;;;;;;;;;;;;;;;;;;;
INST;R2;416;;;;;;;;;;;;;;;;;;;;;;;;;;;;;;;;;;;;;;;;;;;;;;;;;;;;;;;;;;;;;;;;;;;;;;;;;;;;;;;;;;;;;;;;;;;;;;;;;;;;;;;;;;;;;;;;;;;;;;;;;;;;;;;;;;;;;;;;;;;;;;
0;0;9;14;0;Inst_task;0;undefined;undefined;undefined;undefined;white;xpyriment;legacy;legacy;0;uniform;undefined;NA;undefined;undefined;undefined;1;38;38;NA;0;0;0;NA;0;38;1;0;0;0;0;0;0;0;0;0;0;0;38;1;0;0;0;38;NA;0;NA;undefined;336;0;05/05/2021 16:14;The main experiment item;yes;;2. Instrumental.osexp;C:\Users\cncadmin\Desktop\Sara G\New_task;no;mono;no;18;no;black;no;yes;768;legacy;38;38;1;0;0;C:/Users/cncadmin/Desktop/Sara G/DatiEEG/02mi2.csv;xpyriment;Kafkaesque Koffka;3.2.8;NA;0;0;0;0;4;2;2;m;NA;1;1;1;22266;NA;57162;22266;11729;2;legacy;1024;2;48000;-16;experiment;2;even;15256;550662;540126;NA;2993;72921;NA;NA;2993;540126;81543;72921;112112;112304;NA;15758;89845;3526;112304;72925;112112;72921;540125;81543;112303;72924;112304;550663;NA;2993;NA;pit experiment;0;0;0;yes;1024
INST;R2;4751;;;;;;;;;;;;;;;;;;;;;;;;;;;;;;;;;;;;;;;;;;;;;;;;;;;;;;;;;;;;;;;;;;;;;;;;;;;;;;;;;;;;;;;;;;;;;;;;;;;;;;;;;;;;;;;;;;;;;;;;;;;;;;;;;;;;;;;;;;;;;;
INST;R2;384;;;;;;;;;;;;;;;;;;;;;;;;;;;;;;;;;;;;;;;;;;;;;;;;;;;;;;;;;;;;;;;;;;;;;;;;;;;;;;;;;;;;;;;;;;;;;;;;;;;;;;;;;;;;;;;;;;;;;;;;;;;;;;;;;;;;;;;;;;;;;;
INST;R2;378;;;;;;;;;;;;;;;;;;;;;;;;;;;;;;;;;;;;;;;;;;;;;;;;;;;;;;;;;;;;;;;;;;;;;;;;;;;;;;;;;;;;;;;;;;;;;;;;;;;;;;;;;;;;;;;;;;;;;;;;;;;;;;;;;;;;;;;;;;;;;;
INST;R2;406;;;;;;;;;;;;;;;;;;;;;;;;;;;;;;;;;;;;;;;;;;;;;;;;;;;;;;;;;;;;;;;;;;;;;;;;;;;;;;;;;;;;;;;;;;;;;;;;;;;;;;;;;;;;;;;;;;;;;;;;;;;;;;;;;;;;;;;;;;;;;;
0;0;9;16;0;Inst_task;0;undefined;undefined;undefined;undefined;white;xpyriment;legacy;legacy;0;uniform;undefined;NA;undefined;undefined;undefined;1;39;39;NA;0;0;0;NA;0;39;1;0;0;0;0;0;0;0;0;0;0;0;39;1;0;0;0;39;NA;0;NA;undefined;336;0;05/05/2021 16:14;The main experiment item;yes;;2. Instrumental.osexp;C:\Users\cncadmin\Desktop\Sara G\New_task;no;mono;no;18;no;black;no;yes;768;legacy;39;39;1;0;0;C:/Users/cncadmin/Desktop/Sara G/DatiEEG/02mi2.csv;xpyriment;Kafkaesque Koffka;3.2.8;NA;0;0;0;0;4;2;2;z;NA;1;1;1;22266;NA;57162;22266;11729;2;legacy;1024;2;48000;-16;experiment;2;even;15256;561314;550758;NA;2993;72921;NA;NA;2993;550758;81543;72921;112112;112304;NA;15758;89845;3526;112304;72925;112112;72921;550758;81543;112303;72924;112304;561315;NA;2993;NA;pit experiment;0;0;0;yes;1024
INST;R1;5392;;;;;;;;;;;;;;;;;;;;;;;;;;;;;;;;;;;;;;;;;;;;;;;;;;;;;;;;;;;;;;;;;;;;;;;;;;;;;;;;;;;;;;;;;;;;;;;;;;;;;;;;;;;;;;;;;;;;;;;;;;;;;;;;;;;;;;;;;;;;;;
INST;R1;455;;;;;;;;;;;;;;;;;;;;;;;;;;;;;;;;;;;;;;;;;;;;;;;;;;;;;;;;;;;;;;;;;;;;;;;;;;;;;;;;;;;;;;;;;;;;;;;;;;;;;;;;;;;;;;;;;;;;;;;;;;;;;;;;;;;;;;;;;;;;;;
INST;R1;411;;;;;;;;;;;;;;;;;;;;;;;;;;;;;;;;;;;;;;;;;;;;;;;;;;;;;;;;;;;;;;;;;;;;;;;;;;;;;;;;;;;;;;;;;;;;;;;;;;;;;;;;;;;;;;;;;;;;;;;;;;;;;;;;;;;;;;;;;;;;;;
INST;R1;383;;;;;;;;;;;;;;;;;;;;;;;;;;;;;;;;;;;;;;;;;;;;;;;;;;;;;;;;;;;;;;;;;;;;;;;;;;;;;;;;;;;;;;;;;;;;;;;;;;;;;;;;;;;;;;;;;;;;;;;;;;;;;;;;;;;;;;;;;;;;;;
0;0;11;16;0;Inst_task;0;undefined;undefined;undefined;undefined;white;xpyriment;legacy;legacy;0;uniform;undefined;NA;undefined;undefined;undefined;1;40;40;NA;0;0;0;NA;0;40;1;0;0;0;0;0;0;0;0;0;0;0;40;1;0;0;0;40;NA;0;NA;undefined;336;0;05/05/2021 16:14;The main experiment item;yes;;2. Instrumental.osexp;C:\Users\cncadmin\Desktop\Sara G\New_task;no;mono;no;18;no;black;no;yes;768;legacy;40;40;1;0;0;C:/Users/cncadmin/Desktop/Sara G/DatiEEG/02mi2.csv;xpyriment;Kafkaesque Koffka;3.2.8;NA;0;4;2;2;0;0;0;m;NA;1;1;1;22266;NA;57162;22266;11729;2;legacy;1024;2;48000;-16;experiment;2;even;15256;572664;561411;NA;2993;72921;NA;NA;2993;561411;81543;72921;112112;112304;NA;15758;89845;3526;112304;72925;112112;72921;561411;81543;112303;72924;112304;572664;NA;2993;NA;pit experiment;0;0;0;yes;1024
1;0;11;16;0;Inst_question;0;undefined;undefined;undefined;undefined;white;xpyriment;legacy;legacy;0;uniform;undefined;l;undefined;undefined;undefined;2;40;40;0;0;0;0;0;0;40;1;0;0;0;0;0;0;0;0;0;0;0;40;1;0;0;0;41;0;0;0;undefined;336;0;05/05/2021 16:14;The main experiment item;yes;;2. Instrumental.osexp;C:\Users\cncadmin\Desktop\Sara G\New_task;no;mono;no;18;no;black;no;yes;768;legacy;0;41;1;0;0;C:/Users/cncadmin/Desktop/Sara G/DatiEEG/02mi2.csv;xpyriment;Kafkaesque Koffka;3.2.8;left;0;4;2;2;0;0;0;l;NA;1;1;1;22266;NA;57162;22266;11729;2;legacy;1024;2;48000;-16;experiment;2;even;579133;572664;561411;573249;2993;72921;NA;573250;2993;561411;81543;72921;112112;112304;572728;15758;89845;3526;112304;72925;112112;72921;561411;81543;112303;72924;112304;579633;573248;2993;573250;pit experiment;0;0;0;yes;1024
2;0;11;16;0;Inst_question;0;undefined;undefined;undefined;undefined;white;xpyriment;legacy;legacy;0;uniform;undefined;a;undefined;undefined;undefined;3;40;40;1;0;0;0;1;0;40;1;0;0;0;0;0;0;0;0;0;0;0;40;1;0;0;0;42;1;0;1;undefined;336;0;05/05/2021 16:14;The main experiment item;yes;;2. Instrumental.osexp;C:\Users\cncadmin\Desktop\Sara G\New_task;no;mono;no;18;no;black;no;yes;768;legacy;1;41;1;0;0;C:/Users/cncadmin/Desktop/Sara G/DatiEEG/02mi2.csv;xpyriment;Kafkaesque Koffka;3.2.8;right;0;4;2;2;0;0;0;a;NA;1;1;1;22266;NA;57162;22266;11729;2;legacy;1024;2;48000;-16;experiment;2;even;583061;572664;561411;580219;2993;72921;NA;580221;2993;561411;81543;72921;112112;112304;572728;15758;89845;3526;112304;72925;112112;72921;561411;81543;112303;72924;112304;583561;580219;2993;580221;pit experiment;0;0;0;yes;1024
INST;R1;6881;;;;;;;;;;;;;;;;;;;;;;;;;;;;;;;;;;;;;;;;;;;;;;;;;;;;;;;;;;;;;;;;;;;;;;;;;;;;;;;;;;;;;;;;;;;;;;;;;;;;;;;;;;;;;;;;;;;;;;;;;;;;;;;;;;;;;;;;;;;;;;
INST;R1;349;;;;;;;;;;;;;;;;;;;;;;;;;;;;;;;;;;;;;;;;;;;;;;;;;;;;;;;;;;;;;;;;;;;;;;;;;;;;;;;;;;;;;;;;;;;;;;;;;;;;;;;;;;;;;;;;;;;;;;;;;;;;;;;;;;;;;;;;;;;;;;
INST;R1;413;;;;;;;;;;;;;;;;;;;;;;;;;;;;;;;;;;;;;;;;;;;;;;;;;;;;;;;;;;;;;;;;;;;;;;;;;;;;;;;;;;;;;;;;;;;;;;;;;;;;;;;;;;;;;;;;;;;;;;;;;;;;;;;;;;;;;;;;;;;;;;
2;0;0;0;0;Inst_task;0;undefined;undefined;undefined;undefined;white;xpyriment;legacy;legacy;0;uniform;undefined;a;undefined;undefined;undefined;3;41;41;1;0;0;1;1;0;41;1;0;0;1;1;0;0;0;1;0;0;0;41;1;1;0;1;43;1;0;1;undefined;336;0;05/05/2021 16:14;The main experiment item;yes;;2. Instrumental.osexp;C:\Users\cncadmin\Desktop\Sara G\New_task;no;mono;no;18;no;black;no;yes;768;legacy;0;0;1;1;0;C:/Users/cncadmin/Desktop/Sara G/DatiEEG/02mi2.csv;xpyriment;Kafkaesque Koffka;3.2.8;right;0;3;3;0;0;0;0;m;NA;1;1;1;22266;NA;57162;22266;11729;2;legacy;1024;2;48000;-16;experiment;2;even;583061;595161;583880;580219;2993;72921;NA;580221;2993;583880;81543;72921;112112;583856;572728;15758;89845;3526;583856;72925;112112;72921;583880;81543;583856;72924;583856;595161;580219;2993;580221;pit experiment;0;0;0;yes;1024
INST;R2;4484;;;;;;;;;;;;;;;;;;;;;;;;;;;;;;;;;;;;;;;;;;;;;;;;;;;;;;;;;;;;;;;;;;;;;;;;;;;;;;;;;;;;;;;;;;;;;;;;;;;;;;;;;;;;;;;;;;;;;;;;;;;;;;;;;;;;;;;;;;;;;;
INST;R2;383;;;;;;;;;;;;;;;;;;;;;;;;;;;;;;;;;;;;;;;;;;;;;;;;;;;;;;;;;;;;;;;;;;;;;;;;;;;;;;;;;;;;;;;;;;;;;;;;;;;;;;;;;;;;;;;;;;;;;;;;;;;;;;;;;;;;;;;;;;;;;;
INST;R2;365;;;;;;;;;;;;;;;;;;;;;;;;;;;;;;;;;;;;;;;;;;;;;;;;;;;;;;;;;;;;;;;;;;;;;;;;;;;;;;;;;;;;;;;;;;;;;;;;;;;;;;;;;;;;;;;;;;;;;;;;;;;;;;;;;;;;;;;;;;;;;;
INST;R2;492;;;;;;;;;;;;;;;;;;;;;;;;;;;;;;;;;;;;;;;;;;;;;;;;;;;;;;;;;;;;;;;;;;;;;;;;;;;;;;;;;;;;;;;;;;;;;;;;;;;;;;;;;;;;;;;;;;;;;;;;;;;;;;;;;;;;;;;;;;;;;;
2;0;0;2;0;Inst_task;0;undefined;undefined;undefined;undefined;white;xpyriment;legacy;legacy;0;uniform;undefined;a;undefined;undefined;undefined;3;42;42;1;0;0;1;1;0;42;1;0;0;1;1;0;0;0;1;0;0;0;42;1;1;0;1;44;1;0;1;undefined;336;0;05/05/2021 16:14;The main experiment item;yes;;2. Instrumental.osexp;C:\Users\cncadmin\Desktop\Sara G\New_task;no;mono;no;18;no;black;no;yes;768;legacy;1;1;1;1;0;C:/Users/cncadmin/Desktop/Sara G/DatiEEG/02mi2.csv;xpyriment;Kafkaesque Koffka;3.2.8;right;0;0;0;0;4;2;2;z;NA;1;1;1;22266;NA;57162;22266;11729;2;legacy;1024;2;48000;-16;experiment;2;even;583061;605566;595229;580219;2993;72921;NA;580221;2993;595229;81543;72921;112112;583856;572728;15758;89845;3526;583856;72925;112112;72921;595229;81543;583856;72924;583856;605567;580219;2993;580221;pit experiment;0;0;0;yes;1024
INST;R1;4762;;;;;;;;;;;;;;;;;;;;;;;;;;;;;;;;;;;;;;;;;;;;;;;;;;;;;;;;;;;;;;;;;;;;;;;;;;;;;;;;;;;;;;;;;;;;;;;;;;;;;;;;;;;;;;;;;;;;;;;;;;;;;;;;;;;;;;;;;;;;;;
INST;R1;375;;;;;;;;;;;;;;;;;;;;;;;;;;;;;;;;;;;;;;;;;;;;;;;;;;;;;;;;;;;;;;;;;;;;;;;;;;;;;;;;;;;;;;;;;;;;;;;;;;;;;;;;;;;;;;;;;;;;;;;;;;;;;;;;;;;;;;;;;;;;;;
INST;R1;406;;;;;;;;;;;;;;;;;;;;;;;;;;;;;;;;;;;;;;;;;;;;;;;;;;;;;;;;;;;;;;;;;;;;;;;;;;;;;;;;;;;;;;;;;;;;;;;;;;;;;;;;;;;;;;;;;;;;;;;;;;;;;;;;;;;;;;;;;;;;;;
INST;R1;377;;;;;;;;;;;;;;;;;;;;;;;;;;;;;;;;;;;;;;;;;;;;;;;;;;;;;;;;;;;;;;;;;;;;;;;;;;;;;;;;;;;;;;;;;;;;;;;;;;;;;;;;;;;;;;;;;;;;;;;;;;;;;;;;;;;;;;;;;;;;;;
2;0;1;2;0;Inst_task;0;undefined;undefined;undefined;undefined;white;xpyriment;legacy;legacy;0;uniform;undefined;a;undefined;undefined;undefined;3;43;43;1;0;0;1;1;0;43;1;0;0;1;1;0;0;0;1;0;0;0;43;1;1;0;1;45;1;0;1;undefined;336;0;05/05/2021 16:14;The main experiment item;yes;;2. Instrumental.osexp;C:\Users\cncadmin\Desktop\Sara G\New_task;no;mono;no;18;no;black;no;yes;768;legacy;2;2;1;1;0;C:/Users/cncadmin/Desktop/Sara G/DatiEEG/02mi2.csv;xpyriment;Kafkaesque Koffka;3.2.8;right;0;4;3;1;0;0;0;z;NA;1;1;1;22266;NA;57162;22266;11729;2;legacy;1024;2;48000;-16;experiment;2;even;583061;616157;605657;580219;2993;72921;NA;580221;2993;605657;81543;72921;112112;583856;572728;15758;89845;3526;583856;72925;112112;72921;605657;81543;583856;72924;583856;616158;580219;2993;580221;pit experiment;0;0;0;yes;1024
INST;R2;4692;;;;;;;;;;;;;;;;;;;;;;;;;;;;;;;;;;;;;;;;;;;;;;;;;;;;;;;;;;;;;;;;;;;;;;;;;;;;;;;;;;;;;;;;;;;;;;;;;;;;;;;;;;;;;;;;;;;;;;;;;;;;;;;;;;;;;;;;;;;;;;
INST;R2;383;;;;;;;;;;;;;;;;;;;;;;;;;;;;;;;;;;;;;;;;;;;;;;;;;;;;;;;;;;;;;;;;;;;;;;;;;;;;;;;;;;;;;;;;;;;;;;;;;;;;;;;;;;;;;;;;;;;;;;;;;;;;;;;;;;;;;;;;;;;;;;
INST;R2;385;;;;;;;;;;;;;;;;;;;;;;;;;;;;;;;;;;;;;;;;;;;;;;;;;;;;;;;;;;;;;;;;;;;;;;;;;;;;;;;;;;;;;;;;;;;;;;;;;;;;;;;;;;;;;;;;;;;;;;;;;;;;;;;;;;;;;;;;;;;;;;
INST;R2;374;;;;;;;;;;;;;;;;;;;;;;;;;;;;;;;;;;;;;;;;;;;;;;;;;;;;;;;;;;;;;;;;;;;;;;;;;;;;;;;;;;;;;;;;;;;;;;;;;;;;;;;;;;;;;;;;;;;;;;;;;;;;;;;;;;;;;;;;;;;;;;
2;0;1;5;0;Inst_task;0;undefined;undefined;undefined;undefined;white;xpyriment;legacy;legacy;0;uniform;undefined;a;undefined;undefined;undefined;3;44;44;1;0;0;1;1;0;44;1;0;0;1;1;0;0;0;1;0;0;0;44;1;1;0;1;46;1;0;1;undefined;336;0;05/05/2021 16:14;The main experiment item;yes;;2. Instrumental.osexp;C:\Users\cncadmin\Desktop\Sara G\New_task;no;mono;no;18;no;black;no;yes;768;legacy;3;3;1;1;0;C:/Users/cncadmin/Desktop/Sara G/DatiEEG/02mi2.csv;xpyriment;Kafkaesque Koffka;3.2.8;right;0;0;0;0;4;1;3;z;NA;1;1;1;22266;NA;57162;22266;11729;2;legacy;1024;2;48000;-16;experiment;2;even;583061;626677;616211;580219;2993;72921;NA;580221;2993;616211;81543;72921;112112;583856;572728;15758;89845;3526;583856;72925;112112;72921;616211;81543;583856;72924;583856;626677;580219;2993;580221;pit experiment;0;0;0;yes;1024
INST;R2;4726;;;;;;;;;;;;;;;;;;;;;;;;;;;;;;;;;;;;;;;;;;;;;;;;;;;;;;;;;;;;;;;;;;;;;;;;;;;;;;;;;;;;;;;;;;;;;;;;;;;;;;;;;;;;;;;;;;;;;;;;;;;;;;;;;;;;;;;;;;;;;;
INST;R2;401;;;;;;;;;;;;;;;;;;;;;;;;;;;;;;;;;;;;;;;;;;;;;;;;;;;;;;;;;;;;;;;;;;;;;;;;;;;;;;;;;;;;;;;;;;;;;;;;;;;;;;;;;;;;;;;;;;;;;;;;;;;;;;;;;;;;;;;;;;;;;;
INST;R2;447;;;;;;;;;;;;;;;;;;;;;;;;;;;;;;;;;;;;;;;;;;;;;;;;;;;;;;;;;;;;;;;;;;;;;;;;;;;;;;;;;;;;;;;;;;;;;;;;;;;;;;;;;;;;;;;;;;;;;;;;;;;;;;;;;;;;;;;;;;;;;;
INST;R2;359;;;;;;;;;;;;;;;;;;;;;;;;;;;;;;;;;;;;;;;;;;;;;;;;;;;;;;;;;;;;;;;;;;;;;;;;;;;;;;;;;;;;;;;;;;;;;;;;;;;;;;;;;;;;;;;;;;;;;;;;;;;;;;;;;;;;;;;;;;;;;;
2;0;1;6;0;Inst_task;0;undefined;undefined;undefined;undefined;white;xpyriment;legacy;legacy;0;uniform;undefined;a;undefined;undefined;undefined;3;45;45;1;0;0;1;1;0;45;1;0;0;1;1;0;0;0;1;0;0;0;45;1;1;0;1;47;1;0;1;undefined;336;0;05/05/2021 16:14;The main experiment item;yes;;2. Instrumental.osexp;C:\Users\cncadmin\Desktop\Sara G\New_task;no;mono;no;18;no;black;no;yes;768;legacy;4;4;1;1;0;C:/Users/cncadmin/Desktop/Sara G/DatiEEG/02mi2.csv;xpyriment;Kafkaesque Koffka;3.2.8;right;0;0;0;0;4;3;1;m;NA;1;1;1;22266;NA;57162;22266;11729;2;legacy;1024;2;48000;-16;experiment;2;even;583061;637286;626742;580219;2993;72921;NA;580221;2993;626743;81543;72921;112112;583856;572728;15758;89845;3526;583856;72925;112112;72921;626742;81543;583856;72924;583856;637286;580219;2993;580221;pit experiment;0;0;0;yes;1024
INST;R1;4810;;;;;;;;;;;;;;;;;;;;;;;;;;;;;;;;;;;;;;;;;;;;;;;;;;;;;;;;;;;;;;;;;;;;;;;;;;;;;;;;;;;;;;;;;;;;;;;;;;;;;;;;;;;;;;;;;;;;;;;;;;;;;;;;;;;;;;;;;;;;;;
INST;R1;388;;;;;;;;;;;;;;;;;;;;;;;;;;;;;;;;;;;;;;;;;;;;;;;;;;;;;;;;;;;;;;;;;;;;;;;;;;;;;;;;;;;;;;;;;;;;;;;;;;;;;;;;;;;;;;;;;;;;;;;;;;;;;;;;;;;;;;;;;;;;;;
INST;R1;386;;;;;;;;;;;;;;;;;;;;;;;;;;;;;;;;;;;;;;;;;;;;;;;;;;;;;;;;;;;;;;;;;;;;;;;;;;;;;;;;;;;;;;;;;;;;;;;;;;;;;;;;;;;;;;;;;;;;;;;;;;;;;;;;;;;;;;;;;;;;;;
INST;R1;371;;;;;;;;;;;;;;;;;;;;;;;;;;;;;;;;;;;;;;;;;;;;;;;;;;;;;;;;;;;;;;;;;;;;;;;;;;;;;;;;;;;;;;;;;;;;;;;;;;;;;;;;;;;;;;;;;;;;;;;;;;;;;;;;;;;;;;;;;;;;;;
2;0;1;6;0;Inst_task;0;undefined;undefined;undefined;undefined;white;xpyriment;legacy;legacy;0;uniform;undefined;a;undefined;undefined;undefined;3;46;46;1;0;0;1;1;0;46;1;0;0;1;1;0;0;0;1;0;0;0;46;1;1;0;1;48;1;0;1;undefined;336;0;05/05/2021 16:14;The main experiment item;yes;;2. Instrumental.osexp;C:\Users\cncadmin\Desktop\Sara G\New_task;no;mono;no;18;no;black;no;yes;768;legacy;5;5;1;1;0;C:/Users/cncadmin/Desktop/Sara G/DatiEEG/02mi2.csv;xpyriment;Kafkaesque Koffka;3.2.8;right;0;4;4;0;0;0;0;m;NA;1;1;1;22266;NA;57162;22266;11729;2;legacy;1024;2;48000;-16;experiment;2;even;583061;647917;637357;580219;2993;72921;NA;580221;2993;637357;81543;72921;112112;583856;572728;15758;89845;3526;583856;72925;112112;72921;637357;81543;583856;72924;583856;647918;580219;2993;580221;pit experiment;0;0;0;yes;1024
INST;R1;4880;;;;;;;;;;;;;;;;;;;;;;;;;;;;;;;;;;;;;;;;;;;;;;;;;;;;;;;;;;;;;;;;;;;;;;;;;;;;;;;;;;;;;;;;;;;;;;;;;;;;;;;;;;;;;;;;;;;;;;;;;;;;;;;;;;;;;;;;;;;;;;
INST;R1;501;;;;;;;;;;;;;;;;;;;;;;;;;;;;;;;;;;;;;;;;;;;;;;;;;;;;;;;;;;;;;;;;;;;;;;;;;;;;;;;;;;;;;;;;;;;;;;;;;;;;;;;;;;;;;;;;;;;;;;;;;;;;;;;;;;;;;;;;;;;;;;
INST;R1;375;;;;;;;;;;;;;;;;;;;;;;;;;;;;;;;;;;;;;;;;;;;;;;;;;;;;;;;;;;;;;;;;;;;;;;;;;;;;;;;;;;;;;;;;;;;;;;;;;;;;;;;;;;;;;;;;;;;;;;;;;;;;;;;;;;;;;;;;;;;;;;
INST;R1;381;;;;;;;;;;;;;;;;;;;;;;;;;;;;;;;;;;;;;;;;;;;;;;;;;;;;;;;;;;;;;;;;;;;;;;;;;;;;;;;;;;;;;;;;;;;;;;;;;;;;;;;;;;;;;;;;;;;;;;;;;;;;;;;;;;;;;;;;;;;;;;
2;0;3;6;0;Inst_task;0;undefined;undefined;undefined;undefined;white;xpyriment;legacy;legacy;0;uniform;undefined;a;undefined;undefined;undefined;3;47;47;1;0;0;1;1;0;47;1;0;0;1;1;0;0;0;1;0;0;0;47;1;1;0;1;49;1;0;1;undefined;336;0;05/05/2021 16:14;The main experiment item;yes;;2. Instrumental.osexp;C:\Users\cncadmin\Desktop\Sara G\New_task;no;mono;no;18;no;black;no;yes;768;legacy;6;6;1;1;0;C:/Users/cncadmin/Desktop/Sara G/DatiEEG/02mi2.csv;xpyriment;Kafkaesque Koffka;3.2.8;right;0;4;2;2;0;0;0;z;NA;1;1;1;22266;NA;57162;22266;11729;2;legacy;1024;2;48000;-16;experiment;2;even;583061;658748;648017;580219;2993;72921;NA;580221;2993;648017;81543;72921;112112;583856;572728;15758;89845;3526;583856;72925;112112;72921;648017;81543;583856;72924;583856;658748;580219;2993;580221;pit experiment;0;0;0;yes;1024
INST;R2;4705;;;;;;;;;;;;;;;;;;;;;;;;;;;;;;;;;;;;;;;;;;;;;;;;;;;;;;;;;;;;;;;;;;;;;;;;;;;;;;;;;;;;;;;;;;;;;;;;;;;;;;;;;;;;;;;;;;;;;;;;;;;;;;;;;;;;;;;;;;;;;;
INST;R2;398;;;;;;;;;;;;;;;;;;;;;;;;;;;;;;;;;;;;;;;;;;;;;;;;;;;;;;;;;;;;;;;;;;;;;;;;;;;;;;;;;;;;;;;;;;;;;;;;;;;;;;;;;;;;;;;;;;;;;;;;;;;;;;;;;;;;;;;;;;;;;;
INST;R2;436;;;;;;;;;;;;;;;;;;;;;;;;;;;;;;;;;;;;;;;;;;;;;;;;;;;;;;;;;;;;;;;;;;;;;;;;;;;;;;;;;;;;;;;;;;;;;;;;;;;;;;;;;;;;;;;;;;;;;;;;;;;;;;;;;;;;;;;;;;;;;;
INST;R2;400;;;;;;;;;;;;;;;;;;;;;;;;;;;;;;;;;;;;;;;;;;;;;;;;;;;;;;;;;;;;;;;;;;;;;;;;;;;;;;;;;;;;;;;;;;;;;;;;;;;;;;;;;;;;;;;;;;;;;;;;;;;;;;;;;;;;;;;;;;;;;;
2;0;3;7;0;Inst_task;0;undefined;undefined;undefined;undefined;white;xpyriment;legacy;legacy;0;uniform;undefined;a;undefined;undefined;undefined;3;48;48;1;0;0;1;1;0;48;1;0;0;1;1;0;0;0;1;0;0;0;48;1;1;0;1;50;1;0;1;undefined;336;0;05/05/2021 16:14;The main experiment item;yes;;2. Instrumental.osexp;C:\Users\cncadmin\Desktop\Sara G\New_task;no;mono;no;18;no;black;no;yes;768;legacy;7;7;1;1;0;C:/Users/cncadmin/Desktop/Sara G/DatiEEG/02mi2.csv;xpyriment;Kafkaesque Koffka;3.2.8;right;0;0;0;0;4;3;1;z;NA;1;1;1;22266;NA;57162;22266;11729;2;legacy;1024;2;48000;-16;experiment;2;even;583061;669403;658830;580219;2993;72921;NA;580221;2993;658830;81543;72921;112112;583856;572728;15758;89845;3526;583856;72925;112112;72921;658830;81543;583856;72924;583856;669403;580219;2993;580221;pit experiment;0;0;0;yes;1024
INST;R1;4796;;;;;;;;;;;;;;;;;;;;;;;;;;;;;;;;;;;;;;;;;;;;;;;;;;;;;;;;;;;;;;;;;;;;;;;;;;;;;;;;;;;;;;;;;;;;;;;;;;;;;;;;;;;;;;;;;;;;;;;;;;;;;;;;;;;;;;;;;;;;;;
INST;R1;384;;;;;;;;;;;;;;;;;;;;;;;;;;;;;;;;;;;;;;;;;;;;;;;;;;;;;;;;;;;;;;;;;;;;;;;;;;;;;;;;;;;;;;;;;;;;;;;;;;;;;;;;;;;;;;;;;;;;;;;;;;;;;;;;;;;;;;;;;;;;;;
INST;R1;397;;;;;;;;;;;;;;;;;;;;;;;;;;;;;;;;;;;;;;;;;;;;;;;;;;;;;;;;;;;;;;;;;;;;;;;;;;;;;;;;;;;;;;;;;;;;;;;;;;;;;;;;;;;;;;;;;;;;;;;;;;;;;;;;;;;;;;;;;;;;;;
INST;R1;403;;;;;;;;;;;;;;;;;;;;;;;;;;;;;;;;;;;;;;;;;;;;;;;;;;;;;;;;;;;;;;;;;;;;;;;;;;;;;;;;;;;;;;;;;;;;;;;;;;;;;;;;;;;;;;;;;;;;;;;;;;;;;;;;;;;;;;;;;;;;;;
2;0;4;7;0;Inst_task;0;undefined;undefined;undefined;undefined;white;xpyriment;legacy;legacy;0;uniform;undefined;a;undefined;undefined;undefined;3;49;49;1;0;0;1;1;0;49;1;0;0;1;1;0;0;0;1;0;0;0;49;1;1;0;1;51;1;0;1;undefined;336;0;05/05/2021 16:14;The main experiment item;yes;;2. Instrumental.osexp;C:\Users\cncadmin\Desktop\Sara G\New_task;no;mono;no;18;no;black;no;yes;768;legacy;8;8;1;1;0;C:/Users/cncadmin/Desktop/Sara G/DatiEEG/02mi2.csv;xpyriment;Kafkaesque Koffka;3.2.8;right;0;4;3;1;0;0;0;m;NA;1;1;1;22266;NA;57162;22266;11729;2;legacy;1024;2;48000;-16;experiment;2;even;583061;680027;669466;580219;2993;72921;NA;580221;2993;669466;81543;72921;112112;583856;572728;15758;89845;3526;583856;72925;112112;72921;669466;81543;583856;72924;583856;680027;580219;2993;580221;pit experiment;0;0;0;yes;1024
INST;R2;4968;;;;;;;;;;;;;;;;;;;;;;;;;;;;;;;;;;;;;;;;;;;;;;;;;;;;;;;;;;;;;;;;;;;;;;;;;;;;;;;;;;;;;;;;;;;;;;;;;;;;;;;;;;;;;;;;;;;;;;;;;;;;;;;;;;;;;;;;;;;;;;
INST;R2;387;;;;;;;;;;;;;;;;;;;;;;;;;;;;;;;;;;;;;;;;;;;;;;;;;;;;;;;;;;;;;;;;;;;;;;;;;;;;;;;;;;;;;;;;;;;;;;;;;;;;;;;;;;;;;;;;;;;;;;;;;;;;;;;;;;;;;;;;;;;;;;
INST;R2;395;;;;;;;;;;;;;;;;;;;;;;;;;;;;;;;;;;;;;;;;;;;;;;;;;;;;;;;;;;;;;;;;;;;;;;;;;;;;;;;;;;;;;;;;;;;;;;;;;;;;;;;;;;;;;;;;;;;;;;;;;;;;;;;;;;;;;;;;;;;;;;
INST;R2;362;;;;;;;;;;;;;;;;;;;;;;;;;;;;;;;;;;;;;;;;;;;;;;;;;;;;;;;;;;;;;;;;;;;;;;;;;;;;;;;;;;;;;;;;;;;;;;;;;;;;;;;;;;;;;;;;;;;;;;;;;;;;;;;;;;;;;;;;;;;;;;
2;0;4;9;0;Inst_task;0;undefined;undefined;undefined;undefined;white;xpyriment;legacy;legacy;0;uniform;undefined;a;undefined;undefined;undefined;3;50;50;1;0;0;1;1;0;50;1;0;0;1;1;0;0;0;1;0;0;0;50;1;1;0;1;52;1;0;1;undefined;336;0;05/05/2021 16:14;The main experiment item;yes;;2. Instrumental.osexp;C:\Users\cncadmin\Desktop\Sara G\New_task;no;mono;no;18;no;black;no;yes;768;legacy;9;9;1;1;0;C:/Users/cncadmin/Desktop/Sara G/DatiEEG/02mi2.csv;xpyriment;Kafkaesque Koffka;3.2.8;right;0;0;0;0;4;2;2;z;NA;1;1;1;22266;NA;57162;22266;11729;2;legacy;1024;2;48000;-16;experiment;2;even;583061;690835;680121;580219;2993;72921;NA;580221;2993;680121;81543;72921;112112;583856;572728;15758;89845;3526;583856;72925;112112;72921;680120;81543;583856;72924;583856;690835;580219;2993;580221;pit experiment;0;0;0;yes;1024
INST;R1;4817;;;;;;;;;;;;;;;;;;;;;;;;;;;;;;;;;;;;;;;;;;;;;;;;;;;;;;;;;;;;;;;;;;;;;;;;;;;;;;;;;;;;;;;;;;;;;;;;;;;;;;;;;;;;;;;;;;;;;;;;;;;;;;;;;;;;;;;;;;;;;;
INST;R1;479;;;;;;;;;;;;;;;;;;;;;;;;;;;;;;;;;;;;;;;;;;;;;;;;;;;;;;;;;;;;;;;;;;;;;;;;;;;;;;;;;;;;;;;;;;;;;;;;;;;;;;;;;;;;;;;;;;;;;;;;;;;;;;;;;;;;;;;;;;;;;;
INST;R1;408;;;;;;;;;;;;;;;;;;;;;;;;;;;;;;;;;;;;;;;;;;;;;;;;;;;;;;;;;;;;;;;;;;;;;;;;;;;;;;;;;;;;;;;;;;;;;;;;;;;;;;;;;;;;;;;;;;;;;;;;;;;;;;;;;;;;;;;;;;;;;;
INST;R1;377;;;;;;;;;;;;;;;;;;;;;;;;;;;;;;;;;;;;;;;;;;;;;;;;;;;;;;;;;;;;;;;;;;;;;;;;;;;;;;;;;;;;;;;;;;;;;;;;;;;;;;;;;;;;;;;;;;;;;;;;;;;;;;;;;;;;;;;;;;;;;;
2;0;6;9;0;Inst_task;0;undefined;undefined;undefined;undefined;white;xpyriment;legacy;legacy;0;uniform;undefined;a;undefined;undefined;undefined;3;51;51;1;0;0;1;1;0;51;1;0;0;1;1;0;0;0;1;0;0;0;51;1;1;0;1;53;1;0;1;undefined;336;0;05/05/2021 16:14;The main experiment item;yes;;2. Instrumental.osexp;C:\Users\cncadmin\Desktop\Sara G\New_task;no;mono;no;18;no;black;no;yes;768;legacy;10;10;1;1;0;C:/Users/cncadmin/Desktop/Sara G/DatiEEG/02mi2.csv;xpyriment;Kafkaesque Koffka;3.2.8;right;0;4;2;2;0;0;0;z;NA;1;1;1;22266;NA;57162;22266;11729;2;legacy;1024;2;48000;-16;experiment;2;even;583061;701614;690910;580219;2993;72921;NA;580221;2993;690910;81543;72921;112112;583856;572728;15758;89845;3526;583856;72925;112112;72921;690910;81543;583856;72924;583856;701614;580219;2993;580221;pit experiment;0;0;0;yes;1024
INST;R2;4800;;;;;;;;;;;;;;;;;;;;;;;;;;;;;;;;;;;;;;;;;;;;;;;;;;;;;;;;;;;;;;;;;;;;;;;;;;;;;;;;;;;;;;;;;;;;;;;;;;;;;;;;;;;;;;;;;;;;;;;;;;;;;;;;;;;;;;;;;;;;;;
INST;R2;382;;;;;;;;;;;;;;;;;;;;;;;;;;;;;;;;;;;;;;;;;;;;;;;;;;;;;;;;;;;;;;;;;;;;;;;;;;;;;;;;;;;;;;;;;;;;;;;;;;;;;;;;;;;;;;;;;;;;;;;;;;;;;;;;;;;;;;;;;;;;;;
INST;R2;384;;;;;;;;;;;;;;;;;;;;;;;;;;;;;;;;;;;;;;;;;;;;;;;;;;;;;;;;;;;;;;;;;;;;;;;;;;;;;;;;;;;;;;;;;;;;;;;;;;;;;;;;;;;;;;;;;;;;;;;;;;;;;;;;;;;;;;;;;;;;;;
INST;R2;385;;;;;;;;;;;;;;;;;;;;;;;;;;;;;;;;;;;;;;;;;;;;;;;;;;;;;;;;;;;;;;;;;;;;;;;;;;;;;;;;;;;;;;;;;;;;;;;;;;;;;;;;;;;;;;;;;;;;;;;;;;;;;;;;;;;;;;;;;;;;;;
2;0;6;11;0;Inst_task;0;undefined;undefined;undefined;undefined;white;xpyriment;legacy;legacy;0;uniform;undefined;a;undefined;undefined;undefined;3;52;52;1;0;0;1;1;0;52;1;0;0;1;1;0;0;0;1;0;0;0;52;1;1;0;1;54;1;0;1;undefined;336;0;05/05/2021 16:14;The main experiment item;yes;;2. Instrumental.osexp;C:\Users\cncadmin\Desktop\Sara G\New_task;no;mono;no;18;no;black;no;yes;768;legacy;11;11;1;1;0;C:/Users/cncadmin/Desktop/Sara G/DatiEEG/02mi2.csv;xpyriment;Kafkaesque Koffka;3.2.8;right;0;0;0;0;4;2;2;z;NA;1;1;1;22266;NA;57162;22266;11729;2;legacy;1024;2;48000;-16;experiment;2;even;583061;712483;701703;580219;2993;72921;NA;580221;2993;701703;81543;72921;112112;583856;572728;15758;89845;3526;583856;72925;112112;72921;701703;81543;583856;72924;583856;712483;580219;2993;580221;pit experiment;0;0;0;yes;1024
INST;R1;4852;;;;;;;;;;;;;;;;;;;;;;;;;;;;;;;;;;;;;;;;;;;;;;;;;;;;;;;;;;;;;;;;;;;;;;;;;;;;;;;;;;;;;;;;;;;;;;;;;;;;;;;;;;;;;;;;;;;;;;;;;;;;;;;;;;;;;;;;;;;;;;
INST;R1;368;;;;;;;;;;;;;;;;;;;;;;;;;;;;;;;;;;;;;;;;;;;;;;;;;;;;;;;;;;;;;;;;;;;;;;;;;;;;;;;;;;;;;;;;;;;;;;;;;;;;;;;;;;;;;;;;;;;;;;;;;;;;;;;;;;;;;;;;;;;;;;
INST;R1;440;;;;;;;;;;;;;;;;;;;;;;;;;;;;;;;;;;;;;;;;;;;;;;;;;;;;;;;;;;;;;;;;;;;;;;;;;;;;;;;;;;;;;;;;;;;;;;;;;;;;;;;;;;;;;;;;;;;;;;;;;;;;;;;;;;;;;;;;;;;;;;
INST;R1;394;;;;;;;;;;;;;;;;;;;;;;;;;;;;;;;;;;;;;;;;;;;;;;;;;;;;;;;;;;;;;;;;;;;;;;;;;;;;;;;;;;;;;;;;;;;;;;;;;;;;;;;;;;;;;;;;;;;;;;;;;;;;;;;;;;;;;;;;;;;;;;
2;0;7;11;0;Inst_task;0;undefined;undefined;undefined;undefined;white;xpyriment;legacy;legacy;0;uniform;undefined;a;undefined;undefined;undefined;3;53;53;1;0;0;1;1;0;53;1;0;0;1;1;0;0;0;1;0;0;0;53;1;1;0;1;55;1;0;1;undefined;336;0;05/05/2021 16:14;The main experiment item;yes;;2. Instrumental.osexp;C:\Users\cncadmin\Desktop\Sara G\New_task;no;mono;no;18;no;black;no;yes;768;legacy;12;12;1;1;0;C:/Users/cncadmin/Desktop/Sara G/DatiEEG/02mi2.csv;xpyriment;Kafkaesque Koffka;3.2.8;right;0;4;3;1;0;0;0;m;NA;1;1;1;22266;NA;57162;22266;11729;2;legacy;1024;2;48000;-16;experiment;2;even;583061;723292;712580;580219;2993;72921;NA;580221;2993;712580;81543;72921;112112;583856;572728;15758;89845;3526;583856;72925;112112;72921;712580;81543;583856;72924;583856;723292;580219;2993;580221;pit experiment;0;0;0;yes;1024
INST;R2;4784;;;;;;;;;;;;;;;;;;;;;;;;;;;;;;;;;;;;;;;;;;;;;;;;;;;;;;;;;;;;;;;;;;;;;;;;;;;;;;;;;;;;;;;;;;;;;;;;;;;;;;;;;;;;;;;;;;;;;;;;;;;;;;;;;;;;;;;;;;;;;;
INST;R2;394;;;;;;;;;;;;;;;;;;;;;;;;;;;;;;;;;;;;;;;;;;;;;;;;;;;;;;;;;;;;;;;;;;;;;;;;;;;;;;;;;;;;;;;;;;;;;;;;;;;;;;;;;;;;;;;;;;;;;;;;;;;;;;;;;;;;;;;;;;;;;;
INST;R2;419;;;;;;;;;;;;;;;;;;;;;;;;;;;;;;;;;;;;;;;;;;;;;;;;;;;;;;;;;;;;;;;;;;;;;;;;;;;;;;;;;;;;;;;;;;;;;;;;;;;;;;;;;;;;;;;;;;;;;;;;;;;;;;;;;;;;;;;;;;;;;;
INST;R2;409;;;;;;;;;;;;;;;;;;;;;;;;;;;;;;;;;;;;;;;;;;;;;;;;;;;;;;;;;;;;;;;;;;;;;;;;;;;;;;;;;;;;;;;;;;;;;;;;;;;;;;;;;;;;;;;;;;;;;;;;;;;;;;;;;;;;;;;;;;;;;;
2;0;7;11;0;Inst_task;0;undefined;undefined;undefined;undefined;white;xpyriment;legacy;legacy;0;uniform;undefined;a;undefined;undefined;undefined;3;54;54;1;0;0;1;1;0;54;1;0;0;1;1;0;0;0;1;0;0;0;54;1;1;0;1;56;1;0;1;undefined;336;0;05/05/2021 16:14;The main experiment item;yes;;2. Instrumental.osexp;C:\Users\cncadmin\Desktop\Sara G\New_task;no;mono;no;18;no;black;no;yes;768;legacy;13;13;1;1;0;C:/Users/cncadmin/Desktop/Sara G/DatiEEG/02mi2.csv;xpyriment;Kafkaesque Koffka;3.2.8;right;0;0;0;0;4;4;0;m;NA;1;1;1;22266;NA;57162;22266;11729;2;legacy;1024;2;48000;-16;experiment;2;even;583061;734068;723390;580219;2993;72921;NA;580221;2993;723390;81543;72921;112112;583856;572728;15758;89845;3526;583856;72925;112112;72921;723390;81543;583856;72924;583856;734068;580219;2993;580221;pit experiment;0;0;0;yes;1024
INST;R2;4654;;;;;;;;;;;;;;;;;;;;;;;;;;;;;;;;;;;;;;;;;;;;;;;;;;;;;;;;;;;;;;;;;;;;;;;;;;;;;;;;;;;;;;;;;;;;;;;;;;;;;;;;;;;;;;;;;;;;;;;;;;;;;;;;;;;;;;;;;;;;;;
INST;R2;448;;;;;;;;;;;;;;;;;;;;;;;;;;;;;;;;;;;;;;;;;;;;;;;;;;;;;;;;;;;;;;;;;;;;;;;;;;;;;;;;;;;;;;;;;;;;;;;;;;;;;;;;;;;;;;;;;;;;;;;;;;;;;;;;;;;;;;;;;;;;;;
INST;R2;370;;;;;;;;;;;;;;;;;;;;;;;;;;;;;;;;;;;;;;;;;;;;;;;;;;;;;;;;;;;;;;;;;;;;;;;;;;;;;;;;;;;;;;;;;;;;;;;;;;;;;;;;;;;;;;;;;;;;;;;;;;;;;;;;;;;;;;;;;;;;;;
INST;R2;373;;;;;;;;;;;;;;;;;;;;;;;;;;;;;;;;;;;;;;;;;;;;;;;;;;;;;;;;;;;;;;;;;;;;;;;;;;;;;;;;;;;;;;;;;;;;;;;;;;;;;;;;;;;;;;;;;;;;;;;;;;;;;;;;;;;;;;;;;;;;;;
2;0;7;11;0;Inst_task;0;undefined;undefined;undefined;undefined;white;xpyriment;legacy;legacy;0;uniform;undefined;a;undefined;undefined;undefined;3;55;55;1;0;0;1;1;0;55;1;0;0;1;1;0;0;0;1;0;0;0;55;1;1;0;1;57;1;0;1;undefined;336;0;05/05/2021 16:14;The main experiment item;yes;;2. Instrumental.osexp;C:\Users\cncadmin\Desktop\Sara G\New_task;no;mono;no;18;no;black;no;yes;768;legacy;14;14;1;1;0;C:/Users/cncadmin/Desktop/Sara G/DatiEEG/02mi2.csv;xpyriment;Kafkaesque Koffka;3.2.8;right;0;0;0;0;4;4;0;m;NA;1;1;1;22266;NA;57162;22266;11729;2;legacy;1024;2;48000;-16;experiment;2;even;583061;744653;734163;580219;2993;72921;NA;580221;2993;734163;81543;72921;112112;583856;572728;15758;89845;3526;583856;72925;112112;72921;734163;81543;583856;72924;583856;744654;580219;2993;580221;pit experiment;0;0;0;yes;1024
INST;R1;4848;;;;;;;;;;;;;;;;;;;;;;;;;;;;;;;;;;;;;;;;;;;;;;;;;;;;;;;;;;;;;;;;;;;;;;;;;;;;;;;;;;;;;;;;;;;;;;;;;;;;;;;;;;;;;;;;;;;;;;;;;;;;;;;;;;;;;;;;;;;;;;
INST;R1;382;;;;;;;;;;;;;;;;;;;;;;;;;;;;;;;;;;;;;;;;;;;;;;;;;;;;;;;;;;;;;;;;;;;;;;;;;;;;;;;;;;;;;;;;;;;;;;;;;;;;;;;;;;;;;;;;;;;;;;;;;;;;;;;;;;;;;;;;;;;;;;
INST;R1;435;;;;;;;;;;;;;;;;;;;;;;;;;;;;;;;;;;;;;;;;;;;;;;;;;;;;;;;;;;;;;;;;;;;;;;;;;;;;;;;;;;;;;;;;;;;;;;;;;;;;;;;;;;;;;;;;;;;;;;;;;;;;;;;;;;;;;;;;;;;;;;
INST;R1;396;;;;;;;;;;;;;;;;;;;;;;;;;;;;;;;;;;;;;;;;;;;;;;;;;;;;;;;;;;;;;;;;;;;;;;;;;;;;;;;;;;;;;;;;;;;;;;;;;;;;;;;;;;;;;;;;;;;;;;;;;;;;;;;;;;;;;;;;;;;;;;
2;0;7;11;0;Inst_task;0;undefined;undefined;undefined;undefined;white;xpyriment;legacy;legacy;0;uniform;undefined;a;undefined;undefined;undefined;3;56;56;1;0;0;1;1;0;56;1;0;0;1;1;0;0;0;1;0;0;0;56;1;1;0;1;58;1;0;1;undefined;336;0;05/05/2021 16:14;The main experiment item;yes;;2. Instrumental.osexp;C:\Users\cncadmin\Desktop\Sara G\New_task;no;mono;no;18;no;black;no;yes;768;legacy;15;15;1;1;0;C:/Users/cncadmin/Desktop/Sara G/DatiEEG/02mi2.csv;xpyriment;Kafkaesque Koffka;3.2.8;right;0;4;4;0;0;0;0;z;NA;1;1;1;22266;NA;57162;22266;11729;2;legacy;1024;2;48000;-16;experiment;2;even;583061;755385;744728;580219;2993;72921;NA;580221;2993;744728;81543;72921;112112;583856;572728;15758;89845;3526;583856;72925;112112;72921;744728;81543;583856;72924;583856;755385;580219;2993;580221;pit experiment;0;0;0;yes;1024
INST;R1;4528;;;;;;;;;;;;;;;;;;;;;;;;;;;;;;;;;;;;;;;;;;;;;;;;;;;;;;;;;;;;;;;;;;;;;;;;;;;;;;;;;;;;;;;;;;;;;;;;;;;;;;;;;;;;;;;;;;;;;;;;;;;;;;;;;;;;;;;;;;;;;;
INST;R1;409;;;;;;;;;;;;;;;;;;;;;;;;;;;;;;;;;;;;;;;;;;;;;;;;;;;;;;;;;;;;;;;;;;;;;;;;;;;;;;;;;;;;;;;;;;;;;;;;;;;;;;;;;;;;;;;;;;;;;;;;;;;;;;;;;;;;;;;;;;;;;;
INST;R1;382;;;;;;;;;;;;;;;;;;;;;;;;;;;;;;;;;;;;;;;;;;;;;;;;;;;;;;;;;;;;;;;;;;;;;;;;;;;;;;;;;;;;;;;;;;;;;;;;;;;;;;;;;;;;;;;;;;;;;;;;;;;;;;;;;;;;;;;;;;;;;;
INST;R1;441;;;;;;;;;;;;;;;;;;;;;;;;;;;;;;;;;;;;;;;;;;;;;;;;;;;;;;;;;;;;;;;;;;;;;;;;;;;;;;;;;;;;;;;;;;;;;;;;;;;;;;;;;;;;;;;;;;;;;;;;;;;;;;;;;;;;;;;;;;;;;;
2;0;9;11;0;Inst_task;0;undefined;undefined;undefined;undefined;white;xpyriment;legacy;legacy;0;uniform;undefined;a;undefined;undefined;undefined;3;57;57;1;0;0;1;1;0;57;1;0;0;1;1;0;0;0;1;0;0;0;57;1;1;0;1;59;1;0;1;undefined;336;0;05/05/2021 16:14;The main experiment item;yes;;2. Instrumental.osexp;C:\Users\cncadmin\Desktop\Sara G\New_task;no;mono;no;18;no;black;no;yes;768;legacy;16;16;1;1;0;C:/Users/cncadmin/Desktop/Sara G/DatiEEG/02mi2.csv;xpyriment;Kafkaesque Koffka;3.2.8;right;0;4;2;2;0;0;0;m;NA;1;1;1;22266;NA;57162;22266;11729;2;legacy;1024;2;48000;-16;experiment;2;even;583061;765858;755464;580219;2993;72921;NA;580221;2993;755464;81543;72921;112112;583856;572728;15758;89845;3526;583856;72925;112112;72921;755464;81543;583856;72924;583856;765859;580219;2993;580221;pit experiment;0;0;0;yes;1024
INST;R2;4434;;;;;;;;;;;;;;;;;;;;;;;;;;;;;;;;;;;;;;;;;;;;;;;;;;;;;;;;;;;;;;;;;;;;;;;;;;;;;;;;;;;;;;;;;;;;;;;;;;;;;;;;;;;;;;;;;;;;;;;;;;;;;;;;;;;;;;;;;;;;;;
INST;R2;386;;;;;;;;;;;;;;;;;;;;;;;;;;;;;;;;;;;;;;;;;;;;;;;;;;;;;;;;;;;;;;;;;;;;;;;;;;;;;;;;;;;;;;;;;;;;;;;;;;;;;;;;;;;;;;;;;;;;;;;;;;;;;;;;;;;;;;;;;;;;;;
INST;R2;374;;;;;;;;;;;;;;;;;;;;;;;;;;;;;;;;;;;;;;;;;;;;;;;;;;;;;;;;;;;;;;;;;;;;;;;;;;;;;;;;;;;;;;;;;;;;;;;;;;;;;;;;;;;;;;;;;;;;;;;;;;;;;;;;;;;;;;;;;;;;;;
INST;R2;400;;;;;;;;;;;;;;;;;;;;;;;;;;;;;;;;;;;;;;;;;;;;;;;;;;;;;;;;;;;;;;;;;;;;;;;;;;;;;;;;;;;;;;;;;;;;;;;;;;;;;;;;;;;;;;;;;;;;;;;;;;;;;;;;;;;;;;;;;;;;;;
2;0;9;12;0;Inst_task;0;undefined;undefined;undefined;undefined;white;xpyriment;legacy;legacy;0;uniform;undefined;a;undefined;undefined;undefined;3;58;58;1;0;0;1;1;0;58;1;0;0;1;1;0;0;0;1;0;0;0;58;1;1;0;1;60;1;0;1;undefined;336;0;05/05/2021 16:14;The main experiment item;yes;;2. Instrumental.osexp;C:\Users\cncadmin\Desktop\Sara G\New_task;no;mono;no;18;no;black;no;yes;768;legacy;17;17;1;1;0;C:/Users/cncadmin/Desktop/Sara G/DatiEEG/02mi2.csv;xpyriment;Kafkaesque Koffka;3.2.8;right;0;0;0;0;4;3;1;z;NA;1;1;1;22266;NA;57162;22266;11729;2;legacy;1024;2;48000;-16;experiment;2;even;583061;776210;765972;580219;2993;72921;NA;580221;2993;765972;81543;72921;112112;583856;572728;15758;89845;3526;583856;72925;112112;72921;765972;81543;583856;72924;583856;776211;580219;2993;580221;pit experiment;0;0;0;yes;1024
INST;R1;4949;;;;;;;;;;;;;;;;;;;;;;;;;;;;;;;;;;;;;;;;;;;;;;;;;;;;;;;;;;;;;;;;;;;;;;;;;;;;;;;;;;;;;;;;;;;;;;;;;;;;;;;;;;;;;;;;;;;;;;;;;;;;;;;;;;;;;;;;;;;;;;
INST;R1;378;;;;;;;;;;;;;;;;;;;;;;;;;;;;;;;;;;;;;;;;;;;;;;;;;;;;;;;;;;;;;;;;;;;;;;;;;;;;;;;;;;;;;;;;;;;;;;;;;;;;;;;;;;;;;;;;;;;;;;;;;;;;;;;;;;;;;;;;;;;;;;
INST;R1;379;;;;;;;;;;;;;;;;;;;;;;;;;;;;;;;;;;;;;;;;;;;;;;;;;;;;;;;;;;;;;;;;;;;;;;;;;;;;;;;;;;;;;;;;;;;;;;;;;;;;;;;;;;;;;;;;;;;;;;;;;;;;;;;;;;;;;;;;;;;;;;
INST;R1;493;;;;;;;;;;;;;;;;;;;;;;;;;;;;;;;;;;;;;;;;;;;;;;;;;;;;;;;;;;;;;;;;;;;;;;;;;;;;;;;;;;;;;;;;;;;;;;;;;;;;;;;;;;;;;;;;;;;;;;;;;;;;;;;;;;;;;;;;;;;;;;
2;0;9;12;0;Inst_task;0;undefined;undefined;undefined;undefined;white;xpyriment;legacy;legacy;0;uniform;undefined;a;undefined;undefined;undefined;3;59;59;1;0;0;1;1;0;59;1;0;0;1;1;0;0;0;1;0;0;0;59;1;1;0;1;61;1;0;1;undefined;336;0;05/05/2021 16:14;The main experiment item;yes;;2. Instrumental.osexp;C:\Users\cncadmin\Desktop\Sara G\New_task;no;mono;no;18;no;black;no;yes;768;legacy;18;18;1;1;0;C:/Users/cncadmin/Desktop/Sara G/DatiEEG/02mi2.csv;xpyriment;Kafkaesque Koffka;3.2.8;right;0;4;4;0;0;0;0;z;NA;1;1;1;22266;NA;57162;22266;11729;2;legacy;1024;2;48000;-16;experiment;2;even;583061;787079;776280;580219;2993;72921;NA;580221;2993;776280;81543;72921;112112;583856;572728;15758;89845;3526;583856;72925;112112;72921;776279;81543;583856;72924;583856;787079;580219;2993;580221;pit experiment;0;0;0;yes;1024
INST;R2;4791;;;;;;;;;;;;;;;;;;;;;;;;;;;;;;;;;;;;;;;;;;;;;;;;;;;;;;;;;;;;;;;;;;;;;;;;;;;;;;;;;;;;;;;;;;;;;;;;;;;;;;;;;;;;;;;;;;;;;;;;;;;;;;;;;;;;;;;;;;;;;;
INST;R2;400;;;;;;;;;;;;;;;;;;;;;;;;;;;;;;;;;;;;;;;;;;;;;;;;;;;;;;;;;;;;;;;;;;;;;;;;;;;;;;;;;;;;;;;;;;;;;;;;;;;;;;;;;;;;;;;;;;;;;;;;;;;;;;;;;;;;;;;;;;;;;;
INST;R2;366;;;;;;;;;;;;;;;;;;;;;;;;;;;;;;;;;;;;;;;;;;;;;;;;;;;;;;;;;;;;;;;;;;;;;;;;;;;;;;;;;;;;;;;;;;;;;;;;;;;;;;;;;;;;;;;;;;;;;;;;;;;;;;;;;;;;;;;;;;;;;;
INST;R2;572;;;;;;;;;;;;;;;;;;;;;;;;;;;;;;;;;;;;;;;;;;;;;;;;;;;;;;;;;;;;;;;;;;;;;;;;;;;;;;;;;;;;;;;;;;;;;;;;;;;;;;;;;;;;;;;;;;;;;;;;;;;;;;;;;;;;;;;;;;;;;;
2;0;9;13;0;Inst_task;0;undefined;undefined;undefined;undefined;white;xpyriment;legacy;legacy;0;uniform;undefined;a;undefined;undefined;undefined;3;60;60;1;0;0;1;1;0;60;1;0;0;1;1;0;0;0;1;0;0;0;60;1;1;0;1;62;1;0;1;undefined;336;0;05/05/2021 16:14;The main experiment item;yes;;2. Instrumental.osexp;C:\Users\cncadmin\Desktop\Sara G\New_task;no;mono;no;18;no;black;no;yes;768;legacy;19;19;1;1;0;C:/Users/cncadmin/Desktop/Sara G/DatiEEG/02mi2.csv;xpyriment;Kafkaesque Koffka;3.2.8;right;0;0;0;0;4;3;1;z;NA;1;1;1;22266;NA;57162;22266;11729;2;legacy;1024;2;48000;-16;experiment;2;even;583061;797909;787146;580219;2993;72921;NA;580221;2993;787146;81543;72921;112112;583856;572728;15758;89845;3526;583856;72925;112112;72921;787146;81543;583856;72924;583856;797910;580219;2993;580221;pit experiment;0;0;0;yes;1024
INST;R2;4893;;;;;;;;;;;;;;;;;;;;;;;;;;;;;;;;;;;;;;;;;;;;;;;;;;;;;;;;;;;;;;;;;;;;;;;;;;;;;;;;;;;;;;;;;;;;;;;;;;;;;;;;;;;;;;;;;;;;;;;;;;;;;;;;;;;;;;;;;;;;;;
INST;R2;376;;;;;;;;;;;;;;;;;;;;;;;;;;;;;;;;;;;;;;;;;;;;;;;;;;;;;;;;;;;;;;;;;;;;;;;;;;;;;;;;;;;;;;;;;;;;;;;;;;;;;;;;;;;;;;;;;;;;;;;;;;;;;;;;;;;;;;;;;;;;;;
INST;R2;409;;;;;;;;;;;;;;;;;;;;;;;;;;;;;;;;;;;;;;;;;;;;;;;;;;;;;;;;;;;;;;;;;;;;;;;;;;;;;;;;;;;;;;;;;;;;;;;;;;;;;;;;;;;;;;;;;;;;;;;;;;;;;;;;;;;;;;;;;;;;;;
INST;R2;408;;;;;;;;;;;;;;;;;;;;;;;;;;;;;;;;;;;;;;;;;;;;;;;;;;;;;;;;;;;;;;;;;;;;;;;;;;;;;;;;;;;;;;;;;;;;;;;;;;;;;;;;;;;;;;;;;;;;;;;;;;;;;;;;;;;;;;;;;;;;;;
2;0;9;14;0;Inst_task;0;undefined;undefined;undefined;undefined;white;xpyriment;legacy;legacy;0;uniform;undefined;a;undefined;undefined;undefined;3;61;61;1;0;0;1;1;0;61;1;0;0;1;1;0;0;0;1;0;0;0;61;1;1;0;1;63;1;0;1;undefined;336;0;05/05/2021 16:14;The main experiment item;yes;;2. Instrumental.osexp;C:\Users\cncadmin\Desktop\Sara G\New_task;no;mono;no;18;no;black;no;yes;768;legacy;20;20;1;1;0;C:/Users/cncadmin/Desktop/Sara G/DatiEEG/02mi2.csv;xpyriment;Kafkaesque Koffka;3.2.8;right;0;0;0;0;4;3;1;z;NA;1;1;1;22266;NA;57162;22266;11729;2;legacy;1024;2;48000;-16;experiment;2;even;583061;808697;798002;580219;2993;72921;NA;580221;2993;798002;81543;72921;112112;583856;572728;15758;89845;3526;583856;72925;112112;72921;798002;81543;583856;72924;583856;808697;580219;2993;580221;pit experiment;0;0;0;yes;1024
INST;R1;4822;;;;;;;;;;;;;;;;;;;;;;;;;;;;;;;;;;;;;;;;;;;;;;;;;;;;;;;;;;;;;;;;;;;;;;;;;;;;;;;;;;;;;;;;;;;;;;;;;;;;;;;;;;;;;;;;;;;;;;;;;;;;;;;;;;;;;;;;;;;;;;
INST;R1;409;;;;;;;;;;;;;;;;;;;;;;;;;;;;;;;;;;;;;;;;;;;;;;;;;;;;;;;;;;;;;;;;;;;;;;;;;;;;;;;;;;;;;;;;;;;;;;;;;;;;;;;;;;;;;;;;;;;;;;;;;;;;;;;;;;;;;;;;;;;;;;
INST;R1;401;;;;;;;;;;;;;;;;;;;;;;;;;;;;;;;;;;;;;;;;;;;;;;;;;;;;;;;;;;;;;;;;;;;;;;;;;;;;;;;;;;;;;;;;;;;;;;;;;;;;;;;;;;;;;;;;;;;;;;;;;;;;;;;;;;;;;;;;;;;;;;
INST;R1;378;;;;;;;;;;;;;;;;;;;;;;;;;;;;;;;;;;;;;;;;;;;;;;;;;;;;;;;;;;;;;;;;;;;;;;;;;;;;;;;;;;;;;;;;;;;;;;;;;;;;;;;;;;;;;;;;;;;;;;;;;;;;;;;;;;;;;;;;;;;;;;
2;0;10;14;0;Inst_task;0;undefined;undefined;undefined;undefined;white;xpyriment;legacy;legacy;0;uniform;undefined;a;undefined;undefined;undefined;3;62;62;1;0;0;1;1;0;62;1;0;0;1;1;0;0;0;1;0;0;0;62;1;1;0;1;64;1;0;1;undefined;336;0;05/05/2021 16:14;The main experiment item;yes;;2. Instrumental.osexp;C:\Users\cncadmin\Desktop\Sara G\New_task;no;mono;no;18;no;black;no;yes;768;legacy;21;21;1;1;0;C:/Users/cncadmin/Desktop/Sara G/DatiEEG/02mi2.csv;xpyriment;Kafkaesque Koffka;3.2.8;right;0;4;3;1;0;0;0;m;NA;1;1;1;22266;NA;57162;22266;11729;2;legacy;1024;2;48000;-16;experiment;2;even;583061;819405;808775;580219;2993;72921;NA;580221;2993;808775;81543;72921;112112;583856;572728;15758;89845;3526;583856;72925;112112;72921;808775;81543;583856;72924;583856;819406;580219;2993;580221;pit experiment;0;0;0;yes;1024
3;0;10;14;0;Inst_question;0;undefined;undefined;undefined;undefined;white;xpyriment;legacy;legacy;0;uniform;undefined;l;undefined;undefined;undefined;4;62;62;2;0;0;1;2;0;62;1;0;0;1;1;0;0;0;1;0;0;0;62;1;1;0;1;65;2;0;2;undefined;336;0;05/05/2021 16:14;The main experiment item;yes;;2. Instrumental.osexp;C:\Users\cncadmin\Desktop\Sara G\New_task;no;mono;no;18;no;black;no;yes;768;legacy;0;22;1;1;0;C:/Users/cncadmin/Desktop/Sara G/DatiEEG/02mi2.csv;xpyriment;Kafkaesque Koffka;3.2.8;left;0;4;3;1;0;0;0;l;NA;1;1;1;22266;NA;57162;22266;11729;2;legacy;1024;2;48000;-16;experiment;2;even;823939;819405;808775;819986;2993;72921;NA;819988;2993;808775;81543;72921;112112;583856;819474;15758;89845;3526;583856;72925;112112;72921;808775;81543;583856;72924;583856;824439;819986;2993;819988;pit experiment;0;0;0;yes;1024
4;0;10;14;0;Inst_question;0;undefined;undefined;undefined;undefined;white;xpyriment;legacy;legacy;0;uniform;undefined;a;undefined;undefined;undefined;5;62;62;3;0;0;1;3;0;62;1;0;0;1;1;0;0;0;1;0;0;0;62;1;1;0;1;66;3;0;3;undefined;336;0;05/05/2021 16:14;The main experiment item;yes;;2. Instrumental.osexp;C:\Users\cncadmin\Desktop\Sara G\New_task;no;mono;no;18;no;black;no;yes;768;legacy;1;22;1;1;0;C:/Users/cncadmin/Desktop/Sara G/DatiEEG/02mi2.csv;xpyriment;Kafkaesque Koffka;3.2.8;right;0;4;3;1;0;0;0;a;NA;1;1;1;22266;NA;57162;22266;11729;2;legacy;1024;2;48000;-16;experiment;2;even;829323;819405;808775;825014;2993;72921;NA;825017;2993;808775;81543;72921;112112;583856;819474;15758;89845;3526;583856;72925;112112;72921;808775;81543;583856;72924;583856;829823;825014;2993;825017;pit experiment;0;0;0;yes;1024
