INST;R2;8378;;;;;;;;;;;;;;;;;;;;;;;;;;;;;;;;;;;;;;;;;;;;;;;;;;;;;;;;;;;;;;;;;;;;;;;;;;;;;;;;;;;;;;;;;;;;;;;;;;;;;;;;;;;;;;;;;;;;;;;;;;;;;;;;;;;;;;;;;;;;
CorrRes;ITI;Res01rewCum;Res02rewCum;ResTotal;TASK;Wrong;acc;accuracy;average_response_time;avg_rt;background;canvas_backend;clock_backend;color_backend;compensation;coordinates;correct;correctAnswer;correct_instructions_inst;correct_instructions_inst_2;correct_instructions_start;count_ITI_questions;count_count_rewards;count_define_task_1;count_define_task_2;count_empty;count_end;count_evaluate_answer;count_experiment;count_inline_instrumental;count_inline_instrumental_1;count_inline_variabili;count_inline_variabili_ins_1;count_inline_variabili_ins_2;count_inst_questions;count_instructions_inst;count_instructions_inst_2;count_instructions_start;count_instrumental_loop;count_instrumental_loop_1;count_instrumental_loop_complete;count_instrumental_practice;count_instrumental_sequence;count_instrumental_sequence_2;count_instrumental_sequence_complete;count_instrumental_sequence_complete_1;count_learning_criteria;count_logger;count_new_sequence_1;count_open_triggerEEG;count_question_1;cursor_roi;cursor_x;cursor_y;datetime;description;disable_garbage_collection;empty_column;experiment_file;experiment_path;font_bold;font_family;font_italic;font_size;font_underline;foreground;form_clicks;fullscreen;height;keyboard_backend;live_row;live_row_instrumental_loop;live_row_instrumental_loop_1;live_row_instrumental_loop_complete;live_row_instrumental_practice;logfile;mouse_backend;opensesame_codename;opensesame_version;question;repeat_cycle;resO1;resO1nul;resO1reward;resO2;resO2nul;resO2reward;response;response_end;response_instructions_inst;response_instructions_inst_2;response_instructions_start;response_time;response_time_end;response_time_instructions_inst;response_time_instructions_inst_2;response_time_instructions_start;round_decimals;sampler_backend;sound_buf_size;sound_channels;sound_freq;sound_sample_size;start;subject_nr;subject_parity;time_ITI_questions;time_count_rewards;time_define_task_1;time_define_task_2;time_empty;time_end;time_evaluate_answer;time_experiment;time_inline_instrumental;time_inline_instrumental_1;time_inline_variabili;time_inline_variabili_ins_1;time_inline_variabili_ins_2;time_inst_questions;time_instructions_inst;time_instructions_inst_2;time_instructions_start;time_instrumental_loop;time_instrumental_loop_1;time_instrumental_loop_complete;time_instrumental_practice;time_instrumental_sequence;time_instrumental_sequence_2;time_instrumental_sequence_complete;time_instrumental_sequence_complete_1;time_learning_criteria;time_logger;time_new_sequence_1;time_open_triggerEEG;time_question_1;title;total_correct;total_response_time;total_responses;uniform_coordinates;width
0;0;0;0;0;Inst_task;0;undefined;undefined;undefined;undefined;white;xpyriment;legacy;legacy;0;uniform;undefined;NA;undefined;undefined;undefined;1;0;1;NA;0;0;NA;0;0;1;0;0;0;0;0;0;0;0;0;0;0;0;1;0;0;0;0;NA;0;NA;undefined;959;-40;05/19/21 14:39:51;The main experiment item;yes;;2. Instrumental.osexp;C:\Users\cncadmin\Desktop\Sara G\new task;no;mono;no;18;no;black;no;yes;768;legacy;0;0;1;0;0;C:/Users/cncadmin/Desktop/Sara G/DatiEEG/05mo2.csv;xpyriment;Kafkaesque Koffka;3.2.8;NA;0;0;0;0;1;1;0;m;NA;1;1;1;16651;NA;55419;16651;11054;2;legacy;1024;2;48000;-16;experiment;5;odd;14638;112599;102617;NA;70559;NA;NA;3050;102617;78454;70559;102397;102592;NA;15139;85746;3583;102592;70563;102397;70559;102617;78454;102592;70563;102592;112599;NA;3050;NA;pit experiment;0;0;0;yes;1024
INST;R2;5027;;;;;;;;;;;;;;;;;;;;;;;;;;;;;;;;;;;;;;;;;;;;;;;;;;;;;;;;;;;;;;;;;;;;;;;;;;;;;;;;;;;;;;;;;;;;;;;;;;;;;;;;;;;;;;;;;;;;;;;;;;;;;;;;;;;;;;;;;;;;
INST;R2;2295;;;;;;;;;;;;;;;;;;;;;;;;;;;;;;;;;;;;;;;;;;;;;;;;;;;;;;;;;;;;;;;;;;;;;;;;;;;;;;;;;;;;;;;;;;;;;;;;;;;;;;;;;;;;;;;;;;;;;;;;;;;;;;;;;;;;;;;;;;;;
0;0;0;1;0;Inst_task;0;undefined;undefined;undefined;undefined;white;xpyriment;legacy;legacy;0;uniform;undefined;NA;undefined;undefined;undefined;1;1;2;NA;0;0;NA;0;1;1;0;0;0;0;0;0;0;0;0;0;0;1;1;0;0;0;1;NA;0;NA;undefined;959;-40;05/19/21 14:39:51;The main experiment item;yes;;2. Instrumental.osexp;C:\Users\cncadmin\Desktop\Sara G\new task;no;mono;no;18;no;black;no;yes;768;legacy;1;1;1;0;0;C:/Users/cncadmin/Desktop/Sara G/DatiEEG/05mo2.csv;xpyriment;Kafkaesque Koffka;3.2.8;NA;0;0;0;0;2;1;1;z;NA;1;1;1;16651;NA;55419;16651;11054;2;legacy;1024;2;48000;-16;experiment;5;odd;14638;122653;112673;NA;70559;NA;NA;3050;112673;78454;70559;102397;102592;NA;15139;85746;3583;102592;70563;102397;70559;112673;78454;102592;70563;102592;122653;NA;3050;NA;pit experiment;0;0;0;yes;1024
INST;R1;4484;;;;;;;;;;;;;;;;;;;;;;;;;;;;;;;;;;;;;;;;;;;;;;;;;;;;;;;;;;;;;;;;;;;;;;;;;;;;;;;;;;;;;;;;;;;;;;;;;;;;;;;;;;;;;;;;;;;;;;;;;;;;;;;;;;;;;;;;;;;;
INST;R1;1472;;;;;;;;;;;;;;;;;;;;;;;;;;;;;;;;;;;;;;;;;;;;;;;;;;;;;;;;;;;;;;;;;;;;;;;;;;;;;;;;;;;;;;;;;;;;;;;;;;;;;;;;;;;;;;;;;;;;;;;;;;;;;;;;;;;;;;;;;;;;
INST;R1;912;;;;;;;;;;;;;;;;;;;;;;;;;;;;;;;;;;;;;;;;;;;;;;;;;;;;;;;;;;;;;;;;;;;;;;;;;;;;;;;;;;;;;;;;;;;;;;;;;;;;;;;;;;;;;;;;;;;;;;;;;;;;;;;;;;;;;;;;;;;;
0;0;1;1;0;Inst_task;0;undefined;undefined;undefined;undefined;white;xpyriment;legacy;legacy;0;uniform;undefined;NA;undefined;undefined;undefined;1;2;3;NA;0;0;NA;0;2;1;0;0;0;0;0;0;0;0;0;0;0;2;1;0;0;0;2;NA;0;NA;undefined;959;-40;05/19/21 14:39:51;The main experiment item;yes;;2. Instrumental.osexp;C:\Users\cncadmin\Desktop\Sara G\new task;no;mono;no;18;no;black;no;yes;768;legacy;2;2;1;0;0;C:/Users/cncadmin/Desktop/Sara G/DatiEEG/05mo2.csv;xpyriment;Kafkaesque Koffka;3.2.8;NA;0;3;2;1;0;0;0;m;NA;1;1;1;16651;NA;55419;16651;11054;2;legacy;1024;2;48000;-16;experiment;5;odd;14638;133213;122729;NA;70559;NA;NA;3050;122729;78454;70559;102397;102592;NA;15139;85746;3583;102592;70563;102397;70559;122729;78454;102592;70563;102592;133213;NA;3050;NA;pit experiment;0;0;0;yes;1024
INST;R2;4415;;;;;;;;;;;;;;;;;;;;;;;;;;;;;;;;;;;;;;;;;;;;;;;;;;;;;;;;;;;;;;;;;;;;;;;;;;;;;;;;;;;;;;;;;;;;;;;;;;;;;;;;;;;;;;;;;;;;;;;;;;;;;;;;;;;;;;;;;;;;
INST;R2;697;;;;;;;;;;;;;;;;;;;;;;;;;;;;;;;;;;;;;;;;;;;;;;;;;;;;;;;;;;;;;;;;;;;;;;;;;;;;;;;;;;;;;;;;;;;;;;;;;;;;;;;;;;;;;;;;;;;;;;;;;;;;;;;;;;;;;;;;;;;;
INST;R2;632;;;;;;;;;;;;;;;;;;;;;;;;;;;;;;;;;;;;;;;;;;;;;;;;;;;;;;;;;;;;;;;;;;;;;;;;;;;;;;;;;;;;;;;;;;;;;;;;;;;;;;;;;;;;;;;;;;;;;;;;;;;;;;;;;;;;;;;;;;;;
INST;R2;1320;;;;;;;;;;;;;;;;;;;;;;;;;;;;;;;;;;;;;;;;;;;;;;;;;;;;;;;;;;;;;;;;;;;;;;;;;;;;;;;;;;;;;;;;;;;;;;;;;;;;;;;;;;;;;;;;;;;;;;;;;;;;;;;;;;;;;;;;;;;;
0;0;1;3;0;Inst_task;0;undefined;undefined;undefined;undefined;white;xpyriment;legacy;legacy;0;uniform;undefined;NA;undefined;undefined;undefined;1;3;4;NA;0;0;NA;0;3;1;0;0;0;0;0;0;0;0;0;0;0;3;1;0;0;0;3;NA;0;NA;undefined;959;-40;05/19/21 14:39:51;The main experiment item;yes;;2. Instrumental.osexp;C:\Users\cncadmin\Desktop\Sara G\new task;no;mono;no;18;no;black;no;yes;768;legacy;3;3;1;0;0;C:/Users/cncadmin/Desktop/Sara G/DatiEEG/05mo2.csv;xpyriment;Kafkaesque Koffka;3.2.8;NA;0;0;0;0;4;2;2;m;NA;1;1;1;16651;NA;55419;16651;11054;2;legacy;1024;2;48000;-16;experiment;5;odd;14638;144930;133284;NA;70559;NA;NA;3050;133284;78454;70559;102397;102592;NA;15139;85746;3583;102592;70563;102397;70559;133284;78454;102592;70563;102592;144930;NA;3050;NA;pit experiment;0;0;0;yes;1024
INST;R1;5189;;;;;;;;;;;;;;;;;;;;;;;;;;;;;;;;;;;;;;;;;;;;;;;;;;;;;;;;;;;;;;;;;;;;;;;;;;;;;;;;;;;;;;;;;;;;;;;;;;;;;;;;;;;;;;;;;;;;;;;;;;;;;;;;;;;;;;;;;;;;
INST;R1;752;;;;;;;;;;;;;;;;;;;;;;;;;;;;;;;;;;;;;;;;;;;;;;;;;;;;;;;;;;;;;;;;;;;;;;;;;;;;;;;;;;;;;;;;;;;;;;;;;;;;;;;;;;;;;;;;;;;;;;;;;;;;;;;;;;;;;;;;;;;;
INST;R1;632;;;;;;;;;;;;;;;;;;;;;;;;;;;;;;;;;;;;;;;;;;;;;;;;;;;;;;;;;;;;;;;;;;;;;;;;;;;;;;;;;;;;;;;;;;;;;;;;;;;;;;;;;;;;;;;;;;;;;;;;;;;;;;;;;;;;;;;;;;;;
0;0;3;3;0;Inst_task;0;undefined;undefined;undefined;undefined;white;xpyriment;legacy;legacy;0;uniform;undefined;NA;undefined;undefined;undefined;1;4;5;NA;0;0;NA;0;4;1;0;0;0;0;0;0;0;0;0;0;0;4;1;0;0;0;4;NA;0;NA;undefined;959;-40;05/19/21 14:39:51;The main experiment item;yes;;2. Instrumental.osexp;C:\Users\cncadmin\Desktop\Sara G\new task;no;mono;no;18;no;black;no;yes;768;legacy;4;4;1;0;0;C:/Users/cncadmin/Desktop/Sara G/DatiEEG/05mo2.csv;xpyriment;Kafkaesque Koffka;3.2.8;NA;0;3;1;2;0;0;0;m;NA;1;1;1;16651;NA;55419;16651;11054;2;legacy;1024;2;48000;-16;experiment;5;odd;14638;155169;144991;NA;70559;NA;NA;3050;144991;78454;70559;102397;102592;NA;15139;85746;3583;102592;70563;102397;70559;144991;78454;102592;70563;102592;155169;NA;3050;NA;pit experiment;0;0;0;yes;1024
INST;R1;4859;;;;;;;;;;;;;;;;;;;;;;;;;;;;;;;;;;;;;;;;;;;;;;;;;;;;;;;;;;;;;;;;;;;;;;;;;;;;;;;;;;;;;;;;;;;;;;;;;;;;;;;;;;;;;;;;;;;;;;;;;;;;;;;;;;;;;;;;;;;;
INST;R1;608;;;;;;;;;;;;;;;;;;;;;;;;;;;;;;;;;;;;;;;;;;;;;;;;;;;;;;;;;;;;;;;;;;;;;;;;;;;;;;;;;;;;;;;;;;;;;;;;;;;;;;;;;;;;;;;;;;;;;;;;;;;;;;;;;;;;;;;;;;;;
INST;R1;704;;;;;;;;;;;;;;;;;;;;;;;;;;;;;;;;;;;;;;;;;;;;;;;;;;;;;;;;;;;;;;;;;;;;;;;;;;;;;;;;;;;;;;;;;;;;;;;;;;;;;;;;;;;;;;;;;;;;;;;;;;;;;;;;;;;;;;;;;;;;
INST;R1;975;;;;;;;;;;;;;;;;;;;;;;;;;;;;;;;;;;;;;;;;;;;;;;;;;;;;;;;;;;;;;;;;;;;;;;;;;;;;;;;;;;;;;;;;;;;;;;;;;;;;;;;;;;;;;;;;;;;;;;;;;;;;;;;;;;;;;;;;;;;;
0;0;5;3;0;Inst_task;0;undefined;undefined;undefined;undefined;white;xpyriment;legacy;legacy;0;uniform;undefined;NA;undefined;undefined;undefined;1;5;6;NA;0;0;NA;0;5;1;0;0;0;0;0;0;0;0;0;0;0;5;1;0;0;0;5;NA;0;NA;undefined;959;-40;05/19/21 14:39:51;The main experiment item;yes;;2. Instrumental.osexp;C:\Users\cncadmin\Desktop\Sara G\new task;no;mono;no;18;no;black;no;yes;768;legacy;5;5;1;0;0;C:/Users/cncadmin/Desktop/Sara G/DatiEEG/05mo2.csv;xpyriment;Kafkaesque Koffka;3.2.8;NA;0;4;2;2;0;0;0;z;NA;1;1;1;16651;NA;55419;16651;11054;2;legacy;1024;2;48000;-16;experiment;5;odd;14638;167162;155366;NA;70559;NA;NA;3050;155366;78454;70559;102397;102592;NA;15139;85746;3583;102592;70563;102397;70559;155366;78454;102592;70563;102592;167162;NA;3050;NA;pit experiment;0;0;0;yes;1024
INST;R2;4596;;;;;;;;;;;;;;;;;;;;;;;;;;;;;;;;;;;;;;;;;;;;;;;;;;;;;;;;;;;;;;;;;;;;;;;;;;;;;;;;;;;;;;;;;;;;;;;;;;;;;;;;;;;;;;;;;;;;;;;;;;;;;;;;;;;;;;;;;;;;
INST;R2;616;;;;;;;;;;;;;;;;;;;;;;;;;;;;;;;;;;;;;;;;;;;;;;;;;;;;;;;;;;;;;;;;;;;;;;;;;;;;;;;;;;;;;;;;;;;;;;;;;;;;;;;;;;;;;;;;;;;;;;;;;;;;;;;;;;;;;;;;;;;;
INST;R2;641;;;;;;;;;;;;;;;;;;;;;;;;;;;;;;;;;;;;;;;;;;;;;;;;;;;;;;;;;;;;;;;;;;;;;;;;;;;;;;;;;;;;;;;;;;;;;;;;;;;;;;;;;;;;;;;;;;;;;;;;;;;;;;;;;;;;;;;;;;;;
INST;R2;696;;;;;;;;;;;;;;;;;;;;;;;;;;;;;;;;;;;;;;;;;;;;;;;;;;;;;;;;;;;;;;;;;;;;;;;;;;;;;;;;;;;;;;;;;;;;;;;;;;;;;;;;;;;;;;;;;;;;;;;;;;;;;;;;;;;;;;;;;;;;
0;0;5;5;0;Inst_task;0;undefined;undefined;undefined;undefined;white;xpyriment;legacy;legacy;0;uniform;undefined;NA;undefined;undefined;undefined;1;6;7;NA;0;0;NA;0;6;1;0;0;0;0;0;0;0;0;0;0;0;6;1;0;0;0;6;NA;0;NA;undefined;959;-40;05/19/21 14:39:51;The main experiment item;yes;;2. Instrumental.osexp;C:\Users\cncadmin\Desktop\Sara G\new task;no;mono;no;18;no;black;no;yes;768;legacy;6;6;1;0;0;C:/Users/cncadmin/Desktop/Sara G/DatiEEG/05mo2.csv;xpyriment;Kafkaesque Koffka;3.2.8;NA;0;0;0;0;4;2;2;m;NA;1;1;1;16651;NA;55419;16651;11054;2;legacy;1024;2;48000;-16;experiment;5;odd;14638;178684;167403;NA;70559;NA;NA;3050;167403;78454;70559;102397;102592;NA;15139;85746;3583;102592;70563;102397;70559;167403;78454;102592;70563;102592;178684;NA;3050;NA;pit experiment;0;0;0;yes;1024
INST;R2;4869;;;;;;;;;;;;;;;;;;;;;;;;;;;;;;;;;;;;;;;;;;;;;;;;;;;;;;;;;;;;;;;;;;;;;;;;;;;;;;;;;;;;;;;;;;;;;;;;;;;;;;;;;;;;;;;;;;;;;;;;;;;;;;;;;;;;;;;;;;;;
INST;R2;704;;;;;;;;;;;;;;;;;;;;;;;;;;;;;;;;;;;;;;;;;;;;;;;;;;;;;;;;;;;;;;;;;;;;;;;;;;;;;;;;;;;;;;;;;;;;;;;;;;;;;;;;;;;;;;;;;;;;;;;;;;;;;;;;;;;;;;;;;;;;
INST;R2;760;;;;;;;;;;;;;;;;;;;;;;;;;;;;;;;;;;;;;;;;;;;;;;;;;;;;;;;;;;;;;;;;;;;;;;;;;;;;;;;;;;;;;;;;;;;;;;;;;;;;;;;;;;;;;;;;;;;;;;;;;;;;;;;;;;;;;;;;;;;;
0;0;5;6;0;Inst_task;0;undefined;undefined;undefined;undefined;white;xpyriment;legacy;legacy;0;uniform;undefined;NA;undefined;undefined;undefined;1;7;8;NA;0;0;NA;0;7;1;0;0;0;0;0;0;0;0;0;0;0;7;1;0;0;0;7;NA;0;NA;undefined;959;-40;05/19/21 14:39:51;The main experiment item;yes;;2. Instrumental.osexp;C:\Users\cncadmin\Desktop\Sara G\new task;no;mono;no;18;no;black;no;yes;768;legacy;7;7;1;0;0;C:/Users/cncadmin/Desktop/Sara G/DatiEEG/05mo2.csv;xpyriment;Kafkaesque Koffka;3.2.8;NA;0;0;0;0;3;2;1;z;NA;1;1;1;16651;NA;55419;16651;11054;2;legacy;1024;2;48000;-16;experiment;5;odd;14638;188763;178764;NA;70559;NA;NA;3050;178764;78454;70559;102397;102592;NA;15139;85746;3583;102592;70563;102397;70559;178764;78454;102592;70563;102592;188763;NA;3050;NA;pit experiment;0;0;0;yes;1024
INST;R1;4744;;;;;;;;;;;;;;;;;;;;;;;;;;;;;;;;;;;;;;;;;;;;;;;;;;;;;;;;;;;;;;;;;;;;;;;;;;;;;;;;;;;;;;;;;;;;;;;;;;;;;;;;;;;;;;;;;;;;;;;;;;;;;;;;;;;;;;;;;;;;
INST;R1;656;;;;;;;;;;;;;;;;;;;;;;;;;;;;;;;;;;;;;;;;;;;;;;;;;;;;;;;;;;;;;;;;;;;;;;;;;;;;;;;;;;;;;;;;;;;;;;;;;;;;;;;;;;;;;;;;;;;;;;;;;;;;;;;;;;;;;;;;;;;;
INST;R1;655;;;;;;;;;;;;;;;;;;;;;;;;;;;;;;;;;;;;;;;;;;;;;;;;;;;;;;;;;;;;;;;;;;;;;;;;;;;;;;;;;;;;;;;;;;;;;;;;;;;;;;;;;;;;;;;;;;;;;;;;;;;;;;;;;;;;;;;;;;;;
INST;R1;880;;;;;;;;;;;;;;;;;;;;;;;;;;;;;;;;;;;;;;;;;;;;;;;;;;;;;;;;;;;;;;;;;;;;;;;;;;;;;;;;;;;;;;;;;;;;;;;;;;;;;;;;;;;;;;;;;;;;;;;;;;;;;;;;;;;;;;;;;;;;
0;0;6;6;0;Inst_task;0;undefined;undefined;undefined;undefined;white;xpyriment;legacy;legacy;0;uniform;undefined;NA;undefined;undefined;undefined;1;8;9;NA;0;0;NA;0;8;1;0;0;0;0;0;0;0;0;0;0;0;8;1;0;0;0;8;NA;0;NA;undefined;959;-40;05/19/21 14:39:51;The main experiment item;yes;;2. Instrumental.osexp;C:\Users\cncadmin\Desktop\Sara G\new task;no;mono;no;18;no;black;no;yes;768;legacy;8;8;1;0;0;C:/Users/cncadmin/Desktop/Sara G/DatiEEG/05mo2.csv;xpyriment;Kafkaesque Koffka;3.2.8;NA;0;4;3;1;0;0;0;z;NA;1;1;1;16651;NA;55419;16651;11054;2;legacy;1024;2;48000;-16;experiment;5;odd;14638;200377;188839;NA;70559;NA;NA;3050;188839;78454;70559;102397;102592;NA;15139;85746;3583;102592;70563;102397;70559;188839;78454;102592;70563;102592;200378;NA;3050;NA;pit experiment;0;0;0;yes;1024
INST;R2;4802;;;;;;;;;;;;;;;;;;;;;;;;;;;;;;;;;;;;;;;;;;;;;;;;;;;;;;;;;;;;;;;;;;;;;;;;;;;;;;;;;;;;;;;;;;;;;;;;;;;;;;;;;;;;;;;;;;;;;;;;;;;;;;;;;;;;;;;;;;;;
INST;R2;736;;;;;;;;;;;;;;;;;;;;;;;;;;;;;;;;;;;;;;;;;;;;;;;;;;;;;;;;;;;;;;;;;;;;;;;;;;;;;;;;;;;;;;;;;;;;;;;;;;;;;;;;;;;;;;;;;;;;;;;;;;;;;;;;;;;;;;;;;;;;
INST;R2;825;;;;;;;;;;;;;;;;;;;;;;;;;;;;;;;;;;;;;;;;;;;;;;;;;;;;;;;;;;;;;;;;;;;;;;;;;;;;;;;;;;;;;;;;;;;;;;;;;;;;;;;;;;;;;;;;;;;;;;;;;;;;;;;;;;;;;;;;;;;;
0;0;6;8;0;Inst_task;0;undefined;undefined;undefined;undefined;white;xpyriment;legacy;legacy;0;uniform;undefined;NA;undefined;undefined;undefined;1;9;10;NA;0;0;NA;0;9;1;0;0;0;0;0;0;0;0;0;0;0;9;1;0;0;0;9;NA;0;NA;undefined;959;-40;05/19/21 14:39:51;The main experiment item;yes;;2. Instrumental.osexp;C:\Users\cncadmin\Desktop\Sara G\new task;no;mono;no;18;no;black;no;yes;768;legacy;9;9;1;0;0;C:/Users/cncadmin/Desktop/Sara G/DatiEEG/05mo2.csv;xpyriment;Kafkaesque Koffka;3.2.8;NA;0;0;0;0;3;1;2;m;NA;1;1;1;16651;NA;55419;16651;11054;2;legacy;1024;2;48000;-16;experiment;5;odd;14638;210427;200460;NA;70559;NA;NA;3050;200460;78454;70559;102397;102592;NA;15139;85746;3583;102592;70563;102397;70559;200460;78454;102592;70563;102592;210427;NA;3050;NA;pit experiment;0;0;0;yes;1024
INST;R2;4325;;;;;;;;;;;;;;;;;;;;;;;;;;;;;;;;;;;;;;;;;;;;;;;;;;;;;;;;;;;;;;;;;;;;;;;;;;;;;;;;;;;;;;;;;;;;;;;;;;;;;;;;;;;;;;;;;;;;;;;;;;;;;;;;;;;;;;;;;;;;
INST;R2;800;;;;;;;;;;;;;;;;;;;;;;;;;;;;;;;;;;;;;;;;;;;;;;;;;;;;;;;;;;;;;;;;;;;;;;;;;;;;;;;;;;;;;;;;;;;;;;;;;;;;;;;;;;;;;;;;;;;;;;;;;;;;;;;;;;;;;;;;;;;;
INST;R2;632;;;;;;;;;;;;;;;;;;;;;;;;;;;;;;;;;;;;;;;;;;;;;;;;;;;;;;;;;;;;;;;;;;;;;;;;;;;;;;;;;;;;;;;;;;;;;;;;;;;;;;;;;;;;;;;;;;;;;;;;;;;;;;;;;;;;;;;;;;;;
INST;R2;752;;;;;;;;;;;;;;;;;;;;;;;;;;;;;;;;;;;;;;;;;;;;;;;;;;;;;;;;;;;;;;;;;;;;;;;;;;;;;;;;;;;;;;;;;;;;;;;;;;;;;;;;;;;;;;;;;;;;;;;;;;;;;;;;;;;;;;;;;;;;
0;0;6;10;0;Inst_task;0;undefined;undefined;undefined;undefined;white;xpyriment;legacy;legacy;0;uniform;undefined;NA;undefined;undefined;undefined;1;10;11;NA;0;0;NA;0;10;1;0;0;0;0;0;0;0;0;0;0;0;10;1;0;0;0;10;NA;0;NA;undefined;959;-40;05/19/21 14:39:51;The main experiment item;yes;;2. Instrumental.osexp;C:\Users\cncadmin\Desktop\Sara G\new task;no;mono;no;18;no;black;no;yes;768;legacy;10;10;1;0;0;C:/Users/cncadmin/Desktop/Sara G/DatiEEG/05mo2.csv;xpyriment;Kafkaesque Koffka;3.2.8;NA;0;0;0;0;4;2;2;z;NA;1;1;1;16651;NA;55419;16651;11054;2;legacy;1024;2;48000;-16;experiment;5;odd;14638;221653;210505;NA;70559;NA;NA;3050;210505;78454;70559;102397;102592;NA;15139;85746;3583;102592;70563;102397;70559;210505;78454;102592;70563;102592;221653;NA;3050;NA;pit experiment;0;0;0;yes;1024
INST;R1;4614;;;;;;;;;;;;;;;;;;;;;;;;;;;;;;;;;;;;;;;;;;;;;;;;;;;;;;;;;;;;;;;;;;;;;;;;;;;;;;;;;;;;;;;;;;;;;;;;;;;;;;;;;;;;;;;;;;;;;;;;;;;;;;;;;;;;;;;;;;;;
INST;R1;639;;;;;;;;;;;;;;;;;;;;;;;;;;;;;;;;;;;;;;;;;;;;;;;;;;;;;;;;;;;;;;;;;;;;;;;;;;;;;;;;;;;;;;;;;;;;;;;;;;;;;;;;;;;;;;;;;;;;;;;;;;;;;;;;;;;;;;;;;;;;
INST;R1;640;;;;;;;;;;;;;;;;;;;;;;;;;;;;;;;;;;;;;;;;;;;;;;;;;;;;;;;;;;;;;;;;;;;;;;;;;;;;;;;;;;;;;;;;;;;;;;;;;;;;;;;;;;;;;;;;;;;;;;;;;;;;;;;;;;;;;;;;;;;;
INST;R1;736;;;;;;;;;;;;;;;;;;;;;;;;;;;;;;;;;;;;;;;;;;;;;;;;;;;;;;;;;;;;;;;;;;;;;;;;;;;;;;;;;;;;;;;;;;;;;;;;;;;;;;;;;;;;;;;;;;;;;;;;;;;;;;;;;;;;;;;;;;;;
0;0;7;10;0;Inst_task;0;undefined;undefined;undefined;undefined;white;xpyriment;legacy;legacy;0;uniform;undefined;NA;undefined;undefined;undefined;1;11;12;NA;0;0;NA;0;11;1;0;0;0;0;0;0;0;0;0;0;0;11;1;0;0;0;11;NA;0;NA;undefined;959;-40;05/19/21 14:39:51;The main experiment item;yes;;2. Instrumental.osexp;C:\Users\cncadmin\Desktop\Sara G\new task;no;mono;no;18;no;black;no;yes;768;legacy;11;11;1;0;0;C:/Users/cncadmin/Desktop/Sara G/DatiEEG/05mo2.csv;xpyriment;Kafkaesque Koffka;3.2.8;NA;0;4;3;1;0;0;0;z;NA;1;1;1;16651;NA;55419;16651;11054;2;legacy;1024;2;48000;-16;experiment;5;odd;14638;232988;221721;NA;70559;NA;NA;3050;221721;78454;70559;102397;102592;NA;15139;85746;3583;102592;70563;102397;70559;221721;78454;102592;70563;102592;232989;NA;3050;NA;pit experiment;0;0;0;yes;1024
INST;R2;4406;;;;;;;;;;;;;;;;;;;;;;;;;;;;;;;;;;;;;;;;;;;;;;;;;;;;;;;;;;;;;;;;;;;;;;;;;;;;;;;;;;;;;;;;;;;;;;;;;;;;;;;;;;;;;;;;;;;;;;;;;;;;;;;;;;;;;;;;;;;;
INST;R2;712;;;;;;;;;;;;;;;;;;;;;;;;;;;;;;;;;;;;;;;;;;;;;;;;;;;;;;;;;;;;;;;;;;;;;;;;;;;;;;;;;;;;;;;;;;;;;;;;;;;;;;;;;;;;;;;;;;;;;;;;;;;;;;;;;;;;;;;;;;;;
INST;R2;624;;;;;;;;;;;;;;;;;;;;;;;;;;;;;;;;;;;;;;;;;;;;;;;;;;;;;;;;;;;;;;;;;;;;;;;;;;;;;;;;;;;;;;;;;;;;;;;;;;;;;;;;;;;;;;;;;;;;;;;;;;;;;;;;;;;;;;;;;;;;
INST;R2;888;;;;;;;;;;;;;;;;;;;;;;;;;;;;;;;;;;;;;;;;;;;;;;;;;;;;;;;;;;;;;;;;;;;;;;;;;;;;;;;;;;;;;;;;;;;;;;;;;;;;;;;;;;;;;;;;;;;;;;;;;;;;;;;;;;;;;;;;;;;;
0;0;7;12;0;Inst_task;0;undefined;undefined;undefined;undefined;white;xpyriment;legacy;legacy;0;uniform;undefined;NA;undefined;undefined;undefined;1;12;13;NA;0;0;NA;0;12;1;0;0;0;0;0;0;0;0;0;0;0;12;1;0;0;0;12;NA;0;NA;undefined;959;-40;05/19/21 14:39:51;The main experiment item;yes;;2. Instrumental.osexp;C:\Users\cncadmin\Desktop\Sara G\new task;no;mono;no;18;no;black;no;yes;768;legacy;12;12;1;0;0;C:/Users/cncadmin/Desktop/Sara G/DatiEEG/05mo2.csv;xpyriment;Kafkaesque Koffka;3.2.8;NA;0;0;0;0;4;2;2;m;NA;1;1;1;16651;NA;55419;16651;11054;2;legacy;1024;2;48000;-16;experiment;5;odd;14638;244350;233083;NA;70559;NA;NA;3050;233083;78454;70559;102397;102592;NA;15139;85746;3583;102592;70563;102397;70559;233083;78454;102592;70563;102592;244350;NA;3050;NA;pit experiment;0;0;0;yes;1024
INST;R1;4516;;;;;;;;;;;;;;;;;;;;;;;;;;;;;;;;;;;;;;;;;;;;;;;;;;;;;;;;;;;;;;;;;;;;;;;;;;;;;;;;;;;;;;;;;;;;;;;;;;;;;;;;;;;;;;;;;;;;;;;;;;;;;;;;;;;;;;;;;;;;
INST;R1;752;;;;;;;;;;;;;;;;;;;;;;;;;;;;;;;;;;;;;;;;;;;;;;;;;;;;;;;;;;;;;;;;;;;;;;;;;;;;;;;;;;;;;;;;;;;;;;;;;;;;;;;;;;;;;;;;;;;;;;;;;;;;;;;;;;;;;;;;;;;;
INST;R1;640;;;;;;;;;;;;;;;;;;;;;;;;;;;;;;;;;;;;;;;;;;;;;;;;;;;;;;;;;;;;;;;;;;;;;;;;;;;;;;;;;;;;;;;;;;;;;;;;;;;;;;;;;;;;;;;;;;;;;;;;;;;;;;;;;;;;;;;;;;;;
INST;R1;608;;;;;;;;;;;;;;;;;;;;;;;;;;;;;;;;;;;;;;;;;;;;;;;;;;;;;;;;;;;;;;;;;;;;;;;;;;;;;;;;;;;;;;;;;;;;;;;;;;;;;;;;;;;;;;;;;;;;;;;;;;;;;;;;;;;;;;;;;;;;
0;0;8;12;0;Inst_task;0;undefined;undefined;undefined;undefined;white;xpyriment;legacy;legacy;0;uniform;undefined;NA;undefined;undefined;undefined;1;13;14;NA;0;0;NA;0;13;1;0;0;0;0;0;0;0;0;0;0;0;13;1;0;0;0;13;NA;0;NA;undefined;959;-40;05/19/21 14:39:51;The main experiment item;yes;;2. Instrumental.osexp;C:\Users\cncadmin\Desktop\Sara G\new task;no;mono;no;18;no;black;no;yes;768;legacy;13;13;1;0;0;C:/Users/cncadmin/Desktop/Sara G/DatiEEG/05mo2.csv;xpyriment;Kafkaesque Koffka;3.2.8;NA;0;4;3;1;0;0;0;m;NA;1;1;1;16651;NA;55419;16651;11054;2;legacy;1024;2;48000;-16;experiment;5;odd;14638;255583;244451;NA;70559;NA;NA;3050;244451;78454;70559;102397;102592;NA;15139;85746;3583;102592;70563;102397;70559;244451;78454;102592;70563;102592;255584;NA;3050;NA;pit experiment;0;0;0;yes;1024
INST;R2;4707;;;;;;;;;;;;;;;;;;;;;;;;;;;;;;;;;;;;;;;;;;;;;;;;;;;;;;;;;;;;;;;;;;;;;;;;;;;;;;;;;;;;;;;;;;;;;;;;;;;;;;;;;;;;;;;;;;;;;;;;;;;;;;;;;;;;;;;;;;;;
INST;R2;617;;;;;;;;;;;;;;;;;;;;;;;;;;;;;;;;;;;;;;;;;;;;;;;;;;;;;;;;;;;;;;;;;;;;;;;;;;;;;;;;;;;;;;;;;;;;;;;;;;;;;;;;;;;;;;;;;;;;;;;;;;;;;;;;;;;;;;;;;;;;
INST;R2;640;;;;;;;;;;;;;;;;;;;;;;;;;;;;;;;;;;;;;;;;;;;;;;;;;;;;;;;;;;;;;;;;;;;;;;;;;;;;;;;;;;;;;;;;;;;;;;;;;;;;;;;;;;;;;;;;;;;;;;;;;;;;;;;;;;;;;;;;;;;;
INST;R2;736;;;;;;;;;;;;;;;;;;;;;;;;;;;;;;;;;;;;;;;;;;;;;;;;;;;;;;;;;;;;;;;;;;;;;;;;;;;;;;;;;;;;;;;;;;;;;;;;;;;;;;;;;;;;;;;;;;;;;;;;;;;;;;;;;;;;;;;;;;;;
0;0;8;14;0;Inst_task;0;undefined;undefined;undefined;undefined;white;xpyriment;legacy;legacy;0;uniform;undefined;NA;undefined;undefined;undefined;1;14;15;NA;0;0;NA;0;14;1;0;0;0;0;0;0;0;0;0;0;0;14;1;0;0;0;14;NA;0;NA;undefined;959;-40;05/19/21 14:39:51;The main experiment item;yes;;2. Instrumental.osexp;C:\Users\cncadmin\Desktop\Sara G\new task;no;mono;no;18;no;black;no;yes;768;legacy;14;14;1;0;0;C:/Users/cncadmin/Desktop/Sara G/DatiEEG/05mo2.csv;xpyriment;Kafkaesque Koffka;3.2.8;NA;0;0;0;0;4;2;2;m;NA;1;1;1;16651;NA;55419;16651;11054;2;legacy;1024;2;48000;-16;experiment;5;odd;14638;266997;255653;NA;70559;NA;NA;3050;255653;78454;70559;102397;102592;NA;15139;85746;3583;102592;70563;102397;70559;255653;78454;102592;70563;102592;266997;NA;3050;NA;pit experiment;0;0;0;yes;1024
INST;R2;4662;;;;;;;;;;;;;;;;;;;;;;;;;;;;;;;;;;;;;;;;;;;;;;;;;;;;;;;;;;;;;;;;;;;;;;;;;;;;;;;;;;;;;;;;;;;;;;;;;;;;;;;;;;;;;;;;;;;;;;;;;;;;;;;;;;;;;;;;;;;;
INST;R2;648;;;;;;;;;;;;;;;;;;;;;;;;;;;;;;;;;;;;;;;;;;;;;;;;;;;;;;;;;;;;;;;;;;;;;;;;;;;;;;;;;;;;;;;;;;;;;;;;;;;;;;;;;;;;;;;;;;;;;;;;;;;;;;;;;;;;;;;;;;;;
INST;R2;647;;;;;;;;;;;;;;;;;;;;;;;;;;;;;;;;;;;;;;;;;;;;;;;;;;;;;;;;;;;;;;;;;;;;;;;;;;;;;;;;;;;;;;;;;;;;;;;;;;;;;;;;;;;;;;;;;;;;;;;;;;;;;;;;;;;;;;;;;;;;
INST;R2;672;;;;;;;;;;;;;;;;;;;;;;;;;;;;;;;;;;;;;;;;;;;;;;;;;;;;;;;;;;;;;;;;;;;;;;;;;;;;;;;;;;;;;;;;;;;;;;;;;;;;;;;;;;;;;;;;;;;;;;;;;;;;;;;;;;;;;;;;;;;;
0;0;8;16;0;Inst_task;0;undefined;undefined;undefined;undefined;white;xpyriment;legacy;legacy;0;uniform;undefined;NA;undefined;undefined;undefined;1;15;16;NA;0;0;NA;0;15;1;0;0;0;0;0;0;0;0;0;0;0;15;1;0;0;0;15;NA;0;NA;undefined;959;-40;05/19/21 14:39:51;The main experiment item;yes;;2. Instrumental.osexp;C:\Users\cncadmin\Desktop\Sara G\new task;no;mono;no;18;no;black;no;yes;768;legacy;15;15;1;0;0;C:/Users/cncadmin/Desktop/Sara G/DatiEEG/05mo2.csv;xpyriment;Kafkaesque Koffka;3.2.8;NA;0;0;0;0;4;2;2;z;NA;1;1;1;16651;NA;55419;16651;11054;2;legacy;1024;2;48000;-16;experiment;5;odd;14638;278372;267104;NA;70559;NA;NA;3050;267104;78454;70559;102397;102592;NA;15139;85746;3583;102592;70563;102397;70559;267104;78454;102592;70563;102592;278372;NA;3050;NA;pit experiment;0;0;0;yes;1024
INST;R1;4566;;;;;;;;;;;;;;;;;;;;;;;;;;;;;;;;;;;;;;;;;;;;;;;;;;;;;;;;;;;;;;;;;;;;;;;;;;;;;;;;;;;;;;;;;;;;;;;;;;;;;;;;;;;;;;;;;;;;;;;;;;;;;;;;;;;;;;;;;;;;
INST;R1;664;;;;;;;;;;;;;;;;;;;;;;;;;;;;;;;;;;;;;;;;;;;;;;;;;;;;;;;;;;;;;;;;;;;;;;;;;;;;;;;;;;;;;;;;;;;;;;;;;;;;;;;;;;;;;;;;;;;;;;;;;;;;;;;;;;;;;;;;;;;;
INST;R1;656;;;;;;;;;;;;;;;;;;;;;;;;;;;;;;;;;;;;;;;;;;;;;;;;;;;;;;;;;;;;;;;;;;;;;;;;;;;;;;;;;;;;;;;;;;;;;;;;;;;;;;;;;;;;;;;;;;;;;;;;;;;;;;;;;;;;;;;;;;;;
INST;R1;616;;;;;;;;;;;;;;;;;;;;;;;;;;;;;;;;;;;;;;;;;;;;;;;;;;;;;;;;;;;;;;;;;;;;;;;;;;;;;;;;;;;;;;;;;;;;;;;;;;;;;;;;;;;;;;;;;;;;;;;;;;;;;;;;;;;;;;;;;;;;
0;0;8;16;0;Inst_task;0;undefined;undefined;undefined;undefined;white;xpyriment;legacy;legacy;0;uniform;undefined;NA;undefined;undefined;undefined;1;16;17;NA;0;0;NA;0;16;1;0;0;0;0;0;0;0;0;0;0;0;16;1;0;0;0;16;NA;0;NA;undefined;959;-40;05/19/21 14:39:51;The main experiment item;yes;;2. Instrumental.osexp;C:\Users\cncadmin\Desktop\Sara G\new task;no;mono;no;18;no;black;no;yes;768;legacy;16;16;1;0;0;C:/Users/cncadmin/Desktop/Sara G/DatiEEG/05mo2.csv;xpyriment;Kafkaesque Koffka;3.2.8;NA;0;4;4;0;0;0;0;z;NA;1;1;1;16651;NA;55419;16651;11054;2;legacy;1024;2;48000;-16;experiment;5;odd;14638;289575;278465;NA;70559;NA;NA;3050;278465;78454;70559;102397;102592;NA;15139;85746;3583;102592;70563;102397;70559;278465;78454;102592;70563;102592;289575;NA;3050;NA;pit experiment;0;0;0;yes;1024
INST;R2;4671;;;;;;;;;;;;;;;;;;;;;;;;;;;;;;;;;;;;;;;;;;;;;;;;;;;;;;;;;;;;;;;;;;;;;;;;;;;;;;;;;;;;;;;;;;;;;;;;;;;;;;;;;;;;;;;;;;;;;;;;;;;;;;;;;;;;;;;;;;;;
INST;R2;672;;;;;;;;;;;;;;;;;;;;;;;;;;;;;;;;;;;;;;;;;;;;;;;;;;;;;;;;;;;;;;;;;;;;;;;;;;;;;;;;;;;;;;;;;;;;;;;;;;;;;;;;;;;;;;;;;;;;;;;;;;;;;;;;;;;;;;;;;;;;
INST;R2;633;;;;;;;;;;;;;;;;;;;;;;;;;;;;;;;;;;;;;;;;;;;;;;;;;;;;;;;;;;;;;;;;;;;;;;;;;;;;;;;;;;;;;;;;;;;;;;;;;;;;;;;;;;;;;;;;;;;;;;;;;;;;;;;;;;;;;;;;;;;;
INST;R2;632;;;;;;;;;;;;;;;;;;;;;;;;;;;;;;;;;;;;;;;;;;;;;;;;;;;;;;;;;;;;;;;;;;;;;;;;;;;;;;;;;;;;;;;;;;;;;;;;;;;;;;;;;;;;;;;;;;;;;;;;;;;;;;;;;;;;;;;;;;;;
0;0;8;18;0;Inst_task;0;undefined;undefined;undefined;undefined;white;xpyriment;legacy;legacy;0;uniform;undefined;NA;undefined;undefined;undefined;1;17;18;NA;0;0;NA;0;17;1;0;0;0;0;0;0;0;0;0;0;0;17;1;0;0;0;17;NA;0;NA;undefined;959;-40;05/19/21 14:39:51;The main experiment item;yes;;2. Instrumental.osexp;C:\Users\cncadmin\Desktop\Sara G\new task;no;mono;no;18;no;black;no;yes;768;legacy;17;17;1;0;0;C:/Users/cncadmin/Desktop/Sara G/DatiEEG/05mo2.csv;xpyriment;Kafkaesque Koffka;3.2.8;NA;0;0;0;0;4;2;2;z;NA;1;1;1;16651;NA;55419;16651;11054;2;legacy;1024;2;48000;-16;experiment;5;odd;14638;300888;289639;NA;70559;NA;NA;3050;289639;78454;70559;102397;102592;NA;15139;85746;3583;102592;70563;102397;70559;289639;78454;102592;70563;102592;300889;NA;3050;NA;pit experiment;0;0;0;yes;1024
INST;R2;4589;;;;;;;;;;;;;;;;;;;;;;;;;;;;;;;;;;;;;;;;;;;;;;;;;;;;;;;;;;;;;;;;;;;;;;;;;;;;;;;;;;;;;;;;;;;;;;;;;;;;;;;;;;;;;;;;;;;;;;;;;;;;;;;;;;;;;;;;;;;;
INST;R2;416;;;;;;;;;;;;;;;;;;;;;;;;;;;;;;;;;;;;;;;;;;;;;;;;;;;;;;;;;;;;;;;;;;;;;;;;;;;;;;;;;;;;;;;;;;;;;;;;;;;;;;;;;;;;;;;;;;;;;;;;;;;;;;;;;;;;;;;;;;;;
INST;R2;856;;;;;;;;;;;;;;;;;;;;;;;;;;;;;;;;;;;;;;;;;;;;;;;;;;;;;;;;;;;;;;;;;;;;;;;;;;;;;;;;;;;;;;;;;;;;;;;;;;;;;;;;;;;;;;;;;;;;;;;;;;;;;;;;;;;;;;;;;;;;
INST;R2;904;;;;;;;;;;;;;;;;;;;;;;;;;;;;;;;;;;;;;;;;;;;;;;;;;;;;;;;;;;;;;;;;;;;;;;;;;;;;;;;;;;;;;;;;;;;;;;;;;;;;;;;;;;;;;;;;;;;;;;;;;;;;;;;;;;;;;;;;;;;;
0;0;8;20;0;Inst_task;0;undefined;undefined;undefined;undefined;white;xpyriment;legacy;legacy;0;uniform;undefined;NA;undefined;undefined;undefined;1;18;19;NA;0;0;NA;0;18;1;0;0;0;0;0;0;0;0;0;0;0;18;1;0;0;0;18;NA;0;NA;undefined;959;-40;05/19/21 14:39:51;The main experiment item;yes;;2. Instrumental.osexp;C:\Users\cncadmin\Desktop\Sara G\new task;no;mono;no;18;no;black;no;yes;768;legacy;18;18;1;0;0;C:/Users/cncadmin/Desktop/Sara G/DatiEEG/05mo2.csv;xpyriment;Kafkaesque Koffka;3.2.8;NA;0;0;0;0;4;2;2;z;NA;1;1;1;16651;NA;55419;16651;11054;2;legacy;1024;2;48000;-16;experiment;5;odd;14638;312393;300986;NA;70559;NA;NA;3050;300986;78454;70559;102397;102592;NA;15139;85746;3583;102592;70563;102397;70559;300986;78454;102592;70563;102592;312393;NA;3050;NA;pit experiment;0;0;0;yes;1024
INST;R2;4705;;;;;;;;;;;;;;;;;;;;;;;;;;;;;;;;;;;;;;;;;;;;;;;;;;;;;;;;;;;;;;;;;;;;;;;;;;;;;;;;;;;;;;;;;;;;;;;;;;;;;;;;;;;;;;;;;;;;;;;;;;;;;;;;;;;;;;;;;;;;
INST;R2;672;;;;;;;;;;;;;;;;;;;;;;;;;;;;;;;;;;;;;;;;;;;;;;;;;;;;;;;;;;;;;;;;;;;;;;;;;;;;;;;;;;;;;;;;;;;;;;;;;;;;;;;;;;;;;;;;;;;;;;;;;;;;;;;;;;;;;;;;;;;;
INST;R2;848;;;;;;;;;;;;;;;;;;;;;;;;;;;;;;;;;;;;;;;;;;;;;;;;;;;;;;;;;;;;;;;;;;;;;;;;;;;;;;;;;;;;;;;;;;;;;;;;;;;;;;;;;;;;;;;;;;;;;;;;;;;;;;;;;;;;;;;;;;;;
INST;R2;655;;;;;;;;;;;;;;;;;;;;;;;;;;;;;;;;;;;;;;;;;;;;;;;;;;;;;;;;;;;;;;;;;;;;;;;;;;;;;;;;;;;;;;;;;;;;;;;;;;;;;;;;;;;;;;;;;;;;;;;;;;;;;;;;;;;;;;;;;;;;
0;0;8;21;0;Inst_task;0;undefined;undefined;undefined;undefined;white;xpyriment;legacy;legacy;0;uniform;undefined;NA;undefined;undefined;undefined;1;19;20;NA;0;0;NA;0;19;1;0;0;0;0;0;0;0;0;0;0;0;19;1;0;0;0;19;NA;0;NA;undefined;959;-40;05/19/21 14:39:51;The main experiment item;yes;;2. Instrumental.osexp;C:\Users\cncadmin\Desktop\Sara G\new task;no;mono;no;18;no;black;no;yes;768;legacy;19;19;1;0;0;C:/Users/cncadmin/Desktop/Sara G/DatiEEG/05mo2.csv;xpyriment;Kafkaesque Koffka;3.2.8;NA;0;0;0;0;4;3;1;z;NA;1;1;1;16651;NA;55419;16651;11054;2;legacy;1024;2;48000;-16;experiment;5;odd;14638;323945;312478;NA;70559;NA;NA;3050;312478;78454;70559;102397;102592;NA;15139;85746;3583;102592;70563;102397;70559;312478;78454;102592;70563;102592;323945;NA;3050;NA;pit experiment;0;0;0;yes;1024
INST;R1;4801;;;;;;;;;;;;;;;;;;;;;;;;;;;;;;;;;;;;;;;;;;;;;;;;;;;;;;;;;;;;;;;;;;;;;;;;;;;;;;;;;;;;;;;;;;;;;;;;;;;;;;;;;;;;;;;;;;;;;;;;;;;;;;;;;;;;;;;;;;;;
INST;R1;728;;;;;;;;;;;;;;;;;;;;;;;;;;;;;;;;;;;;;;;;;;;;;;;;;;;;;;;;;;;;;;;;;;;;;;;;;;;;;;;;;;;;;;;;;;;;;;;;;;;;;;;;;;;;;;;;;;;;;;;;;;;;;;;;;;;;;;;;;;;;
INST;R1;689;;;;;;;;;;;;;;;;;;;;;;;;;;;;;;;;;;;;;;;;;;;;;;;;;;;;;;;;;;;;;;;;;;;;;;;;;;;;;;;;;;;;;;;;;;;;;;;;;;;;;;;;;;;;;;;;;;;;;;;;;;;;;;;;;;;;;;;;;;;;
INST;R1;672;;;;;;;;;;;;;;;;;;;;;;;;;;;;;;;;;;;;;;;;;;;;;;;;;;;;;;;;;;;;;;;;;;;;;;;;;;;;;;;;;;;;;;;;;;;;;;;;;;;;;;;;;;;;;;;;;;;;;;;;;;;;;;;;;;;;;;;;;;;;
0;0;10;21;0;Inst_task;0;undefined;undefined;undefined;undefined;white;xpyriment;legacy;legacy;0;uniform;undefined;NA;undefined;undefined;undefined;1;20;21;NA;0;0;NA;0;20;1;0;0;0;0;0;0;0;0;0;0;0;20;1;0;0;0;20;NA;0;NA;undefined;959;-40;05/19/21 14:39:51;The main experiment item;yes;;2. Instrumental.osexp;C:\Users\cncadmin\Desktop\Sara G\new task;no;mono;no;18;no;black;no;yes;768;legacy;20;20;1;0;0;C:/Users/cncadmin/Desktop/Sara G/DatiEEG/05mo2.csv;xpyriment;Kafkaesque Koffka;3.2.8;NA;0;4;2;2;0;0;0;z;NA;1;1;1;16651;NA;55419;16651;11054;2;legacy;1024;2;48000;-16;experiment;5;odd;14638;335528;324027;NA;70559;NA;NA;3050;324027;78454;70559;102397;102592;NA;15139;85746;3583;102592;70563;102397;70559;324027;78454;102592;70563;102592;335528;NA;3050;NA;pit experiment;0;0;0;yes;1024
INST;R1;4323;;;;;;;;;;;;;;;;;;;;;;;;;;;;;;;;;;;;;;;;;;;;;;;;;;;;;;;;;;;;;;;;;;;;;;;;;;;;;;;;;;;;;;;;;;;;;;;;;;;;;;;;;;;;;;;;;;;;;;;;;;;;;;;;;;;;;;;;;;;;
INST;R1;648;;;;;;;;;;;;;;;;;;;;;;;;;;;;;;;;;;;;;;;;;;;;;;;;;;;;;;;;;;;;;;;;;;;;;;;;;;;;;;;;;;;;;;;;;;;;;;;;;;;;;;;;;;;;;;;;;;;;;;;;;;;;;;;;;;;;;;;;;;;;
INST;R1;680;;;;;;;;;;;;;;;;;;;;;;;;;;;;;;;;;;;;;;;;;;;;;;;;;;;;;;;;;;;;;;;;;;;;;;;;;;;;;;;;;;;;;;;;;;;;;;;;;;;;;;;;;;;;;;;;;;;;;;;;;;;;;;;;;;;;;;;;;;;;
INST;R1;632;;;;;;;;;;;;;;;;;;;;;;;;;;;;;;;;;;;;;;;;;;;;;;;;;;;;;;;;;;;;;;;;;;;;;;;;;;;;;;;;;;;;;;;;;;;;;;;;;;;;;;;;;;;;;;;;;;;;;;;;;;;;;;;;;;;;;;;;;;;;
0;0;11;21;0;Inst_task;0;undefined;undefined;undefined;undefined;white;xpyriment;legacy;legacy;0;uniform;undefined;NA;undefined;undefined;undefined;1;21;22;NA;0;0;NA;0;21;1;0;0;0;0;0;0;0;0;0;0;0;21;1;0;0;0;21;NA;0;NA;undefined;959;-40;05/19/21 14:39:51;The main experiment item;yes;;2. Instrumental.osexp;C:\Users\cncadmin\Desktop\Sara G\new task;no;mono;no;18;no;black;no;yes;768;legacy;21;21;1;0;0;C:/Users/cncadmin/Desktop/Sara G/DatiEEG/05mo2.csv;xpyriment;Kafkaesque Koffka;3.2.8;NA;0;4;3;1;0;0;0;z;NA;1;1;1;16651;NA;55419;16651;11054;2;legacy;1024;2;48000;-16;experiment;5;odd;14638;346688;335622;NA;70559;NA;NA;3050;335622;78454;70559;102397;102592;NA;15139;85746;3583;102592;70563;102397;70559;335622;78454;102592;70563;102592;346688;NA;3050;NA;pit experiment;0;0;0;yes;1024
INST;R2;4557;;;;;;;;;;;;;;;;;;;;;;;;;;;;;;;;;;;;;;;;;;;;;;;;;;;;;;;;;;;;;;;;;;;;;;;;;;;;;;;;;;;;;;;;;;;;;;;;;;;;;;;;;;;;;;;;;;;;;;;;;;;;;;;;;;;;;;;;;;;;
INST;R2;703;;;;;;;;;;;;;;;;;;;;;;;;;;;;;;;;;;;;;;;;;;;;;;;;;;;;;;;;;;;;;;;;;;;;;;;;;;;;;;;;;;;;;;;;;;;;;;;;;;;;;;;;;;;;;;;;;;;;;;;;;;;;;;;;;;;;;;;;;;;;
INST;R2;712;;;;;;;;;;;;;;;;;;;;;;;;;;;;;;;;;;;;;;;;;;;;;;;;;;;;;;;;;;;;;;;;;;;;;;;;;;;;;;;;;;;;;;;;;;;;;;;;;;;;;;;;;;;;;;;;;;;;;;;;;;;;;;;;;;;;;;;;;;;;
INST;R2;712;;;;;;;;;;;;;;;;;;;;;;;;;;;;;;;;;;;;;;;;;;;;;;;;;;;;;;;;;;;;;;;;;;;;;;;;;;;;;;;;;;;;;;;;;;;;;;;;;;;;;;;;;;;;;;;;;;;;;;;;;;;;;;;;;;;;;;;;;;;;
0;0;11;23;0;Inst_task;0;undefined;undefined;undefined;undefined;white;xpyriment;legacy;legacy;0;uniform;undefined;NA;undefined;undefined;undefined;1;22;23;NA;0;0;NA;0;22;1;0;0;0;0;0;0;0;0;0;0;0;22;1;0;0;0;22;NA;0;NA;undefined;959;-40;05/19/21 14:39:51;The main experiment item;yes;;2. Instrumental.osexp;C:\Users\cncadmin\Desktop\Sara G\new task;no;mono;no;18;no;black;no;yes;768;legacy;22;22;1;0;0;C:/Users/cncadmin/Desktop/Sara G/DatiEEG/05mo2.csv;xpyriment;Kafkaesque Koffka;3.2.8;NA;0;0;0;0;4;2;2;m;NA;1;1;1;16651;NA;55419;16651;11054;2;legacy;1024;2;48000;-16;experiment;5;odd;14638;358087;346784;NA;70559;NA;NA;3050;346784;78454;70559;102397;102592;NA;15139;85746;3583;102592;70563;102397;70559;346784;78454;102592;70563;102592;358088;NA;3050;NA;pit experiment;0;0;0;yes;1024
INST;R2;4322;;;;;;;;;;;;;;;;;;;;;;;;;;;;;;;;;;;;;;;;;;;;;;;;;;;;;;;;;;;;;;;;;;;;;;;;;;;;;;;;;;;;;;;;;;;;;;;;;;;;;;;;;;;;;;;;;;;;;;;;;;;;;;;;;;;;;;;;;;;;
INST;R2;680;;;;;;;;;;;;;;;;;;;;;;;;;;;;;;;;;;;;;;;;;;;;;;;;;;;;;;;;;;;;;;;;;;;;;;;;;;;;;;;;;;;;;;;;;;;;;;;;;;;;;;;;;;;;;;;;;;;;;;;;;;;;;;;;;;;;;;;;;;;;
INST;R2;656;;;;;;;;;;;;;;;;;;;;;;;;;;;;;;;;;;;;;;;;;;;;;;;;;;;;;;;;;;;;;;;;;;;;;;;;;;;;;;;;;;;;;;;;;;;;;;;;;;;;;;;;;;;;;;;;;;;;;;;;;;;;;;;;;;;;;;;;;;;;
INST;R2;617;;;;;;;;;;;;;;;;;;;;;;;;;;;;;;;;;;;;;;;;;;;;;;;;;;;;;;;;;;;;;;;;;;;;;;;;;;;;;;;;;;;;;;;;;;;;;;;;;;;;;;;;;;;;;;;;;;;;;;;;;;;;;;;;;;;;;;;;;;;;
0;0;11;23;0;Inst_task;0;undefined;undefined;undefined;undefined;white;xpyriment;legacy;legacy;0;uniform;undefined;NA;undefined;undefined;undefined;1;23;24;NA;0;0;NA;0;23;1;0;0;0;0;0;0;0;0;0;0;0;23;1;0;0;0;23;NA;0;NA;undefined;959;-40;05/19/21 14:39:51;The main experiment item;yes;;2. Instrumental.osexp;C:\Users\cncadmin\Desktop\Sara G\new task;no;mono;no;18;no;black;no;yes;768;legacy;23;23;1;0;0;C:/Users/cncadmin/Desktop/Sara G/DatiEEG/05mo2.csv;xpyriment;Kafkaesque Koffka;3.2.8;NA;0;0;0;0;4;4;0;z;NA;1;1;1;16651;NA;55419;16651;11054;2;legacy;1024;2;48000;-16;experiment;5;odd;14638;369070;358186;NA;70559;NA;NA;3050;358186;78454;70559;102397;102592;NA;15139;85746;3583;102592;70563;102397;70559;358186;78454;102592;70563;102592;369070;NA;3050;NA;pit experiment;0;0;0;yes;1024
INST;R2;4555;;;;;;;;;;;;;;;;;;;;;;;;;;;;;;;;;;;;;;;;;;;;;;;;;;;;;;;;;;;;;;;;;;;;;;;;;;;;;;;;;;;;;;;;;;;;;;;;;;;;;;;;;;;;;;;;;;;;;;;;;;;;;;;;;;;;;;;;;;;;
INST;R2;680;;;;;;;;;;;;;;;;;;;;;;;;;;;;;;;;;;;;;;;;;;;;;;;;;;;;;;;;;;;;;;;;;;;;;;;;;;;;;;;;;;;;;;;;;;;;;;;;;;;;;;;;;;;;;;;;;;;;;;;;;;;;;;;;;;;;;;;;;;;;
INST;R2;760;;;;;;;;;;;;;;;;;;;;;;;;;;;;;;;;;;;;;;;;;;;;;;;;;;;;;;;;;;;;;;;;;;;;;;;;;;;;;;;;;;;;;;;;;;;;;;;;;;;;;;;;;;;;;;;;;;;;;;;;;;;;;;;;;;;;;;;;;;;;
INST;R2;632;;;;;;;;;;;;;;;;;;;;;;;;;;;;;;;;;;;;;;;;;;;;;;;;;;;;;;;;;;;;;;;;;;;;;;;;;;;;;;;;;;;;;;;;;;;;;;;;;;;;;;;;;;;;;;;;;;;;;;;;;;;;;;;;;;;;;;;;;;;;
0;0;11;25;0;Inst_task;0;undefined;undefined;undefined;undefined;white;xpyriment;legacy;legacy;0;uniform;undefined;NA;undefined;undefined;undefined;1;24;25;NA;0;0;NA;0;24;1;0;0;0;0;0;0;0;0;0;0;0;24;1;0;0;0;24;NA;0;NA;undefined;959;-40;05/19/21 14:39:51;The main experiment item;yes;;2. Instrumental.osexp;C:\Users\cncadmin\Desktop\Sara G\new task;no;mono;no;18;no;black;no;yes;768;legacy;24;24;1;0;0;C:/Users/cncadmin/Desktop/Sara G/DatiEEG/05mo2.csv;xpyriment;Kafkaesque Koffka;3.2.8;NA;0;0;0;0;4;2;2;m;NA;1;1;1;16651;NA;55419;16651;11054;2;legacy;1024;2;48000;-16;experiment;5;odd;14638;380712;369389;NA;70559;NA;NA;3050;369389;78454;70559;102397;102592;NA;15139;85746;3583;102592;70563;102397;70559;369389;78454;102592;70563;102592;380712;NA;3050;NA;pit experiment;0;0;0;yes;1024
INST;R1;4612;;;;;;;;;;;;;;;;;;;;;;;;;;;;;;;;;;;;;;;;;;;;;;;;;;;;;;;;;;;;;;;;;;;;;;;;;;;;;;;;;;;;;;;;;;;;;;;;;;;;;;;;;;;;;;;;;;;;;;;;;;;;;;;;;;;;;;;;;;;;
INST;R1;664;;;;;;;;;;;;;;;;;;;;;;;;;;;;;;;;;;;;;;;;;;;;;;;;;;;;;;;;;;;;;;;;;;;;;;;;;;;;;;;;;;;;;;;;;;;;;;;;;;;;;;;;;;;;;;;;;;;;;;;;;;;;;;;;;;;;;;;;;;;;
INST;R1;640;;;;;;;;;;;;;;;;;;;;;;;;;;;;;;;;;;;;;;;;;;;;;;;;;;;;;;;;;;;;;;;;;;;;;;;;;;;;;;;;;;;;;;;;;;;;;;;;;;;;;;;;;;;;;;;;;;;;;;;;;;;;;;;;;;;;;;;;;;;;
INST;R1;680;;;;;;;;;;;;;;;;;;;;;;;;;;;;;;;;;;;;;;;;;;;;;;;;;;;;;;;;;;;;;;;;;;;;;;;;;;;;;;;;;;;;;;;;;;;;;;;;;;;;;;;;;;;;;;;;;;;;;;;;;;;;;;;;;;;;;;;;;;;;
0;0;13;25;0;Inst_task;0;undefined;undefined;undefined;undefined;white;xpyriment;legacy;legacy;0;uniform;undefined;NA;undefined;undefined;undefined;1;25;26;NA;0;0;NA;0;25;1;0;0;0;0;0;0;0;0;0;0;0;25;1;0;0;0;25;NA;0;NA;undefined;959;-40;05/19/21 14:39:51;The main experiment item;yes;;2. Instrumental.osexp;C:\Users\cncadmin\Desktop\Sara G\new task;no;mono;no;18;no;black;no;yes;768;legacy;25;25;1;0;0;C:/Users/cncadmin/Desktop/Sara G/DatiEEG/05mo2.csv;xpyriment;Kafkaesque Koffka;3.2.8;NA;0;4;2;2;0;0;0;m;NA;1;1;1;16651;NA;55419;16651;11054;2;legacy;1024;2;48000;-16;experiment;5;odd;14638;392008;380792;NA;70559;NA;NA;3050;380792;78454;70559;102397;102592;NA;15139;85746;3583;102592;70563;102397;70559;380792;78454;102592;70563;102592;392008;NA;3050;NA;pit experiment;0;0;0;yes;1024
INST;R2;4560;;;;;;;;;;;;;;;;;;;;;;;;;;;;;;;;;;;;;;;;;;;;;;;;;;;;;;;;;;;;;;;;;;;;;;;;;;;;;;;;;;;;;;;;;;;;;;;;;;;;;;;;;;;;;;;;;;;;;;;;;;;;;;;;;;;;;;;;;;;;
INST;R2;445;;;;;;;;;;;;;;;;;;;;;;;;;;;;;;;;;;;;;;;;;;;;;;;;;;;;;;;;;;;;;;;;;;;;;;;;;;;;;;;;;;;;;;;;;;;;;;;;;;;;;;;;;;;;;;;;;;;;;;;;;;;;;;;;;;;;;;;;;;;;
INST;R2;762;;;;;;;;;;;;;;;;;;;;;;;;;;;;;;;;;;;;;;;;;;;;;;;;;;;;;;;;;;;;;;;;;;;;;;;;;;;;;;;;;;;;;;;;;;;;;;;;;;;;;;;;;;;;;;;;;;;;;;;;;;;;;;;;;;;;;;;;;;;;
INST;R2;793;;;;;;;;;;;;;;;;;;;;;;;;;;;;;;;;;;;;;;;;;;;;;;;;;;;;;;;;;;;;;;;;;;;;;;;;;;;;;;;;;;;;;;;;;;;;;;;;;;;;;;;;;;;;;;;;;;;;;;;;;;;;;;;;;;;;;;;;;;;;
0;0;13;27;0;Inst_task;0;undefined;undefined;undefined;undefined;white;xpyriment;legacy;legacy;0;uniform;undefined;NA;undefined;undefined;undefined;1;26;27;NA;0;0;NA;0;26;1;0;0;0;0;0;0;0;0;0;0;0;26;1;0;0;0;26;NA;0;NA;undefined;959;-40;05/19/21 14:39:51;The main experiment item;yes;;2. Instrumental.osexp;C:\Users\cncadmin\Desktop\Sara G\new task;no;mono;no;18;no;black;no;yes;768;legacy;26;26;1;0;0;C:/Users/cncadmin/Desktop/Sara G/DatiEEG/05mo2.csv;xpyriment;Kafkaesque Koffka;3.2.8;NA;0;0;0;0;4;2;2;z;NA;1;1;1;16651;NA;55419;16651;11054;2;legacy;1024;2;48000;-16;experiment;5;odd;14638;403272;392099;NA;70559;NA;NA;3050;392099;78454;70559;102397;102592;NA;15139;85746;3583;102592;70563;102397;70559;392099;78454;102592;70563;102592;403272;NA;3050;NA;pit experiment;0;0;0;yes;1024
INST;R1;4450;;;;;;;;;;;;;;;;;;;;;;;;;;;;;;;;;;;;;;;;;;;;;;;;;;;;;;;;;;;;;;;;;;;;;;;;;;;;;;;;;;;;;;;;;;;;;;;;;;;;;;;;;;;;;;;;;;;;;;;;;;;;;;;;;;;;;;;;;;;;
INST;R1;672;;;;;;;;;;;;;;;;;;;;;;;;;;;;;;;;;;;;;;;;;;;;;;;;;;;;;;;;;;;;;;;;;;;;;;;;;;;;;;;;;;;;;;;;;;;;;;;;;;;;;;;;;;;;;;;;;;;;;;;;;;;;;;;;;;;;;;;;;;;;
INST;R1;712;;;;;;;;;;;;;;;;;;;;;;;;;;;;;;;;;;;;;;;;;;;;;;;;;;;;;;;;;;;;;;;;;;;;;;;;;;;;;;;;;;;;;;;;;;;;;;;;;;;;;;;;;;;;;;;;;;;;;;;;;;;;;;;;;;;;;;;;;;;;
INST;R1;664;;;;;;;;;;;;;;;;;;;;;;;;;;;;;;;;;;;;;;;;;;;;;;;;;;;;;;;;;;;;;;;;;;;;;;;;;;;;;;;;;;;;;;;;;;;;;;;;;;;;;;;;;;;;;;;;;;;;;;;;;;;;;;;;;;;;;;;;;;;;
0;0;14;27;0;Inst_task;0;undefined;undefined;undefined;undefined;white;xpyriment;legacy;legacy;0;uniform;undefined;NA;undefined;undefined;undefined;1;27;28;NA;0;0;NA;0;27;1;0;0;0;0;0;0;0;0;0;0;0;27;1;0;0;0;27;NA;0;NA;undefined;959;-40;05/19/21 14:39:51;The main experiment item;yes;;2. Instrumental.osexp;C:\Users\cncadmin\Desktop\Sara G\new task;no;mono;no;18;no;black;no;yes;768;legacy;27;27;1;0;0;C:/Users/cncadmin/Desktop/Sara G/DatiEEG/05mo2.csv;xpyriment;Kafkaesque Koffka;3.2.8;NA;0;4;3;1;0;0;0;z;NA;1;1;1;16651;NA;55419;16651;11054;2;legacy;1024;2;48000;-16;experiment;5;odd;14638;414697;403394;NA;70559;NA;NA;3050;403394;78454;70559;102397;102592;NA;15139;85746;3583;102592;70563;102397;70559;403394;78454;102592;70563;102592;414697;NA;3050;NA;pit experiment;0;0;0;yes;1024
INST;R2;4694;;;;;;;;;;;;;;;;;;;;;;;;;;;;;;;;;;;;;;;;;;;;;;;;;;;;;;;;;;;;;;;;;;;;;;;;;;;;;;;;;;;;;;;;;;;;;;;;;;;;;;;;;;;;;;;;;;;;;;;;;;;;;;;;;;;;;;;;;;;;
INST;R2;688;;;;;;;;;;;;;;;;;;;;;;;;;;;;;;;;;;;;;;;;;;;;;;;;;;;;;;;;;;;;;;;;;;;;;;;;;;;;;;;;;;;;;;;;;;;;;;;;;;;;;;;;;;;;;;;;;;;;;;;;;;;;;;;;;;;;;;;;;;;;
INST;R2;648;;;;;;;;;;;;;;;;;;;;;;;;;;;;;;;;;;;;;;;;;;;;;;;;;;;;;;;;;;;;;;;;;;;;;;;;;;;;;;;;;;;;;;;;;;;;;;;;;;;;;;;;;;;;;;;;;;;;;;;;;;;;;;;;;;;;;;;;;;;;
INST;R2;968;;;;;;;;;;;;;;;;;;;;;;;;;;;;;;;;;;;;;;;;;;;;;;;;;;;;;;;;;;;;;;;;;;;;;;;;;;;;;;;;;;;;;;;;;;;;;;;;;;;;;;;;;;;;;;;;;;;;;;;;;;;;;;;;;;;;;;;;;;;;
0;0;14;28;0;Inst_task;0;undefined;undefined;undefined;undefined;white;xpyriment;legacy;legacy;0;uniform;undefined;NA;undefined;undefined;undefined;1;28;29;NA;0;0;NA;0;28;1;0;0;0;0;0;0;0;0;0;0;0;28;1;0;0;0;28;NA;0;NA;undefined;959;-40;05/19/21 14:39:51;The main experiment item;yes;;2. Instrumental.osexp;C:\Users\cncadmin\Desktop\Sara G\new task;no;mono;no;18;no;black;no;yes;768;legacy;28;28;1;0;0;C:/Users/cncadmin/Desktop/Sara G/DatiEEG/05mo2.csv;xpyriment;Kafkaesque Koffka;3.2.8;NA;0;0;0;0;4;3;1;z;NA;1;1;1;16651;NA;55419;16651;11054;2;legacy;1024;2;48000;-16;experiment;5;odd;14638;426464;414799;NA;70559;NA;NA;3050;414799;78454;70559;102397;102592;NA;15139;85746;3583;102592;70563;102397;70559;414799;78454;102592;70563;102592;426464;NA;3050;NA;pit experiment;0;0;0;yes;1024
INST;R1;4838;;;;;;;;;;;;;;;;;;;;;;;;;;;;;;;;;;;;;;;;;;;;;;;;;;;;;;;;;;;;;;;;;;;;;;;;;;;;;;;;;;;;;;;;;;;;;;;;;;;;;;;;;;;;;;;;;;;;;;;;;;;;;;;;;;;;;;;;;;;;
INST;R1;752;;;;;;;;;;;;;;;;;;;;;;;;;;;;;;;;;;;;;;;;;;;;;;;;;;;;;;;;;;;;;;;;;;;;;;;;;;;;;;;;;;;;;;;;;;;;;;;;;;;;;;;;;;;;;;;;;;;;;;;;;;;;;;;;;;;;;;;;;;;;
INST;R1;672;;;;;;;;;;;;;;;;;;;;;;;;;;;;;;;;;;;;;;;;;;;;;;;;;;;;;;;;;;;;;;;;;;;;;;;;;;;;;;;;;;;;;;;;;;;;;;;;;;;;;;;;;;;;;;;;;;;;;;;;;;;;;;;;;;;;;;;;;;;;
INST;R1;681;;;;;;;;;;;;;;;;;;;;;;;;;;;;;;;;;;;;;;;;;;;;;;;;;;;;;;;;;;;;;;;;;;;;;;;;;;;;;;;;;;;;;;;;;;;;;;;;;;;;;;;;;;;;;;;;;;;;;;;;;;;;;;;;;;;;;;;;;;;;
0;0;15;28;0;Inst_task;0;undefined;undefined;undefined;undefined;white;xpyriment;legacy;legacy;0;uniform;undefined;NA;undefined;undefined;undefined;1;29;30;NA;0;0;NA;0;29;1;0;0;0;0;0;0;0;0;0;0;0;29;1;0;0;0;29;NA;0;NA;undefined;959;-40;05/19/21 14:39:51;The main experiment item;yes;;2. Instrumental.osexp;C:\Users\cncadmin\Desktop\Sara G\new task;no;mono;no;18;no;black;no;yes;768;legacy;29;29;1;0;0;C:/Users/cncadmin/Desktop/Sara G/DatiEEG/05mo2.csv;xpyriment;Kafkaesque Koffka;3.2.8;NA;0;4;3;1;0;0;0;z;NA;1;1;1;16651;NA;55419;16651;11054;2;legacy;1024;2;48000;-16;experiment;5;odd;14638;438097;426544;NA;70559;NA;NA;3050;426544;78454;70559;102397;102592;NA;15139;85746;3583;102592;70563;102397;70559;426544;78454;102592;70563;102592;438097;NA;3050;NA;pit experiment;0;0;0;yes;1024
1;0;15;28;0;Inst_question;0;undefined;undefined;undefined;undefined;white;xpyriment;legacy;legacy;0;uniform;undefined;a;undefined;undefined;undefined;2;29;30;0;0;0;0;0;29;1;0;0;0;0;0;0;0;0;0;0;0;29;1;0;0;0;30;0;0;0;undefined;959;-40;05/19/21 14:39:51;The main experiment item;yes;;2. Instrumental.osexp;C:\Users\cncadmin\Desktop\Sara G\new task;no;mono;no;18;no;black;no;yes;768;legacy;0;30;1;0;0;C:/Users/cncadmin/Desktop/Sara G/DatiEEG/05mo2.csv;xpyriment;Kafkaesque Koffka;3.2.8;right;0;4;3;1;0;0;0;a;NA;1;1;1;16651;NA;55419;16651;11054;2;legacy;1024;2;48000;-16;experiment;5;odd;450657;438097;426544;438729;70559;NA;438732;3050;426544;78454;70559;102397;102592;438181;15139;85746;3583;102592;70563;102397;70559;426544;78454;102592;70563;102592;451157;438729;3050;438732;pit experiment;0;0;0;yes;1024
2;0;15;28;0;Inst_question;0;undefined;undefined;undefined;undefined;white;xpyriment;legacy;legacy;0;uniform;undefined;l;undefined;undefined;undefined;3;29;30;1;0;0;1;0;29;1;0;0;0;0;0;0;0;0;0;0;0;29;1;0;0;0;31;1;0;1;undefined;959;-40;05/19/21 14:39:51;The main experiment item;yes;;2. Instrumental.osexp;C:\Users\cncadmin\Desktop\Sara G\new task;no;mono;no;18;no;black;no;yes;768;legacy;1;30;1;0;0;C:/Users/cncadmin/Desktop/Sara G/DatiEEG/05mo2.csv;xpyriment;Kafkaesque Koffka;3.2.8;left;0;4;3;1;0;0;0;l;NA;1;1;1;16651;NA;55419;16651;11054;2;legacy;1024;2;48000;-16;experiment;5;odd;454722;438097;426544;451872;70559;NA;451874;3050;426544;78454;70559;102397;102592;438181;15139;85746;3583;102592;70563;102397;70559;426544;78454;102592;70563;102592;455222;451872;3050;451874;pit experiment;0;0;0;yes;1024
INST;R2;5026;;;;;;;;;;;;;;;;;;;;;;;;;;;;;;;;;;;;;;;;;;;;;;;;;;;;;;;;;;;;;;;;;;;;;;;;;;;;;;;;;;;;;;;;;;;;;;;;;;;;;;;;;;;;;;;;;;;;;;;;;;;;;;;;;;;;;;;;;;;;
INST;R2;831;;;;;;;;;;;;;;;;;;;;;;;;;;;;;;;;;;;;;;;;;;;;;;;;;;;;;;;;;;;;;;;;;;;;;;;;;;;;;;;;;;;;;;;;;;;;;;;;;;;;;;;;;;;;;;;;;;;;;;;;;;;;;;;;;;;;;;;;;;;;
INST;R2;760;;;;;;;;;;;;;;;;;;;;;;;;;;;;;;;;;;;;;;;;;;;;;;;;;;;;;;;;;;;;;;;;;;;;;;;;;;;;;;;;;;;;;;;;;;;;;;;;;;;;;;;;;;;;;;;;;;;;;;;;;;;;;;;;;;;;;;;;;;;;
2;0;0;2;0;Inst_task;0;undefined;undefined;undefined;undefined;white;xpyriment;legacy;legacy;0;uniform;undefined;l;undefined;undefined;undefined;3;30;31;1;0;1;1;0;30;1;0;0;1;1;0;0;0;1;0;0;0;30;1;1;0;1;32;1;0;1;undefined;959;-40;05/19/21 14:39:51;The main experiment item;yes;;2. Instrumental.osexp;C:\Users\cncadmin\Desktop\Sara G\new task;no;mono;no;18;no;black;no;yes;768;legacy;0;0;1;1;0;C:/Users/cncadmin/Desktop/Sara G/DatiEEG/05mo2.csv;xpyriment;Kafkaesque Koffka;3.2.8;left;0;0;0;0;3;1;2;z;NA;1;1;1;16651;NA;55419;16651;11054;2;legacy;1024;2;48000;-16;experiment;5;odd;454722;465732;455536;451872;70559;NA;451874;3050;455536;78454;70559;102397;455511;438181;15139;85746;3583;455512;70563;102397;70559;455536;78454;455511;70563;455511;465732;451872;3050;451874;pit experiment;0;0;0;yes;1024
INST;R1;4671;;;;;;;;;;;;;;;;;;;;;;;;;;;;;;;;;;;;;;;;;;;;;;;;;;;;;;;;;;;;;;;;;;;;;;;;;;;;;;;;;;;;;;;;;;;;;;;;;;;;;;;;;;;;;;;;;;;;;;;;;;;;;;;;;;;;;;;;;;;;
INST;R1;705;;;;;;;;;;;;;;;;;;;;;;;;;;;;;;;;;;;;;;;;;;;;;;;;;;;;;;;;;;;;;;;;;;;;;;;;;;;;;;;;;;;;;;;;;;;;;;;;;;;;;;;;;;;;;;;;;;;;;;;;;;;;;;;;;;;;;;;;;;;;
INST;R1;656;;;;;;;;;;;;;;;;;;;;;;;;;;;;;;;;;;;;;;;;;;;;;;;;;;;;;;;;;;;;;;;;;;;;;;;;;;;;;;;;;;;;;;;;;;;;;;;;;;;;;;;;;;;;;;;;;;;;;;;;;;;;;;;;;;;;;;;;;;;;
INST;R1;856;;;;;;;;;;;;;;;;;;;;;;;;;;;;;;;;;;;;;;;;;;;;;;;;;;;;;;;;;;;;;;;;;;;;;;;;;;;;;;;;;;;;;;;;;;;;;;;;;;;;;;;;;;;;;;;;;;;;;;;;;;;;;;;;;;;;;;;;;;;;
2;0;1;2;0;Inst_task;0;undefined;undefined;undefined;undefined;white;xpyriment;legacy;legacy;0;uniform;undefined;l;undefined;undefined;undefined;3;31;32;1;0;1;1;0;31;1;0;0;1;1;0;0;0;1;0;0;0;31;1;1;0;1;33;1;0;1;undefined;959;-40;05/19/21 14:39:51;The main experiment item;yes;;2. Instrumental.osexp;C:\Users\cncadmin\Desktop\Sara G\new task;no;mono;no;18;no;black;no;yes;768;legacy;1;1;1;1;0;C:/Users/cncadmin/Desktop/Sara G/DatiEEG/05mo2.csv;xpyriment;Kafkaesque Koffka;3.2.8;left;0;4;3;1;0;0;0;m;NA;1;1;1;16651;NA;55419;16651;11054;2;legacy;1024;2;48000;-16;experiment;5;odd;454722;477339;465830;451872;70559;NA;451874;3050;465830;78454;70559;102397;455511;438181;15139;85746;3583;455512;70563;102397;70559;465830;78454;455511;70563;455511;477339;451872;3050;451874;pit experiment;0;0;0;yes;1024
INST;R1;4844;;;;;;;;;;;;;;;;;;;;;;;;;;;;;;;;;;;;;;;;;;;;;;;;;;;;;;;;;;;;;;;;;;;;;;;;;;;;;;;;;;;;;;;;;;;;;;;;;;;;;;;;;;;;;;;;;;;;;;;;;;;;;;;;;;;;;;;;;;;;
INST;R1;624;;;;;;;;;;;;;;;;;;;;;;;;;;;;;;;;;;;;;;;;;;;;;;;;;;;;;;;;;;;;;;;;;;;;;;;;;;;;;;;;;;;;;;;;;;;;;;;;;;;;;;;;;;;;;;;;;;;;;;;;;;;;;;;;;;;;;;;;;;;;
INST;R1;904;;;;;;;;;;;;;;;;;;;;;;;;;;;;;;;;;;;;;;;;;;;;;;;;;;;;;;;;;;;;;;;;;;;;;;;;;;;;;;;;;;;;;;;;;;;;;;;;;;;;;;;;;;;;;;;;;;;;;;;;;;;;;;;;;;;;;;;;;;;;
2;0;1;2;0;Inst_task;0;undefined;undefined;undefined;undefined;white;xpyriment;legacy;legacy;0;uniform;undefined;l;undefined;undefined;undefined;3;32;33;1;0;1;1;0;32;1;0;0;1;1;0;0;0;1;0;0;0;32;1;1;0;1;34;1;0;1;undefined;959;-40;05/19/21 14:39:51;The main experiment item;yes;;2. Instrumental.osexp;C:\Users\cncadmin\Desktop\Sara G\new task;no;mono;no;18;no;black;no;yes;768;legacy;2;2;1;1;0;C:/Users/cncadmin/Desktop/Sara G/DatiEEG/05mo2.csv;xpyriment;Kafkaesque Koffka;3.2.8;left;0;3;3;0;0;0;0;z;NA;1;1;1;16651;NA;55419;16651;11054;2;legacy;1024;2;48000;-16;experiment;5;odd;454722;487421;477417;451872;70559;NA;451874;3050;477417;78454;70559;102397;455511;438181;15139;85746;3583;455512;70563;102397;70559;477417;78454;455511;70563;455511;487421;451872;3050;451874;pit experiment;0;0;0;yes;1024
INST;R2;4668;;;;;;;;;;;;;;;;;;;;;;;;;;;;;;;;;;;;;;;;;;;;;;;;;;;;;;;;;;;;;;;;;;;;;;;;;;;;;;;;;;;;;;;;;;;;;;;;;;;;;;;;;;;;;;;;;;;;;;;;;;;;;;;;;;;;;;;;;;;;
INST;R2;744;;;;;;;;;;;;;;;;;;;;;;;;;;;;;;;;;;;;;;;;;;;;;;;;;;;;;;;;;;;;;;;;;;;;;;;;;;;;;;;;;;;;;;;;;;;;;;;;;;;;;;;;;;;;;;;;;;;;;;;;;;;;;;;;;;;;;;;;;;;;
INST;R2;792;;;;;;;;;;;;;;;;;;;;;;;;;;;;;;;;;;;;;;;;;;;;;;;;;;;;;;;;;;;;;;;;;;;;;;;;;;;;;;;;;;;;;;;;;;;;;;;;;;;;;;;;;;;;;;;;;;;;;;;;;;;;;;;;;;;;;;;;;;;;
INST;R2;832;;;;;;;;;;;;;;;;;;;;;;;;;;;;;;;;;;;;;;;;;;;;;;;;;;;;;;;;;;;;;;;;;;;;;;;;;;;;;;;;;;;;;;;;;;;;;;;;;;;;;;;;;;;;;;;;;;;;;;;;;;;;;;;;;;;;;;;;;;;;
2;0;1;2;0;Inst_task;0;undefined;undefined;undefined;undefined;white;xpyriment;legacy;legacy;0;uniform;undefined;l;undefined;undefined;undefined;3;33;34;1;0;1;1;0;33;1;0;0;1;1;0;0;0;1;0;0;0;33;1;1;0;1;35;1;0;1;undefined;959;-40;05/19/21 14:39:51;The main experiment item;yes;;2. Instrumental.osexp;C:\Users\cncadmin\Desktop\Sara G\new task;no;mono;no;18;no;black;no;yes;768;legacy;3;3;1;1;0;C:/Users/cncadmin/Desktop/Sara G/DatiEEG/05mo2.csv;xpyriment;Kafkaesque Koffka;3.2.8;left;0;0;0;0;4;4;0;m;NA;1;1;1;16651;NA;55419;16651;11054;2;legacy;1024;2;48000;-16;experiment;5;odd;454722;499165;487505;451872;70559;NA;451874;3050;487505;78454;70559;102397;455511;438181;15139;85746;3583;455512;70563;102397;70559;487505;78454;455511;70563;455511;499165;451872;3050;451874;pit experiment;0;0;0;yes;1024
INST;R1;4541;;;;;;;;;;;;;;;;;;;;;;;;;;;;;;;;;;;;;;;;;;;;;;;;;;;;;;;;;;;;;;;;;;;;;;;;;;;;;;;;;;;;;;;;;;;;;;;;;;;;;;;;;;;;;;;;;;;;;;;;;;;;;;;;;;;;;;;;;;;;
INST;R1;656;;;;;;;;;;;;;;;;;;;;;;;;;;;;;;;;;;;;;;;;;;;;;;;;;;;;;;;;;;;;;;;;;;;;;;;;;;;;;;;;;;;;;;;;;;;;;;;;;;;;;;;;;;;;;;;;;;;;;;;;;;;;;;;;;;;;;;;;;;;;
INST;R1;689;;;;;;;;;;;;;;;;;;;;;;;;;;;;;;;;;;;;;;;;;;;;;;;;;;;;;;;;;;;;;;;;;;;;;;;;;;;;;;;;;;;;;;;;;;;;;;;;;;;;;;;;;;;;;;;;;;;;;;;;;;;;;;;;;;;;;;;;;;;;
INST;R1;647;;;;;;;;;;;;;;;;;;;;;;;;;;;;;;;;;;;;;;;;;;;;;;;;;;;;;;;;;;;;;;;;;;;;;;;;;;;;;;;;;;;;;;;;;;;;;;;;;;;;;;;;;;;;;;;;;;;;;;;;;;;;;;;;;;;;;;;;;;;;
2;0;3;2;0;Inst_task;0;undefined;undefined;undefined;undefined;white;xpyriment;legacy;legacy;0;uniform;undefined;l;undefined;undefined;undefined;3;34;35;1;0;1;1;0;34;1;0;0;1;1;0;0;0;1;0;0;0;34;1;1;0;1;36;1;0;1;undefined;959;-40;05/19/21 14:39:51;The main experiment item;yes;;2. Instrumental.osexp;C:\Users\cncadmin\Desktop\Sara G\new task;no;mono;no;18;no;black;no;yes;768;legacy;4;4;1;1;0;C:/Users/cncadmin/Desktop/Sara G/DatiEEG/05mo2.csv;xpyriment;Kafkaesque Koffka;3.2.8;left;0;4;2;2;0;0;0;z;NA;1;1;1;16651;NA;55419;16651;11054;2;legacy;1024;2;48000;-16;experiment;5;odd;454722;510665;499403;451872;70559;NA;451874;3050;499403;78454;70559;102397;455511;438181;15139;85746;3583;455512;70563;102397;70559;499403;78454;455511;70563;455511;510665;451872;3050;451874;pit experiment;0;0;0;yes;1024
INST;R1;4620;;;;;;;;;;;;;;;;;;;;;;;;;;;;;;;;;;;;;;;;;;;;;;;;;;;;;;;;;;;;;;;;;;;;;;;;;;;;;;;;;;;;;;;;;;;;;;;;;;;;;;;;;;;;;;;;;;;;;;;;;;;;;;;;;;;;;;;;;;;;
INST;R1;656;;;;;;;;;;;;;;;;;;;;;;;;;;;;;;;;;;;;;;;;;;;;;;;;;;;;;;;;;;;;;;;;;;;;;;;;;;;;;;;;;;;;;;;;;;;;;;;;;;;;;;;;;;;;;;;;;;;;;;;;;;;;;;;;;;;;;;;;;;;;
INST;R1;744;;;;;;;;;;;;;;;;;;;;;;;;;;;;;;;;;;;;;;;;;;;;;;;;;;;;;;;;;;;;;;;;;;;;;;;;;;;;;;;;;;;;;;;;;;;;;;;;;;;;;;;;;;;;;;;;;;;;;;;;;;;;;;;;;;;;;;;;;;;;
INST;R1;664;;;;;;;;;;;;;;;;;;;;;;;;;;;;;;;;;;;;;;;;;;;;;;;;;;;;;;;;;;;;;;;;;;;;;;;;;;;;;;;;;;;;;;;;;;;;;;;;;;;;;;;;;;;;;;;;;;;;;;;;;;;;;;;;;;;;;;;;;;;;
2;0;4;2;0;Inst_task;0;undefined;undefined;undefined;undefined;white;xpyriment;legacy;legacy;0;uniform;undefined;l;undefined;undefined;undefined;3;35;36;1;0;1;1;0;35;1;0;0;1;1;0;0;0;1;0;0;0;35;1;1;0;1;37;1;0;1;undefined;959;-40;05/19/21 14:39:51;The main experiment item;yes;;2. Instrumental.osexp;C:\Users\cncadmin\Desktop\Sara G\new task;no;mono;no;18;no;black;no;yes;768;legacy;5;5;1;1;0;C:/Users/cncadmin/Desktop/Sara G/DatiEEG/05mo2.csv;xpyriment;Kafkaesque Koffka;3.2.8;left;0;4;3;1;0;0;0;m;NA;1;1;1;16651;NA;55419;16651;11054;2;legacy;1024;2;48000;-16;experiment;5;odd;454722;522044;510752;451872;70559;NA;451874;3050;510752;78454;70559;102397;455511;438181;15139;85746;3583;455512;70563;102397;70559;510752;78454;455511;70563;455511;522044;451872;3050;451874;pit experiment;0;0;0;yes;1024
INST;R2;4635;;;;;;;;;;;;;;;;;;;;;;;;;;;;;;;;;;;;;;;;;;;;;;;;;;;;;;;;;;;;;;;;;;;;;;;;;;;;;;;;;;;;;;;;;;;;;;;;;;;;;;;;;;;;;;;;;;;;;;;;;;;;;;;;;;;;;;;;;;;;
INST;R2;728;;;;;;;;;;;;;;;;;;;;;;;;;;;;;;;;;;;;;;;;;;;;;;;;;;;;;;;;;;;;;;;;;;;;;;;;;;;;;;;;;;;;;;;;;;;;;;;;;;;;;;;;;;;;;;;;;;;;;;;;;;;;;;;;;;;;;;;;;;;;
INST;R2;688;;;;;;;;;;;;;;;;;;;;;;;;;;;;;;;;;;;;;;;;;;;;;;;;;;;;;;;;;;;;;;;;;;;;;;;;;;;;;;;;;;;;;;;;;;;;;;;;;;;;;;;;;;;;;;;;;;;;;;;;;;;;;;;;;;;;;;;;;;;;
INST;R2;680;;;;;;;;;;;;;;;;;;;;;;;;;;;;;;;;;;;;;;;;;;;;;;;;;;;;;;;;;;;;;;;;;;;;;;;;;;;;;;;;;;;;;;;;;;;;;;;;;;;;;;;;;;;;;;;;;;;;;;;;;;;;;;;;;;;;;;;;;;;;
2;0;4;3;0;Inst_task;0;undefined;undefined;undefined;undefined;white;xpyriment;legacy;legacy;0;uniform;undefined;l;undefined;undefined;undefined;3;36;37;1;0;1;1;0;36;1;0;0;1;1;0;0;0;1;0;0;0;36;1;1;0;1;38;1;0;1;undefined;959;-40;05/19/21 14:39:51;The main experiment item;yes;;2. Instrumental.osexp;C:\Users\cncadmin\Desktop\Sara G\new task;no;mono;no;18;no;black;no;yes;768;legacy;6;6;1;1;0;C:/Users/cncadmin/Desktop/Sara G/DatiEEG/05mo2.csv;xpyriment;Kafkaesque Koffka;3.2.8;left;0;0;0;0;4;3;1;z;NA;1;1;1;16651;NA;55419;16651;11054;2;legacy;1024;2;48000;-16;experiment;5;odd;454722;533472;522129;451872;70559;NA;451874;3050;522129;78454;70559;102397;455511;438181;15139;85746;3583;455512;70563;102397;70559;522129;78454;455511;70563;455511;533472;451872;3050;451874;pit experiment;0;0;0;yes;1024
INST;R1;4386;;;;;;;;;;;;;;;;;;;;;;;;;;;;;;;;;;;;;;;;;;;;;;;;;;;;;;;;;;;;;;;;;;;;;;;;;;;;;;;;;;;;;;;;;;;;;;;;;;;;;;;;;;;;;;;;;;;;;;;;;;;;;;;;;;;;;;;;;;;;
INST;R1;823;;;;;;;;;;;;;;;;;;;;;;;;;;;;;;;;;;;;;;;;;;;;;;;;;;;;;;;;;;;;;;;;;;;;;;;;;;;;;;;;;;;;;;;;;;;;;;;;;;;;;;;;;;;;;;;;;;;;;;;;;;;;;;;;;;;;;;;;;;;;
INST;R1;689;;;;;;;;;;;;;;;;;;;;;;;;;;;;;;;;;;;;;;;;;;;;;;;;;;;;;;;;;;;;;;;;;;;;;;;;;;;;;;;;;;;;;;;;;;;;;;;;;;;;;;;;;;;;;;;;;;;;;;;;;;;;;;;;;;;;;;;;;;;;
INST;R1;736;;;;;;;;;;;;;;;;;;;;;;;;;;;;;;;;;;;;;;;;;;;;;;;;;;;;;;;;;;;;;;;;;;;;;;;;;;;;;;;;;;;;;;;;;;;;;;;;;;;;;;;;;;;;;;;;;;;;;;;;;;;;;;;;;;;;;;;;;;;;
2;0;6;3;0;Inst_task;0;undefined;undefined;undefined;undefined;white;xpyriment;legacy;legacy;0;uniform;undefined;l;undefined;undefined;undefined;3;37;38;1;0;1;1;0;37;1;0;0;1;1;0;0;0;1;0;0;0;37;1;1;0;1;39;1;0;1;undefined;959;-40;05/19/21 14:39:51;The main experiment item;yes;;2. Instrumental.osexp;C:\Users\cncadmin\Desktop\Sara G\new task;no;mono;no;18;no;black;no;yes;768;legacy;7;7;1;1;0;C:/Users/cncadmin/Desktop/Sara G/DatiEEG/05mo2.csv;xpyriment;Kafkaesque Koffka;3.2.8;left;0;4;2;2;0;0;0;z;NA;1;1;1;16651;NA;55419;16651;11054;2;legacy;1024;2;48000;-16;experiment;5;odd;454722;544802;533542;451872;70559;NA;451874;3050;533542;78454;70559;102397;455511;438181;15139;85746;3583;455512;70563;102397;70559;533542;78454;455511;70563;455511;544802;451872;3050;451874;pit experiment;0;0;0;yes;1024
INST;R1;4505;;;;;;;;;;;;;;;;;;;;;;;;;;;;;;;;;;;;;;;;;;;;;;;;;;;;;;;;;;;;;;;;;;;;;;;;;;;;;;;;;;;;;;;;;;;;;;;;;;;;;;;;;;;;;;;;;;;;;;;;;;;;;;;;;;;;;;;;;;;;
INST;R1;648;;;;;;;;;;;;;;;;;;;;;;;;;;;;;;;;;;;;;;;;;;;;;;;;;;;;;;;;;;;;;;;;;;;;;;;;;;;;;;;;;;;;;;;;;;;;;;;;;;;;;;;;;;;;;;;;;;;;;;;;;;;;;;;;;;;;;;;;;;;;
INST;R1;616;;;;;;;;;;;;;;;;;;;;;;;;;;;;;;;;;;;;;;;;;;;;;;;;;;;;;;;;;;;;;;;;;;;;;;;;;;;;;;;;;;;;;;;;;;;;;;;;;;;;;;;;;;;;;;;;;;;;;;;;;;;;;;;;;;;;;;;;;;;;
INST;R1;663;;;;;;;;;;;;;;;;;;;;;;;;;;;;;;;;;;;;;;;;;;;;;;;;;;;;;;;;;;;;;;;;;;;;;;;;;;;;;;;;;;;;;;;;;;;;;;;;;;;;;;;;;;;;;;;;;;;;;;;;;;;;;;;;;;;;;;;;;;;;
2;0;7;3;0;Inst_task;0;undefined;undefined;undefined;undefined;white;xpyriment;legacy;legacy;0;uniform;undefined;l;undefined;undefined;undefined;3;38;39;1;0;1;1;0;38;1;0;0;1;1;0;0;0;1;0;0;0;38;1;1;0;1;40;1;0;1;undefined;959;-40;05/19/21 14:39:51;The main experiment item;yes;;2. Instrumental.osexp;C:\Users\cncadmin\Desktop\Sara G\new task;no;mono;no;18;no;black;no;yes;768;legacy;8;8;1;1;0;C:/Users/cncadmin/Desktop/Sara G/DatiEEG/05mo2.csv;xpyriment;Kafkaesque Koffka;3.2.8;left;0;4;3;1;0;0;0;z;NA;1;1;1;16651;NA;55419;16651;11054;2;legacy;1024;2;48000;-16;experiment;5;odd;454722;555953;544893;451872;70559;NA;451874;3050;544894;78454;70559;102397;455511;438181;15139;85746;3583;455512;70563;102397;70559;544893;78454;455511;70563;455511;555953;451872;3050;451874;pit experiment;0;0;0;yes;1024
INST;R2;4565;;;;;;;;;;;;;;;;;;;;;;;;;;;;;;;;;;;;;;;;;;;;;;;;;;;;;;;;;;;;;;;;;;;;;;;;;;;;;;;;;;;;;;;;;;;;;;;;;;;;;;;;;;;;;;;;;;;;;;;;;;;;;;;;;;;;;;;;;;;;
INST;R2;696;;;;;;;;;;;;;;;;;;;;;;;;;;;;;;;;;;;;;;;;;;;;;;;;;;;;;;;;;;;;;;;;;;;;;;;;;;;;;;;;;;;;;;;;;;;;;;;;;;;;;;;;;;;;;;;;;;;;;;;;;;;;;;;;;;;;;;;;;;;;
INST;R2;704;;;;;;;;;;;;;;;;;;;;;;;;;;;;;;;;;;;;;;;;;;;;;;;;;;;;;;;;;;;;;;;;;;;;;;;;;;;;;;;;;;;;;;;;;;;;;;;;;;;;;;;;;;;;;;;;;;;;;;;;;;;;;;;;;;;;;;;;;;;;
INST;R2;632;;;;;;;;;;;;;;;;;;;;;;;;;;;;;;;;;;;;;;;;;;;;;;;;;;;;;;;;;;;;;;;;;;;;;;;;;;;;;;;;;;;;;;;;;;;;;;;;;;;;;;;;;;;;;;;;;;;;;;;;;;;;;;;;;;;;;;;;;;;;
2;0;7;4;0;Inst_task;0;undefined;undefined;undefined;undefined;white;xpyriment;legacy;legacy;0;uniform;undefined;l;undefined;undefined;undefined;3;39;40;1;0;1;1;0;39;1;0;0;1;1;0;0;0;1;0;0;0;39;1;1;0;1;41;1;0;1;undefined;959;-40;05/19/21 14:39:51;The main experiment item;yes;;2. Instrumental.osexp;C:\Users\cncadmin\Desktop\Sara G\new task;no;mono;no;18;no;black;no;yes;768;legacy;9;9;1;1;0;C:/Users/cncadmin/Desktop/Sara G/DatiEEG/05mo2.csv;xpyriment;Kafkaesque Koffka;3.2.8;left;0;0;0;0;4;3;1;m;NA;1;1;1;16651;NA;55419;16651;11054;2;legacy;1024;2;48000;-16;experiment;5;odd;454722;567279;556058;451872;70559;NA;451874;3050;556058;78454;70559;102397;455511;438181;15139;85746;3583;455512;70563;102397;70559;556058;78454;455511;70563;455511;567279;451872;3050;451874;pit experiment;0;0;0;yes;1024
INST;R1;4589;;;;;;;;;;;;;;;;;;;;;;;;;;;;;;;;;;;;;;;;;;;;;;;;;;;;;;;;;;;;;;;;;;;;;;;;;;;;;;;;;;;;;;;;;;;;;;;;;;;;;;;;;;;;;;;;;;;;;;;;;;;;;;;;;;;;;;;;;;;;
INST;R1;776;;;;;;;;;;;;;;;;;;;;;;;;;;;;;;;;;;;;;;;;;;;;;;;;;;;;;;;;;;;;;;;;;;;;;;;;;;;;;;;;;;;;;;;;;;;;;;;;;;;;;;;;;;;;;;;;;;;;;;;;;;;;;;;;;;;;;;;;;;;;
INST;R1;696;;;;;;;;;;;;;;;;;;;;;;;;;;;;;;;;;;;;;;;;;;;;;;;;;;;;;;;;;;;;;;;;;;;;;;;;;;;;;;;;;;;;;;;;;;;;;;;;;;;;;;;;;;;;;;;;;;;;;;;;;;;;;;;;;;;;;;;;;;;;
INST;R1;729;;;;;;;;;;;;;;;;;;;;;;;;;;;;;;;;;;;;;;;;;;;;;;;;;;;;;;;;;;;;;;;;;;;;;;;;;;;;;;;;;;;;;;;;;;;;;;;;;;;;;;;;;;;;;;;;;;;;;;;;;;;;;;;;;;;;;;;;;;;;
2;0;9;4;0;Inst_task;0;undefined;undefined;undefined;undefined;white;xpyriment;legacy;legacy;0;uniform;undefined;l;undefined;undefined;undefined;3;40;41;1;0;1;1;0;40;1;0;0;1;1;0;0;0;1;0;0;0;40;1;1;0;1;42;1;0;1;undefined;959;-40;05/19/21 14:39:51;The main experiment item;yes;;2. Instrumental.osexp;C:\Users\cncadmin\Desktop\Sara G\new task;no;mono;no;18;no;black;no;yes;768;legacy;10;10;1;1;0;C:/Users/cncadmin/Desktop/Sara G/DatiEEG/05mo2.csv;xpyriment;Kafkaesque Koffka;3.2.8;left;0;4;2;2;0;0;0;m;NA;1;1;1;16651;NA;55419;16651;11054;2;legacy;1024;2;48000;-16;experiment;5;odd;454722;578900;567467;451872;70559;NA;451874;3050;567467;78454;70559;102397;455511;438181;15139;85746;3583;455512;70563;102397;70559;567467;78454;455511;70563;455511;578900;451872;3050;451874;pit experiment;0;0;0;yes;1024
INST;R2;4664;;;;;;;;;;;;;;;;;;;;;;;;;;;;;;;;;;;;;;;;;;;;;;;;;;;;;;;;;;;;;;;;;;;;;;;;;;;;;;;;;;;;;;;;;;;;;;;;;;;;;;;;;;;;;;;;;;;;;;;;;;;;;;;;;;;;;;;;;;;;
INST;R2;800;;;;;;;;;;;;;;;;;;;;;;;;;;;;;;;;;;;;;;;;;;;;;;;;;;;;;;;;;;;;;;;;;;;;;;;;;;;;;;;;;;;;;;;;;;;;;;;;;;;;;;;;;;;;;;;;;;;;;;;;;;;;;;;;;;;;;;;;;;;;
INST;R2;743;;;;;;;;;;;;;;;;;;;;;;;;;;;;;;;;;;;;;;;;;;;;;;;;;;;;;;;;;;;;;;;;;;;;;;;;;;;;;;;;;;;;;;;;;;;;;;;;;;;;;;;;;;;;;;;;;;;;;;;;;;;;;;;;;;;;;;;;;;;;
INST;R2;720;;;;;;;;;;;;;;;;;;;;;;;;;;;;;;;;;;;;;;;;;;;;;;;;;;;;;;;;;;;;;;;;;;;;;;;;;;;;;;;;;;;;;;;;;;;;;;;;;;;;;;;;;;;;;;;;;;;;;;;;;;;;;;;;;;;;;;;;;;;;
2;0;9;6;0;Inst_task;0;undefined;undefined;undefined;undefined;white;xpyriment;legacy;legacy;0;uniform;undefined;l;undefined;undefined;undefined;3;41;42;1;0;1;1;0;41;1;0;0;1;1;0;0;0;1;0;0;0;41;1;1;0;1;43;1;0;1;undefined;959;-40;05/19/21 14:39:51;The main experiment item;yes;;2. Instrumental.osexp;C:\Users\cncadmin\Desktop\Sara G\new task;no;mono;no;18;no;black;no;yes;768;legacy;11;11;1;1;0;C:/Users/cncadmin/Desktop/Sara G/DatiEEG/05mo2.csv;xpyriment;Kafkaesque Koffka;3.2.8;left;0;0;0;0;4;2;2;z;NA;1;1;1;16651;NA;55419;16651;11054;2;legacy;1024;2;48000;-16;experiment;5;odd;454722;590683;578970;451872;70559;NA;451874;3050;578970;78454;70559;102397;455511;438181;15139;85746;3583;455512;70563;102397;70559;578970;78454;455511;70563;455511;590683;451872;3050;451874;pit experiment;0;0;0;yes;1024
INST;R1;4483;;;;;;;;;;;;;;;;;;;;;;;;;;;;;;;;;;;;;;;;;;;;;;;;;;;;;;;;;;;;;;;;;;;;;;;;;;;;;;;;;;;;;;;;;;;;;;;;;;;;;;;;;;;;;;;;;;;;;;;;;;;;;;;;;;;;;;;;;;;;
INST;R1;728;;;;;;;;;;;;;;;;;;;;;;;;;;;;;;;;;;;;;;;;;;;;;;;;;;;;;;;;;;;;;;;;;;;;;;;;;;;;;;;;;;;;;;;;;;;;;;;;;;;;;;;;;;;;;;;;;;;;;;;;;;;;;;;;;;;;;;;;;;;;
INST;R1;712;;;;;;;;;;;;;;;;;;;;;;;;;;;;;;;;;;;;;;;;;;;;;;;;;;;;;;;;;;;;;;;;;;;;;;;;;;;;;;;;;;;;;;;;;;;;;;;;;;;;;;;;;;;;;;;;;;;;;;;;;;;;;;;;;;;;;;;;;;;;
INST;R1;664;;;;;;;;;;;;;;;;;;;;;;;;;;;;;;;;;;;;;;;;;;;;;;;;;;;;;;;;;;;;;;;;;;;;;;;;;;;;;;;;;;;;;;;;;;;;;;;;;;;;;;;;;;;;;;;;;;;;;;;;;;;;;;;;;;;;;;;;;;;;
2;0;10;6;0;Inst_task;0;undefined;undefined;undefined;undefined;white;xpyriment;legacy;legacy;0;uniform;undefined;l;undefined;undefined;undefined;3;42;43;1;0;1;1;0;42;1;0;0;1;1;0;0;0;1;0;0;0;42;1;1;0;1;44;1;0;1;undefined;959;-40;05/19/21 14:39:51;The main experiment item;yes;;2. Instrumental.osexp;C:\Users\cncadmin\Desktop\Sara G\new task;no;mono;no;18;no;black;no;yes;768;legacy;12;12;1;1;0;C:/Users/cncadmin/Desktop/Sara G/DatiEEG/05mo2.csv;xpyriment;Kafkaesque Koffka;3.2.8;left;0;4;3;1;0;0;0;m;NA;1;1;1;16651;NA;55419;16651;11054;2;legacy;1024;2;48000;-16;experiment;5;odd;454722;601971;590767;451872;70559;NA;451874;3050;590767;78454;70559;102397;455511;438181;15139;85746;3583;455512;70563;102397;70559;590767;78454;455511;70563;455511;601971;451872;3050;451874;pit experiment;0;0;0;yes;1024
INST;R2;4673;;;;;;;;;;;;;;;;;;;;;;;;;;;;;;;;;;;;;;;;;;;;;;;;;;;;;;;;;;;;;;;;;;;;;;;;;;;;;;;;;;;;;;;;;;;;;;;;;;;;;;;;;;;;;;;;;;;;;;;;;;;;;;;;;;;;;;;;;;;;
INST;R2;672;;;;;;;;;;;;;;;;;;;;;;;;;;;;;;;;;;;;;;;;;;;;;;;;;;;;;;;;;;;;;;;;;;;;;;;;;;;;;;;;;;;;;;;;;;;;;;;;;;;;;;;;;;;;;;;;;;;;;;;;;;;;;;;;;;;;;;;;;;;;
INST;R2;672;;;;;;;;;;;;;;;;;;;;;;;;;;;;;;;;;;;;;;;;;;;;;;;;;;;;;;;;;;;;;;;;;;;;;;;;;;;;;;;;;;;;;;;;;;;;;;;;;;;;;;;;;;;;;;;;;;;;;;;;;;;;;;;;;;;;;;;;;;;;
INST;R2;713;;;;;;;;;;;;;;;;;;;;;;;;;;;;;;;;;;;;;;;;;;;;;;;;;;;;;;;;;;;;;;;;;;;;;;;;;;;;;;;;;;;;;;;;;;;;;;;;;;;;;;;;;;;;;;;;;;;;;;;;;;;;;;;;;;;;;;;;;;;;
2;0;10;8;0;Inst_task;0;undefined;undefined;undefined;undefined;white;xpyriment;legacy;legacy;0;uniform;undefined;l;undefined;undefined;undefined;3;43;44;1;0;1;1;0;43;1;0;0;1;1;0;0;0;1;0;0;0;43;1;1;0;1;45;1;0;1;undefined;959;-40;05/19/21 14:39:51;The main experiment item;yes;;2. Instrumental.osexp;C:\Users\cncadmin\Desktop\Sara G\new task;no;mono;no;18;no;black;no;yes;768;legacy;13;13;1;1;0;C:/Users/cncadmin/Desktop/Sara G/DatiEEG/05mo2.csv;xpyriment;Kafkaesque Koffka;3.2.8;left;0;0;0;0;4;2;2;m;NA;1;1;1;16651;NA;55419;16651;11054;2;legacy;1024;2;48000;-16;experiment;5;odd;454722;613476;602076;451872;70559;NA;451874;3050;602076;78454;70559;102397;455511;438181;15139;85746;3583;455512;70563;102397;70559;602076;78454;455511;70563;455511;613476;451872;3050;451874;pit experiment;0;0;0;yes;1024
INST;R1;4646;;;;;;;;;;;;;;;;;;;;;;;;;;;;;;;;;;;;;;;;;;;;;;;;;;;;;;;;;;;;;;;;;;;;;;;;;;;;;;;;;;;;;;;;;;;;;;;;;;;;;;;;;;;;;;;;;;;;;;;;;;;;;;;;;;;;;;;;;;;;
INST;R1;928;;;;;;;;;;;;;;;;;;;;;;;;;;;;;;;;;;;;;;;;;;;;;;;;;;;;;;;;;;;;;;;;;;;;;;;;;;;;;;;;;;;;;;;;;;;;;;;;;;;;;;;;;;;;;;;;;;;;;;;;;;;;;;;;;;;;;;;;;;;;
INST;R1;656;;;;;;;;;;;;;;;;;;;;;;;;;;;;;;;;;;;;;;;;;;;;;;;;;;;;;;;;;;;;;;;;;;;;;;;;;;;;;;;;;;;;;;;;;;;;;;;;;;;;;;;;;;;;;;;;;;;;;;;;;;;;;;;;;;;;;;;;;;;;
INST;R1;624;;;;;;;;;;;;;;;;;;;;;;;;;;;;;;;;;;;;;;;;;;;;;;;;;;;;;;;;;;;;;;;;;;;;;;;;;;;;;;;;;;;;;;;;;;;;;;;;;;;;;;;;;;;;;;;;;;;;;;;;;;;;;;;;;;;;;;;;;;;;
2;0;10;8;0;Inst_task;0;undefined;undefined;undefined;undefined;white;xpyriment;legacy;legacy;0;uniform;undefined;l;undefined;undefined;undefined;3;44;45;1;0;1;1;0;44;1;0;0;1;1;0;0;0;1;0;0;0;44;1;1;0;1;46;1;0;1;undefined;959;-40;05/19/21 14:39:51;The main experiment item;yes;;2. Instrumental.osexp;C:\Users\cncadmin\Desktop\Sara G\new task;no;mono;no;18;no;black;no;yes;768;legacy;14;14;1;1;0;C:/Users/cncadmin/Desktop/Sara G/DatiEEG/05mo2.csv;xpyriment;Kafkaesque Koffka;3.2.8;left;0;4;4;0;0;0;0;z;NA;1;1;1;16651;NA;55419;16651;11054;2;legacy;1024;2;48000;-16;experiment;5;odd;454722;624998;613557;451872;70559;NA;451874;3050;613557;78454;70559;102397;455511;438181;15139;85746;3583;455512;70563;102397;70559;613557;78454;455511;70563;455511;624998;451872;3050;451874;pit experiment;0;0;0;yes;1024
INST;R2;4529;;;;;;;;;;;;;;;;;;;;;;;;;;;;;;;;;;;;;;;;;;;;;;;;;;;;;;;;;;;;;;;;;;;;;;;;;;;;;;;;;;;;;;;;;;;;;;;;;;;;;;;;;;;;;;;;;;;;;;;;;;;;;;;;;;;;;;;;;;;;
INST;R2;608;;;;;;;;;;;;;;;;;;;;;;;;;;;;;;;;;;;;;;;;;;;;;;;;;;;;;;;;;;;;;;;;;;;;;;;;;;;;;;;;;;;;;;;;;;;;;;;;;;;;;;;;;;;;;;;;;;;;;;;;;;;;;;;;;;;;;;;;;;;;
INST;R2;639;;;;;;;;;;;;;;;;;;;;;;;;;;;;;;;;;;;;;;;;;;;;;;;;;;;;;;;;;;;;;;;;;;;;;;;;;;;;;;;;;;;;;;;;;;;;;;;;;;;;;;;;;;;;;;;;;;;;;;;;;;;;;;;;;;;;;;;;;;;;
INST;R2;808;;;;;;;;;;;;;;;;;;;;;;;;;;;;;;;;;;;;;;;;;;;;;;;;;;;;;;;;;;;;;;;;;;;;;;;;;;;;;;;;;;;;;;;;;;;;;;;;;;;;;;;;;;;;;;;;;;;;;;;;;;;;;;;;;;;;;;;;;;;;
2;0;10;8;0;Inst_task;0;undefined;undefined;undefined;undefined;white;xpyriment;legacy;legacy;0;uniform;undefined;l;undefined;undefined;undefined;3;45;46;1;0;1;1;0;45;1;0;0;1;1;0;0;0;1;0;0;0;45;1;1;0;1;47;1;0;1;undefined;959;-40;05/19/21 14:39:51;The main experiment item;yes;;2. Instrumental.osexp;C:\Users\cncadmin\Desktop\Sara G\new task;no;mono;no;18;no;black;no;yes;768;legacy;15;15;1;1;0;C:/Users/cncadmin/Desktop/Sara G/DatiEEG/05mo2.csv;xpyriment;Kafkaesque Koffka;3.2.8;left;0;0;0;0;4;4;0;m;NA;1;1;1;16651;NA;55419;16651;11054;2;legacy;1024;2;48000;-16;experiment;5;odd;454722;636268;625085;451872;70559;NA;451874;3050;625085;78454;70559;102397;455511;438181;15139;85746;3583;455512;70563;102397;70559;625085;78454;455511;70563;455511;636268;451872;3050;451874;pit experiment;0;0;0;yes;1024
INST;R1;4816;;;;;;;;;;;;;;;;;;;;;;;;;;;;;;;;;;;;;;;;;;;;;;;;;;;;;;;;;;;;;;;;;;;;;;;;;;;;;;;;;;;;;;;;;;;;;;;;;;;;;;;;;;;;;;;;;;;;;;;;;;;;;;;;;;;;;;;;;;;;
INST;R1;712;;;;;;;;;;;;;;;;;;;;;;;;;;;;;;;;;;;;;;;;;;;;;;;;;;;;;;;;;;;;;;;;;;;;;;;;;;;;;;;;;;;;;;;;;;;;;;;;;;;;;;;;;;;;;;;;;;;;;;;;;;;;;;;;;;;;;;;;;;;;
INST;R1;800;;;;;;;;;;;;;;;;;;;;;;;;;;;;;;;;;;;;;;;;;;;;;;;;;;;;;;;;;;;;;;;;;;;;;;;;;;;;;;;;;;;;;;;;;;;;;;;;;;;;;;;;;;;;;;;;;;;;;;;;;;;;;;;;;;;;;;;;;;;;
2;0;12;8;0;Inst_task;0;undefined;undefined;undefined;undefined;white;xpyriment;legacy;legacy;0;uniform;undefined;l;undefined;undefined;undefined;3;46;47;1;0;1;1;0;46;1;0;0;1;1;0;0;0;1;0;0;0;46;1;1;0;1;48;1;0;1;undefined;959;-40;05/19/21 14:39:51;The main experiment item;yes;;2. Instrumental.osexp;C:\Users\cncadmin\Desktop\Sara G\new task;no;mono;no;18;no;black;no;yes;768;legacy;16;16;1;1;0;C:/Users/cncadmin/Desktop/Sara G/DatiEEG/05mo2.csv;xpyriment;Kafkaesque Koffka;3.2.8;left;0;3;1;2;0;0;0;z;NA;1;1;1;16651;NA;55419;16651;11054;2;legacy;1024;2;48000;-16;experiment;5;odd;454722;646268;636355;451872;70559;NA;451874;3050;636355;78454;70559;102397;455511;438181;15139;85746;3583;455512;70563;102397;70559;636355;78454;455511;70563;455511;646268;451872;3050;451874;pit experiment;0;0;0;yes;1024
INST;R2;4842;;;;;;;;;;;;;;;;;;;;;;;;;;;;;;;;;;;;;;;;;;;;;;;;;;;;;;;;;;;;;;;;;;;;;;;;;;;;;;;;;;;;;;;;;;;;;;;;;;;;;;;;;;;;;;;;;;;;;;;;;;;;;;;;;;;;;;;;;;;;
INST;R2;744;;;;;;;;;;;;;;;;;;;;;;;;;;;;;;;;;;;;;;;;;;;;;;;;;;;;;;;;;;;;;;;;;;;;;;;;;;;;;;;;;;;;;;;;;;;;;;;;;;;;;;;;;;;;;;;;;;;;;;;;;;;;;;;;;;;;;;;;;;;;
INST;R2;776;;;;;;;;;;;;;;;;;;;;;;;;;;;;;;;;;;;;;;;;;;;;;;;;;;;;;;;;;;;;;;;;;;;;;;;;;;;;;;;;;;;;;;;;;;;;;;;;;;;;;;;;;;;;;;;;;;;;;;;;;;;;;;;;;;;;;;;;;;;;
2;0;12;9;0;Inst_task;0;undefined;undefined;undefined;undefined;white;xpyriment;legacy;legacy;0;uniform;undefined;l;undefined;undefined;undefined;3;47;48;1;0;1;1;0;47;1;0;0;1;1;0;0;0;1;0;0;0;47;1;1;0;1;49;1;0;1;undefined;959;-40;05/19/21 14:39:51;The main experiment item;yes;;2. Instrumental.osexp;C:\Users\cncadmin\Desktop\Sara G\new task;no;mono;no;18;no;black;no;yes;768;legacy;17;17;1;1;0;C:/Users/cncadmin/Desktop/Sara G/DatiEEG/05mo2.csv;xpyriment;Kafkaesque Koffka;3.2.8;left;0;0;0;0;3;2;1;m;NA;1;1;1;16651;NA;55419;16651;11054;2;legacy;1024;2;48000;-16;experiment;5;odd;454722;656362;646345;451872;70559;NA;451874;3050;646345;78454;70559;102397;455511;438181;15139;85746;3583;455512;70563;102397;70559;646345;78454;455511;70563;455511;656362;451872;3050;451874;pit experiment;0;0;0;yes;1024
INST;R2;4963;;;;;;;;;;;;;;;;;;;;;;;;;;;;;;;;;;;;;;;;;;;;;;;;;;;;;;;;;;;;;;;;;;;;;;;;;;;;;;;;;;;;;;;;;;;;;;;;;;;;;;;;;;;;;;;;;;;;;;;;;;;;;;;;;;;;;;;;;;;;
INST;R2;664;;;;;;;;;;;;;;;;;;;;;;;;;;;;;;;;;;;;;;;;;;;;;;;;;;;;;;;;;;;;;;;;;;;;;;;;;;;;;;;;;;;;;;;;;;;;;;;;;;;;;;;;;;;;;;;;;;;;;;;;;;;;;;;;;;;;;;;;;;;;
INST;R2;704;;;;;;;;;;;;;;;;;;;;;;;;;;;;;;;;;;;;;;;;;;;;;;;;;;;;;;;;;;;;;;;;;;;;;;;;;;;;;;;;;;;;;;;;;;;;;;;;;;;;;;;;;;;;;;;;;;;;;;;;;;;;;;;;;;;;;;;;;;;;
2;0;12;10;0;Inst_task;0;undefined;undefined;undefined;undefined;white;xpyriment;legacy;legacy;0;uniform;undefined;l;undefined;undefined;undefined;3;48;49;1;0;1;1;0;48;1;0;0;1;1;0;0;0;1;0;0;0;48;1;1;0;1;50;1;0;1;undefined;959;-40;05/19/21 14:39:51;The main experiment item;yes;;2. Instrumental.osexp;C:\Users\cncadmin\Desktop\Sara G\new task;no;mono;no;18;no;black;no;yes;768;legacy;18;18;1;1;0;C:/Users/cncadmin/Desktop/Sara G/DatiEEG/05mo2.csv;xpyriment;Kafkaesque Koffka;3.2.8;left;0;0;0;0;3;2;1;z;NA;1;1;1;16651;NA;55419;16651;11054;2;legacy;1024;2;48000;-16;experiment;5;odd;454722;666425;656430;451872;70559;NA;451874;3050;656430;78454;70559;102397;455511;438181;15139;85746;3583;455512;70563;102397;70559;656430;78454;455511;70563;455511;666425;451872;3050;451874;pit experiment;0;0;0;yes;1024
INST;R1;4706;;;;;;;;;;;;;;;;;;;;;;;;;;;;;;;;;;;;;;;;;;;;;;;;;;;;;;;;;;;;;;;;;;;;;;;;;;;;;;;;;;;;;;;;;;;;;;;;;;;;;;;;;;;;;;;;;;;;;;;;;;;;;;;;;;;;;;;;;;;;
INST;R1;704;;;;;;;;;;;;;;;;;;;;;;;;;;;;;;;;;;;;;;;;;;;;;;;;;;;;;;;;;;;;;;;;;;;;;;;;;;;;;;;;;;;;;;;;;;;;;;;;;;;;;;;;;;;;;;;;;;;;;;;;;;;;;;;;;;;;;;;;;;;;
INST;R1;784;;;;;;;;;;;;;;;;;;;;;;;;;;;;;;;;;;;;;;;;;;;;;;;;;;;;;;;;;;;;;;;;;;;;;;;;;;;;;;;;;;;;;;;;;;;;;;;;;;;;;;;;;;;;;;;;;;;;;;;;;;;;;;;;;;;;;;;;;;;;
INST;R1;624;;;;;;;;;;;;;;;;;;;;;;;;;;;;;;;;;;;;;;;;;;;;;;;;;;;;;;;;;;;;;;;;;;;;;;;;;;;;;;;;;;;;;;;;;;;;;;;;;;;;;;;;;;;;;;;;;;;;;;;;;;;;;;;;;;;;;;;;;;;;
2;0;13;10;0;Inst_task;0;undefined;undefined;undefined;undefined;white;xpyriment;legacy;legacy;0;uniform;undefined;l;undefined;undefined;undefined;3;49;50;1;0;1;1;0;49;1;0;0;1;1;0;0;0;1;0;0;0;49;1;1;0;1;51;1;0;1;undefined;959;-40;05/19/21 14:39:51;The main experiment item;yes;;2. Instrumental.osexp;C:\Users\cncadmin\Desktop\Sara G\new task;no;mono;no;18;no;black;no;yes;768;legacy;19;19;1;1;0;C:/Users/cncadmin/Desktop/Sara G/DatiEEG/05mo2.csv;xpyriment;Kafkaesque Koffka;3.2.8;left;0;4;3;1;0;0;0;z;NA;1;1;1;16651;NA;55419;16651;11054;2;legacy;1024;2;48000;-16;experiment;5;odd;454722;677922;666512;451872;70559;NA;451874;3050;666512;78454;70559;102397;455511;438181;15139;85746;3583;455512;70563;102397;70559;666512;78454;455511;70563;455511;677923;451872;3050;451874;pit experiment;0;0;0;yes;1024
INST;R2;4770;;;;;;;;;;;;;;;;;;;;;;;;;;;;;;;;;;;;;;;;;;;;;;;;;;;;;;;;;;;;;;;;;;;;;;;;;;;;;;;;;;;;;;;;;;;;;;;;;;;;;;;;;;;;;;;;;;;;;;;;;;;;;;;;;;;;;;;;;;;;
INST;R2;704;;;;;;;;;;;;;;;;;;;;;;;;;;;;;;;;;;;;;;;;;;;;;;;;;;;;;;;;;;;;;;;;;;;;;;;;;;;;;;;;;;;;;;;;;;;;;;;;;;;;;;;;;;;;;;;;;;;;;;;;;;;;;;;;;;;;;;;;;;;;
INST;R2;632;;;;;;;;;;;;;;;;;;;;;;;;;;;;;;;;;;;;;;;;;;;;;;;;;;;;;;;;;;;;;;;;;;;;;;;;;;;;;;;;;;;;;;;;;;;;;;;;;;;;;;;;;;;;;;;;;;;;;;;;;;;;;;;;;;;;;;;;;;;;
INST;R2;696;;;;;;;;;;;;;;;;;;;;;;;;;;;;;;;;;;;;;;;;;;;;;;;;;;;;;;;;;;;;;;;;;;;;;;;;;;;;;;;;;;;;;;;;;;;;;;;;;;;;;;;;;;;;;;;;;;;;;;;;;;;;;;;;;;;;;;;;;;;;
2;0;13;12;0;Inst_task;0;undefined;undefined;undefined;undefined;white;xpyriment;legacy;legacy;0;uniform;undefined;l;undefined;undefined;undefined;3;50;51;1;0;1;1;0;50;1;0;0;1;1;0;0;0;1;0;0;0;50;1;1;0;1;52;1;0;1;undefined;959;-40;05/19/21 14:39:51;The main experiment item;yes;;2. Instrumental.osexp;C:\Users\cncadmin\Desktop\Sara G\new task;no;mono;no;18;no;black;no;yes;768;legacy;20;20;1;1;0;C:/Users/cncadmin/Desktop/Sara G/DatiEEG/05mo2.csv;xpyriment;Kafkaesque Koffka;3.2.8;left;0;0;0;0;4;2;2;m;NA;1;1;1;16651;NA;55419;16651;11054;2;legacy;1024;2;48000;-16;experiment;5;odd;454722;689416;678001;451872;70559;NA;451874;3050;678001;78454;70559;102397;455511;438181;15139;85746;3583;455512;70563;102397;70559;678000;78454;455511;70563;455511;689416;451872;3050;451874;pit experiment;0;0;0;yes;1024
INST;R1;4821;;;;;;;;;;;;;;;;;;;;;;;;;;;;;;;;;;;;;;;;;;;;;;;;;;;;;;;;;;;;;;;;;;;;;;;;;;;;;;;;;;;;;;;;;;;;;;;;;;;;;;;;;;;;;;;;;;;;;;;;;;;;;;;;;;;;;;;;;;;;
INST;R1;624;;;;;;;;;;;;;;;;;;;;;;;;;;;;;;;;;;;;;;;;;;;;;;;;;;;;;;;;;;;;;;;;;;;;;;;;;;;;;;;;;;;;;;;;;;;;;;;;;;;;;;;;;;;;;;;;;;;;;;;;;;;;;;;;;;;;;;;;;;;;
INST;R1;696;;;;;;;;;;;;;;;;;;;;;;;;;;;;;;;;;;;;;;;;;;;;;;;;;;;;;;;;;;;;;;;;;;;;;;;;;;;;;;;;;;;;;;;;;;;;;;;;;;;;;;;;;;;;;;;;;;;;;;;;;;;;;;;;;;;;;;;;;;;;
INST;R1;697;;;;;;;;;;;;;;;;;;;;;;;;;;;;;;;;;;;;;;;;;;;;;;;;;;;;;;;;;;;;;;;;;;;;;;;;;;;;;;;;;;;;;;;;;;;;;;;;;;;;;;;;;;;;;;;;;;;;;;;;;;;;;;;;;;;;;;;;;;;;
2;0;15;12;0;Inst_task;0;undefined;undefined;undefined;undefined;white;xpyriment;legacy;legacy;0;uniform;undefined;l;undefined;undefined;undefined;3;51;52;1;0;1;1;0;51;1;0;0;1;1;0;0;0;1;0;0;0;51;1;1;0;1;53;1;0;1;undefined;959;-40;05/19/21 14:39:51;The main experiment item;yes;;2. Instrumental.osexp;C:\Users\cncadmin\Desktop\Sara G\new task;no;mono;no;18;no;black;no;yes;768;legacy;21;21;1;1;0;C:/Users/cncadmin/Desktop/Sara G/DatiEEG/05mo2.csv;xpyriment;Kafkaesque Koffka;3.2.8;left;0;4;2;2;0;0;0;m;NA;1;1;1;16651;NA;55419;16651;11054;2;legacy;1024;2;48000;-16;experiment;5;odd;454722;700933;689489;451872;70559;NA;451874;3050;689489;78454;70559;102397;455511;438181;15139;85746;3583;455512;70563;102397;70559;689488;78454;455511;70563;455511;700933;451872;3050;451874;pit experiment;0;0;0;yes;1024
INST;R1;4769;;;;;;;;;;;;;;;;;;;;;;;;;;;;;;;;;;;;;;;;;;;;;;;;;;;;;;;;;;;;;;;;;;;;;;;;;;;;;;;;;;;;;;;;;;;;;;;;;;;;;;;;;;;;;;;;;;;;;;;;;;;;;;;;;;;;;;;;;;;;
INST;R1;744;;;;;;;;;;;;;;;;;;;;;;;;;;;;;;;;;;;;;;;;;;;;;;;;;;;;;;;;;;;;;;;;;;;;;;;;;;;;;;;;;;;;;;;;;;;;;;;;;;;;;;;;;;;;;;;;;;;;;;;;;;;;;;;;;;;;;;;;;;;;
INST;R1;736;;;;;;;;;;;;;;;;;;;;;;;;;;;;;;;;;;;;;;;;;;;;;;;;;;;;;;;;;;;;;;;;;;;;;;;;;;;;;;;;;;;;;;;;;;;;;;;;;;;;;;;;;;;;;;;;;;;;;;;;;;;;;;;;;;;;;;;;;;;;
INST;R1;655;;;;;;;;;;;;;;;;;;;;;;;;;;;;;;;;;;;;;;;;;;;;;;;;;;;;;;;;;;;;;;;;;;;;;;;;;;;;;;;;;;;;;;;;;;;;;;;;;;;;;;;;;;;;;;;;;;;;;;;;;;;;;;;;;;;;;;;;;;;;
2;0;15;12;0;Inst_task;0;undefined;undefined;undefined;undefined;white;xpyriment;legacy;legacy;0;uniform;undefined;l;undefined;undefined;undefined;3;52;53;1;0;1;1;0;52;1;0;0;1;1;0;0;0;1;0;0;0;52;1;1;0;1;54;1;0;1;undefined;959;-40;05/19/21 14:39:51;The main experiment item;yes;;2. Instrumental.osexp;C:\Users\cncadmin\Desktop\Sara G\new task;no;mono;no;18;no;black;no;yes;768;legacy;22;22;1;1;0;C:/Users/cncadmin/Desktop/Sara G/DatiEEG/05mo2.csv;xpyriment;Kafkaesque Koffka;3.2.8;left;0;4;4;0;0;0;0;z;NA;1;1;1;16651;NA;55419;16651;11054;2;legacy;1024;2;48000;-16;experiment;5;odd;454722;712628;701012;451872;70559;NA;451874;3050;701012;78454;70559;102397;455511;438181;15139;85746;3583;455512;70563;102397;70559;701011;78454;455511;70563;455511;712629;451872;3050;451874;pit experiment;0;0;0;yes;1024
INST;R2;4815;;;;;;;;;;;;;;;;;;;;;;;;;;;;;;;;;;;;;;;;;;;;;;;;;;;;;;;;;;;;;;;;;;;;;;;;;;;;;;;;;;;;;;;;;;;;;;;;;;;;;;;;;;;;;;;;;;;;;;;;;;;;;;;;;;;;;;;;;;;;
INST;R2;672;;;;;;;;;;;;;;;;;;;;;;;;;;;;;;;;;;;;;;;;;;;;;;;;;;;;;;;;;;;;;;;;;;;;;;;;;;;;;;;;;;;;;;;;;;;;;;;;;;;;;;;;;;;;;;;;;;;;;;;;;;;;;;;;;;;;;;;;;;;;
INST;R2;632;;;;;;;;;;;;;;;;;;;;;;;;;;;;;;;;;;;;;;;;;;;;;;;;;;;;;;;;;;;;;;;;;;;;;;;;;;;;;;;;;;;;;;;;;;;;;;;;;;;;;;;;;;;;;;;;;;;;;;;;;;;;;;;;;;;;;;;;;;;;
2;0;15;13;0;Inst_task;0;undefined;undefined;undefined;undefined;white;xpyriment;legacy;legacy;0;uniform;undefined;l;undefined;undefined;undefined;3;53;54;1;0;1;1;0;53;1;0;0;1;1;0;0;0;1;0;0;0;53;1;1;0;1;55;1;0;1;undefined;959;-40;05/19/21 14:39:51;The main experiment item;yes;;2. Instrumental.osexp;C:\Users\cncadmin\Desktop\Sara G\new task;no;mono;no;18;no;black;no;yes;768;legacy;23;23;1;1;0;C:/Users/cncadmin/Desktop/Sara G/DatiEEG/05mo2.csv;xpyriment;Kafkaesque Koffka;3.2.8;left;0;0;0;0;3;2;1;z;NA;1;1;1;16651;NA;55419;16651;11054;2;legacy;1024;2;48000;-16;experiment;5;odd;454722;722686;712724;451872;70559;NA;451874;3050;712724;78454;70559;102397;455511;438181;15139;85746;3583;455512;70563;102397;70559;712724;78454;455511;70563;455511;722686;451872;3050;451874;pit experiment;0;0;0;yes;1024
INST;R2;4702;;;;;;;;;;;;;;;;;;;;;;;;;;;;;;;;;;;;;;;;;;;;;;;;;;;;;;;;;;;;;;;;;;;;;;;;;;;;;;;;;;;;;;;;;;;;;;;;;;;;;;;;;;;;;;;;;;;;;;;;;;;;;;;;;;;;;;;;;;;;
INST;R2;672;;;;;;;;;;;;;;;;;;;;;;;;;;;;;;;;;;;;;;;;;;;;;;;;;;;;;;;;;;;;;;;;;;;;;;;;;;;;;;;;;;;;;;;;;;;;;;;;;;;;;;;;;;;;;;;;;;;;;;;;;;;;;;;;;;;;;;;;;;;;
INST;R2;648;;;;;;;;;;;;;;;;;;;;;;;;;;;;;;;;;;;;;;;;;;;;;;;;;;;;;;;;;;;;;;;;;;;;;;;;;;;;;;;;;;;;;;;;;;;;;;;;;;;;;;;;;;;;;;;;;;;;;;;;;;;;;;;;;;;;;;;;;;;;
INST;R2;656;;;;;;;;;;;;;;;;;;;;;;;;;;;;;;;;;;;;;;;;;;;;;;;;;;;;;;;;;;;;;;;;;;;;;;;;;;;;;;;;;;;;;;;;;;;;;;;;;;;;;;;;;;;;;;;;;;;;;;;;;;;;;;;;;;;;;;;;;;;;
2;0;15;14;0;Inst_task;0;undefined;undefined;undefined;undefined;white;xpyriment;legacy;legacy;0;uniform;undefined;l;undefined;undefined;undefined;3;54;55;1;0;1;1;0;54;1;0;0;1;1;0;0;0;1;0;0;0;54;1;1;0;1;56;1;0;1;undefined;959;-40;05/19/21 14:39:51;The main experiment item;yes;;2. Instrumental.osexp;C:\Users\cncadmin\Desktop\Sara G\new task;no;mono;no;18;no;black;no;yes;768;legacy;24;24;1;1;0;C:/Users/cncadmin/Desktop/Sara G/DatiEEG/05mo2.csv;xpyriment;Kafkaesque Koffka;3.2.8;left;0;0;0;0;4;3;1;m;NA;1;1;1;16651;NA;55419;16651;11054;2;legacy;1024;2;48000;-16;experiment;5;odd;454722;734090;722764;451872;70559;NA;451874;3050;722764;78454;70559;102397;455511;438181;15139;85746;3583;455512;70563;102397;70559;722764;78454;455511;70563;455511;734090;451872;3050;451874;pit experiment;0;0;0;yes;1024
INST;R1;4803;;;;;;;;;;;;;;;;;;;;;;;;;;;;;;;;;;;;;;;;;;;;;;;;;;;;;;;;;;;;;;;;;;;;;;;;;;;;;;;;;;;;;;;;;;;;;;;;;;;;;;;;;;;;;;;;;;;;;;;;;;;;;;;;;;;;;;;;;;;;
INST;R1;728;;;;;;;;;;;;;;;;;;;;;;;;;;;;;;;;;;;;;;;;;;;;;;;;;;;;;;;;;;;;;;;;;;;;;;;;;;;;;;;;;;;;;;;;;;;;;;;;;;;;;;;;;;;;;;;;;;;;;;;;;;;;;;;;;;;;;;;;;;;;
INST;R1;719;;;;;;;;;;;;;;;;;;;;;;;;;;;;;;;;;;;;;;;;;;;;;;;;;;;;;;;;;;;;;;;;;;;;;;;;;;;;;;;;;;;;;;;;;;;;;;;;;;;;;;;;;;;;;;;;;;;;;;;;;;;;;;;;;;;;;;;;;;;;
INST;R1;648;;;;;;;;;;;;;;;;;;;;;;;;;;;;;;;;;;;;;;;;;;;;;;;;;;;;;;;;;;;;;;;;;;;;;;;;;;;;;;;;;;;;;;;;;;;;;;;;;;;;;;;;;;;;;;;;;;;;;;;;;;;;;;;;;;;;;;;;;;;;
2;0;18;14;0;Inst_task;0;undefined;undefined;undefined;undefined;white;xpyriment;legacy;legacy;0;uniform;undefined;l;undefined;undefined;undefined;3;55;56;1;0;1;1;0;55;1;0;0;1;1;0;0;0;1;0;0;0;55;1;1;0;1;57;1;0;1;undefined;959;-40;05/19/21 14:39:51;The main experiment item;yes;;2. Instrumental.osexp;C:\Users\cncadmin\Desktop\Sara G\new task;no;mono;no;18;no;black;no;yes;768;legacy;25;25;1;1;0;C:/Users/cncadmin/Desktop/Sara G/DatiEEG/05mo2.csv;xpyriment;Kafkaesque Koffka;3.2.8;left;0;4;1;3;0;0;0;m;NA;1;1;1;16651;NA;55419;16651;11054;2;legacy;1024;2;48000;-16;experiment;5;odd;454722;745655;734167;451872;70559;NA;451874;3050;734167;78454;70559;102397;455511;438181;15139;85746;3583;455512;70563;102397;70559;734167;78454;455511;70563;455511;745655;451872;3050;451874;pit experiment;0;0;0;yes;1024
INST;R1;4267;;;;;;;;;;;;;;;;;;;;;;;;;;;;;;;;;;;;;;;;;;;;;;;;;;;;;;;;;;;;;;;;;;;;;;;;;;;;;;;;;;;;;;;;;;;;;;;;;;;;;;;;;;;;;;;;;;;;;;;;;;;;;;;;;;;;;;;;;;;;
INST;R1;633;;;;;;;;;;;;;;;;;;;;;;;;;;;;;;;;;;;;;;;;;;;;;;;;;;;;;;;;;;;;;;;;;;;;;;;;;;;;;;;;;;;;;;;;;;;;;;;;;;;;;;;;;;;;;;;;;;;;;;;;;;;;;;;;;;;;;;;;;;;;
INST;R1;680;;;;;;;;;;;;;;;;;;;;;;;;;;;;;;;;;;;;;;;;;;;;;;;;;;;;;;;;;;;;;;;;;;;;;;;;;;;;;;;;;;;;;;;;;;;;;;;;;;;;;;;;;;;;;;;;;;;;;;;;;;;;;;;;;;;;;;;;;;;;
INST;R1;664;;;;;;;;;;;;;;;;;;;;;;;;;;;;;;;;;;;;;;;;;;;;;;;;;;;;;;;;;;;;;;;;;;;;;;;;;;;;;;;;;;;;;;;;;;;;;;;;;;;;;;;;;;;;;;;;;;;;;;;;;;;;;;;;;;;;;;;;;;;;
2;0;18;14;0;Inst_task;0;undefined;undefined;undefined;undefined;white;xpyriment;legacy;legacy;0;uniform;undefined;l;undefined;undefined;undefined;3;56;57;1;0;1;1;0;56;1;0;0;1;1;0;0;0;1;0;0;0;56;1;1;0;1;58;1;0;1;undefined;959;-40;05/19/21 14:39:51;The main experiment item;yes;;2. Instrumental.osexp;C:\Users\cncadmin\Desktop\Sara G\new task;no;mono;no;18;no;black;no;yes;768;legacy;26;26;1;1;0;C:/Users/cncadmin/Desktop/Sara G/DatiEEG/05mo2.csv;xpyriment;Kafkaesque Koffka;3.2.8;left;0;4;4;0;0;0;0;z;NA;1;1;1;16651;NA;55419;16651;11054;2;legacy;1024;2;48000;-16;experiment;5;odd;454722;756708;745752;451872;70559;NA;451874;3050;745752;78454;70559;102397;455511;438181;15139;85746;3583;455512;70563;102397;70559;745752;78454;455511;70563;455511;756708;451872;3050;451874;pit experiment;0;0;0;yes;1024
INST;R2;4498;;;;;;;;;;;;;;;;;;;;;;;;;;;;;;;;;;;;;;;;;;;;;;;;;;;;;;;;;;;;;;;;;;;;;;;;;;;;;;;;;;;;;;;;;;;;;;;;;;;;;;;;;;;;;;;;;;;;;;;;;;;;;;;;;;;;;;;;;;;;
INST;R2;680;;;;;;;;;;;;;;;;;;;;;;;;;;;;;;;;;;;;;;;;;;;;;;;;;;;;;;;;;;;;;;;;;;;;;;;;;;;;;;;;;;;;;;;;;;;;;;;;;;;;;;;;;;;;;;;;;;;;;;;;;;;;;;;;;;;;;;;;;;;;
INST;R2;784;;;;;;;;;;;;;;;;;;;;;;;;;;;;;;;;;;;;;;;;;;;;;;;;;;;;;;;;;;;;;;;;;;;;;;;;;;;;;;;;;;;;;;;;;;;;;;;;;;;;;;;;;;;;;;;;;;;;;;;;;;;;;;;;;;;;;;;;;;;;
INST;R2;640;;;;;;;;;;;;;;;;;;;;;;;;;;;;;;;;;;;;;;;;;;;;;;;;;;;;;;;;;;;;;;;;;;;;;;;;;;;;;;;;;;;;;;;;;;;;;;;;;;;;;;;;;;;;;;;;;;;;;;;;;;;;;;;;;;;;;;;;;;;;
2;0;18;14;0;Inst_task;0;undefined;undefined;undefined;undefined;white;xpyriment;legacy;legacy;0;uniform;undefined;l;undefined;undefined;undefined;3;57;58;1;0;1;1;0;57;1;0;0;1;1;0;0;0;1;0;0;0;57;1;1;0;1;59;1;0;1;undefined;959;-40;05/19/21 14:39:51;The main experiment item;yes;;2. Instrumental.osexp;C:\Users\cncadmin\Desktop\Sara G\new task;no;mono;no;18;no;black;no;yes;768;legacy;27;27;1;1;0;C:/Users/cncadmin/Desktop/Sara G/DatiEEG/05mo2.csv;xpyriment;Kafkaesque Koffka;3.2.8;left;0;0;0;0;4;4;0;z;NA;1;1;1;16651;NA;55419;16651;11054;2;legacy;1024;2;48000;-16;experiment;5;odd;454722;767987;756786;451872;70559;NA;451874;3050;756786;78454;70559;102397;455511;438181;15139;85746;3583;455512;70563;102397;70559;756786;78454;455511;70563;455511;767988;451872;3050;451874;pit experiment;0;0;0;yes;1024
INST;R2;4655;;;;;;;;;;;;;;;;;;;;;;;;;;;;;;;;;;;;;;;;;;;;;;;;;;;;;;;;;;;;;;;;;;;;;;;;;;;;;;;;;;;;;;;;;;;;;;;;;;;;;;;;;;;;;;;;;;;;;;;;;;;;;;;;;;;;;;;;;;;;
INST;R2;704;;;;;;;;;;;;;;;;;;;;;;;;;;;;;;;;;;;;;;;;;;;;;;;;;;;;;;;;;;;;;;;;;;;;;;;;;;;;;;;;;;;;;;;;;;;;;;;;;;;;;;;;;;;;;;;;;;;;;;;;;;;;;;;;;;;;;;;;;;;;
INST;R2;688;;;;;;;;;;;;;;;;;;;;;;;;;;;;;;;;;;;;;;;;;;;;;;;;;;;;;;;;;;;;;;;;;;;;;;;;;;;;;;;;;;;;;;;;;;;;;;;;;;;;;;;;;;;;;;;;;;;;;;;;;;;;;;;;;;;;;;;;;;;;
INST;R2;680;;;;;;;;;;;;;;;;;;;;;;;;;;;;;;;;;;;;;;;;;;;;;;;;;;;;;;;;;;;;;;;;;;;;;;;;;;;;;;;;;;;;;;;;;;;;;;;;;;;;;;;;;;;;;;;;;;;;;;;;;;;;;;;;;;;;;;;;;;;;
2;0;18;14;0;Inst_task;0;undefined;undefined;undefined;undefined;white;xpyriment;legacy;legacy;0;uniform;undefined;l;undefined;undefined;undefined;3;58;59;1;0;1;1;0;58;1;0;0;1;1;0;0;0;1;0;0;0;58;1;1;0;1;60;1;0;1;undefined;959;-40;05/19/21 14:39:51;The main experiment item;yes;;2. Instrumental.osexp;C:\Users\cncadmin\Desktop\Sara G\new task;no;mono;no;18;no;black;no;yes;768;legacy;28;28;1;1;0;C:/Users/cncadmin/Desktop/Sara G/DatiEEG/05mo2.csv;xpyriment;Kafkaesque Koffka;3.2.8;left;0;0;0;0;4;4;0;m;NA;1;1;1;16651;NA;55419;16651;11054;2;legacy;1024;2;48000;-16;experiment;5;odd;454722;779435;768076;451872;70559;NA;451874;3050;768076;78454;70559;102397;455511;438181;15139;85746;3583;455512;70563;102397;70559;768076;78454;455511;70563;455511;779435;451872;3050;451874;pit experiment;0;0;0;yes;1024
INST;R1;4764;;;;;;;;;;;;;;;;;;;;;;;;;;;;;;;;;;;;;;;;;;;;;;;;;;;;;;;;;;;;;;;;;;;;;;;;;;;;;;;;;;;;;;;;;;;;;;;;;;;;;;;;;;;;;;;;;;;;;;;;;;;;;;;;;;;;;;;;;;;;
INST;R1;649;;;;;;;;;;;;;;;;;;;;;;;;;;;;;;;;;;;;;;;;;;;;;;;;;;;;;;;;;;;;;;;;;;;;;;;;;;;;;;;;;;;;;;;;;;;;;;;;;;;;;;;;;;;;;;;;;;;;;;;;;;;;;;;;;;;;;;;;;;;;
INST;R1;679;;;;;;;;;;;;;;;;;;;;;;;;;;;;;;;;;;;;;;;;;;;;;;;;;;;;;;;;;;;;;;;;;;;;;;;;;;;;;;;;;;;;;;;;;;;;;;;;;;;;;;;;;;;;;;;;;;;;;;;;;;;;;;;;;;;;;;;;;;;;
INST;R1;632;;;;;;;;;;;;;;;;;;;;;;;;;;;;;;;;;;;;;;;;;;;;;;;;;;;;;;;;;;;;;;;;;;;;;;;;;;;;;;;;;;;;;;;;;;;;;;;;;;;;;;;;;;;;;;;;;;;;;;;;;;;;;;;;;;;;;;;;;;;;
2;0;21;14;0;Inst_task;0;undefined;undefined;undefined;undefined;white;xpyriment;legacy;legacy;0;uniform;undefined;l;undefined;undefined;undefined;3;59;60;1;0;1;1;0;59;1;0;0;1;1;0;0;0;1;0;0;0;59;1;1;0;1;61;1;0;1;undefined;959;-40;05/19/21 14:39:51;The main experiment item;yes;;2. Instrumental.osexp;C:\Users\cncadmin\Desktop\Sara G\new task;no;mono;no;18;no;black;no;yes;768;legacy;29;29;1;1;0;C:/Users/cncadmin/Desktop/Sara G/DatiEEG/05mo2.csv;xpyriment;Kafkaesque Koffka;3.2.8;left;0;4;1;3;0;0;0;m;NA;1;1;1;16651;NA;55419;16651;11054;2;legacy;1024;2;48000;-16;experiment;5;odd;454722;790866;779515;451872;70559;NA;451874;3050;779515;78454;70559;102397;455511;438181;15139;85746;3583;455512;70563;102397;70559;779515;78454;455511;70563;455511;790866;451872;3050;451874;pit experiment;0;0;0;yes;1024
INST;R2;4369;;;;;;;;;;;;;;;;;;;;;;;;;;;;;;;;;;;;;;;;;;;;;;;;;;;;;;;;;;;;;;;;;;;;;;;;;;;;;;;;;;;;;;;;;;;;;;;;;;;;;;;;;;;;;;;;;;;;;;;;;;;;;;;;;;;;;;;;;;;;
INST;R2;704;;;;;;;;;;;;;;;;;;;;;;;;;;;;;;;;;;;;;;;;;;;;;;;;;;;;;;;;;;;;;;;;;;;;;;;;;;;;;;;;;;;;;;;;;;;;;;;;;;;;;;;;;;;;;;;;;;;;;;;;;;;;;;;;;;;;;;;;;;;;
INST;R2;704;;;;;;;;;;;;;;;;;;;;;;;;;;;;;;;;;;;;;;;;;;;;;;;;;;;;;;;;;;;;;;;;;;;;;;;;;;;;;;;;;;;;;;;;;;;;;;;;;;;;;;;;;;;;;;;;;;;;;;;;;;;;;;;;;;;;;;;;;;;;
INST;R2;624;;;;;;;;;;;;;;;;;;;;;;;;;;;;;;;;;;;;;;;;;;;;;;;;;;;;;;;;;;;;;;;;;;;;;;;;;;;;;;;;;;;;;;;;;;;;;;;;;;;;;;;;;;;;;;;;;;;;;;;;;;;;;;;;;;;;;;;;;;;;
2;0;21;15;0;Inst_task;0;undefined;undefined;undefined;undefined;white;xpyriment;legacy;legacy;0;uniform;undefined;l;undefined;undefined;undefined;3;60;61;1;0;1;1;0;60;1;0;0;1;1;0;0;0;1;0;0;0;60;1;1;0;1;62;1;0;1;undefined;959;-40;05/19/21 14:39:51;The main experiment item;yes;;2. Instrumental.osexp;C:\Users\cncadmin\Desktop\Sara G\new task;no;mono;no;18;no;black;no;yes;768;legacy;30;30;1;1;0;C:/Users/cncadmin/Desktop/Sara G/DatiEEG/05mo2.csv;xpyriment;Kafkaesque Koffka;3.2.8;left;0;0;0;0;4;3;1;z;NA;1;1;1;16651;NA;55419;16651;11054;2;legacy;1024;2;48000;-16;experiment;5;odd;454722;801985;790951;451872;70559;NA;451874;3050;790951;78454;70559;102397;455511;438181;15139;85746;3583;455512;70563;102397;70559;790951;78454;455511;70563;455511;801985;451872;3050;451874;pit experiment;0;0;0;yes;1024
3;0;21;15;0;Inst_question;0;undefined;undefined;undefined;undefined;white;xpyriment;legacy;legacy;0;uniform;undefined;l;undefined;undefined;undefined;4;60;61;2;0;1;2;0;60;1;0;0;1;1;0;0;0;1;0;0;0;60;1;1;0;1;63;2;0;2;undefined;959;-40;05/19/21 14:39:51;The main experiment item;yes;;2. Instrumental.osexp;C:\Users\cncadmin\Desktop\Sara G\new task;no;mono;no;18;no;black;no;yes;768;legacy;0;31;1;1;0;C:/Users/cncadmin/Desktop/Sara G/DatiEEG/05mo2.csv;xpyriment;Kafkaesque Koffka;3.2.8;left;0;0;0;0;4;3;1;l;NA;1;1;1;16651;NA;55419;16651;11054;2;legacy;1024;2;48000;-16;experiment;5;odd;811767;801985;790951;802616;70559;NA;802618;3050;790951;78454;70559;102397;455511;802072;15139;85746;3583;455512;70563;102397;70559;790951;78454;455511;70563;455511;812267;802616;3050;802618;pit experiment;0;0;0;yes;1024
4;0;21;15;0;Inst_question;0;undefined;undefined;undefined;undefined;white;xpyriment;legacy;legacy;0;uniform;undefined;a;undefined;undefined;undefined;5;60;61;3;0;1;3;0;60;1;0;0;1;1;0;0;0;1;0;0;0;60;1;1;0;1;64;3;0;3;undefined;959;-40;05/19/21 14:39:51;The main experiment item;yes;;2. Instrumental.osexp;C:\Users\cncadmin\Desktop\Sara G\new task;no;mono;no;18;no;black;no;yes;768;legacy;1;31;1;1;0;C:/Users/cncadmin/Desktop/Sara G/DatiEEG/05mo2.csv;xpyriment;Kafkaesque Koffka;3.2.8;right;0;0;0;0;4;3;1;a;NA;1;1;1;16651;NA;55419;16651;11054;2;legacy;1024;2;48000;-16;experiment;5;odd;815071;801985;790951;812901;70559;NA;812903;3050;790951;78454;70559;102397;455511;802072;15139;85746;3583;455512;70563;102397;70559;790951;78454;455511;70563;455511;815571;812901;3050;812903;pit experiment;0;0;0;yes;1024
