INST;R2;665;;;;;;;;;;;;;;;;;;;;;;;;;;;;;;;;;;;;;;;;;;;;;;;;;;;;;;;;;;;;;;;;;;;;;;;;;;;;;;;;;;;;;;;;;;;;;;;;;;;;;;;;;;;;;;;;;;;;;;;;;;;;;;;;;;;;;;;;;;;;
INST;R2;999;;;;;;;;;;;;;;;;;;;;;;;;;;;;;;;;;;;;;;;;;;;;;;;;;;;;;;;;;;;;;;;;;;;;;;;;;;;;;;;;;;;;;;;;;;;;;;;;;;;;;;;;;;;;;;;;;;;;;;;;;;;;;;;;;;;;;;;;;;;;
INST;R2;1008;;;;;;;;;;;;;;;;;;;;;;;;;;;;;;;;;;;;;;;;;;;;;;;;;;;;;;;;;;;;;;;;;;;;;;;;;;;;;;;;;;;;;;;;;;;;;;;;;;;;;;;;;;;;;;;;;;;;;;;;;;;;;;;;;;;;;;;;;;;;
CorrRes;ITI;Res01rewCum;Res02rewCum;ResTotal;TASK;Wrong;acc;accuracy;average_response_time;avg_rt;background;canvas_backend;clock_backend;color_backend;compensation;coordinates;correct;correctAnswer;correct_instructions_inst;correct_instructions_inst_2;correct_instructions_start;count_ITI_questions;count_count_rewards;count_define_task_1;count_define_task_2;count_empty;count_end;count_evaluate_answer;count_experiment;count_inline_instrumental;count_inline_instrumental_1;count_inline_variabili;count_inline_variabili_ins_1;count_inline_variabili_ins_2;count_inst_questions;count_instructions_inst;count_instructions_inst_2;count_instructions_start;count_instrumental_loop;count_instrumental_loop_1;count_instrumental_loop_complete;count_instrumental_practice;count_instrumental_sequence;count_instrumental_sequence_2;count_instrumental_sequence_complete;count_instrumental_sequence_complete_1;count_learning_criteria;count_logger;count_new_sequence_1;count_open_triggerEEG;count_question_1;cursor_roi;cursor_x;cursor_y;datetime;description;disable_garbage_collection;empty_column;experiment_file;experiment_path;font_bold;font_family;font_italic;font_size;font_underline;foreground;form_clicks;fullscreen;height;keyboard_backend;live_row;live_row_instrumental_loop;live_row_instrumental_loop_1;live_row_instrumental_loop_complete;live_row_instrumental_practice;logfile;mouse_backend;opensesame_codename;opensesame_version;question;repeat_cycle;resO1;resO1nul;resO1reward;resO2;resO2nul;resO2reward;response;response_end;response_instructions_inst;response_instructions_inst_2;response_instructions_start;response_time;response_time_end;response_time_instructions_inst;response_time_instructions_inst_2;response_time_instructions_start;round_decimals;sampler_backend;sound_buf_size;sound_channels;sound_freq;sound_sample_size;start;subject_nr;subject_parity;time_ITI_questions;time_count_rewards;time_define_task_1;time_define_task_2;time_empty;time_end;time_evaluate_answer;time_experiment;time_inline_instrumental;time_inline_instrumental_1;time_inline_variabili;time_inline_variabili_ins_1;time_inline_variabili_ins_2;time_inst_questions;time_instructions_inst;time_instructions_inst_2;time_instructions_start;time_instrumental_loop;time_instrumental_loop_1;time_instrumental_loop_complete;time_instrumental_practice;time_instrumental_sequence;time_instrumental_sequence_2;time_instrumental_sequence_complete;time_instrumental_sequence_complete_1;time_learning_criteria;time_logger;time_new_sequence_1;time_open_triggerEEG;time_question_1;title;total_correct;total_response_time;total_responses;uniform_coordinates;width
0;0;0;1;0;Inst_task;0;undefined;undefined;undefined;undefined;white;xpyriment;legacy;legacy;0;uniform;undefined;NA;undefined;undefined;undefined;1;0;1;NA;0;0;NA;0;0;1;0;0;0;0;0;0;0;0;0;0;0;0;1;0;0;0;0;NA;0;NA;undefined;1;0;06/15/21 15:59:40;The main experiment item;yes;;2. Instrumental.osexp;C:\Users\cncadmin\Desktop\Sara G\new task;no;mono;no;18;no;black;no;yes;768;legacy;0;0;1;0;0;C:/Users/cncadmin/Desktop/Sara G/DatiEEG/13ls2.csv;xpyriment;Kafkaesque Koffka;3.2.8;NA;0;0;0;0;3;2;1;z;NA;1;1;1;16093;NA;72449;16093;3703;2;legacy;1024;2;48000;-16;experiment;13;odd;7489;128846;118577;NA;80441;NA;NA;3253;118577;92051;80441;118359;118552;NA;7990;102266;3785;118553;80444;118359;80441;118577;92051;118552;80444;118552;128847;NA;3253;NA;pit experiment;0;0;0;yes;1024
INST;R1;675;;;;;;;;;;;;;;;;;;;;;;;;;;;;;;;;;;;;;;;;;;;;;;;;;;;;;;;;;;;;;;;;;;;;;;;;;;;;;;;;;;;;;;;;;;;;;;;;;;;;;;;;;;;;;;;;;;;;;;;;;;;;;;;;;;;;;;;;;;;;
INST;R1;832;;;;;;;;;;;;;;;;;;;;;;;;;;;;;;;;;;;;;;;;;;;;;;;;;;;;;;;;;;;;;;;;;;;;;;;;;;;;;;;;;;;;;;;;;;;;;;;;;;;;;;;;;;;;;;;;;;;;;;;;;;;;;;;;;;;;;;;;;;;;
INST;R1;624;;;;;;;;;;;;;;;;;;;;;;;;;;;;;;;;;;;;;;;;;;;;;;;;;;;;;;;;;;;;;;;;;;;;;;;;;;;;;;;;;;;;;;;;;;;;;;;;;;;;;;;;;;;;;;;;;;;;;;;;;;;;;;;;;;;;;;;;;;;;
INST;R1;673;;;;;;;;;;;;;;;;;;;;;;;;;;;;;;;;;;;;;;;;;;;;;;;;;;;;;;;;;;;;;;;;;;;;;;;;;;;;;;;;;;;;;;;;;;;;;;;;;;;;;;;;;;;;;;;;;;;;;;;;;;;;;;;;;;;;;;;;;;;;
0;0;0;1;0;Inst_task;0;undefined;undefined;undefined;undefined;white;xpyriment;legacy;legacy;0;uniform;undefined;NA;undefined;undefined;undefined;1;1;2;NA;0;0;NA;0;1;1;0;0;0;0;0;0;0;0;0;0;0;1;1;0;0;0;1;NA;0;NA;undefined;1;0;06/15/21 15:59:40;The main experiment item;yes;;2. Instrumental.osexp;C:\Users\cncadmin\Desktop\Sara G\new task;no;mono;no;18;no;black;no;yes;768;legacy;1;1;1;0;0;C:/Users/cncadmin/Desktop/Sara G/DatiEEG/13ls2.csv;xpyriment;Kafkaesque Koffka;3.2.8;NA;0;4;4;0;0;0;0;m;NA;1;1;1;16093;NA;72449;16093;3703;2;legacy;1024;2;48000;-16;experiment;13;odd;7489;140737;128999;NA;80441;NA;NA;3253;128999;92051;80441;118359;118552;NA;7990;102266;3785;118553;80444;118359;80441;128999;92051;118552;80444;118552;140738;NA;3253;NA;pit experiment;0;0;0;yes;1024
INST;R1;644;;;;;;;;;;;;;;;;;;;;;;;;;;;;;;;;;;;;;;;;;;;;;;;;;;;;;;;;;;;;;;;;;;;;;;;;;;;;;;;;;;;;;;;;;;;;;;;;;;;;;;;;;;;;;;;;;;;;;;;;;;;;;;;;;;;;;;;;;;;;
INST;R1;632;;;;;;;;;;;;;;;;;;;;;;;;;;;;;;;;;;;;;;;;;;;;;;;;;;;;;;;;;;;;;;;;;;;;;;;;;;;;;;;;;;;;;;;;;;;;;;;;;;;;;;;;;;;;;;;;;;;;;;;;;;;;;;;;;;;;;;;;;;;;
INST;R1;864;;;;;;;;;;;;;;;;;;;;;;;;;;;;;;;;;;;;;;;;;;;;;;;;;;;;;;;;;;;;;;;;;;;;;;;;;;;;;;;;;;;;;;;;;;;;;;;;;;;;;;;;;;;;;;;;;;;;;;;;;;;;;;;;;;;;;;;;;;;;
INST;R1;768;;;;;;;;;;;;;;;;;;;;;;;;;;;;;;;;;;;;;;;;;;;;;;;;;;;;;;;;;;;;;;;;;;;;;;;;;;;;;;;;;;;;;;;;;;;;;;;;;;;;;;;;;;;;;;;;;;;;;;;;;;;;;;;;;;;;;;;;;;;;
0;0;1;1;0;Inst_task;0;undefined;undefined;undefined;undefined;white;xpyriment;legacy;legacy;0;uniform;undefined;NA;undefined;undefined;undefined;1;2;3;NA;0;0;NA;0;2;1;0;0;0;0;0;0;0;0;0;0;0;2;1;0;0;0;2;NA;0;NA;undefined;1;0;06/15/21 15:59:40;The main experiment item;yes;;2. Instrumental.osexp;C:\Users\cncadmin\Desktop\Sara G\new task;no;mono;no;18;no;black;no;yes;768;legacy;2;2;1;0;0;C:/Users/cncadmin/Desktop/Sara G/DatiEEG/13ls2.csv;xpyriment;Kafkaesque Koffka;3.2.8;NA;0;4;3;1;0;0;0;z;NA;1;1;1;16093;NA;72449;16093;3703;2;legacy;1024;2;48000;-16;experiment;13;odd;7489;152575;140857;NA;80441;NA;NA;3253;140857;92051;80441;118359;118552;NA;7990;102266;3785;118553;80444;118359;80441;140857;92051;118552;80444;118552;152575;NA;3253;NA;pit experiment;0;0;0;yes;1024
INST;R2;663;;;;;;;;;;;;;;;;;;;;;;;;;;;;;;;;;;;;;;;;;;;;;;;;;;;;;;;;;;;;;;;;;;;;;;;;;;;;;;;;;;;;;;;;;;;;;;;;;;;;;;;;;;;;;;;;;;;;;;;;;;;;;;;;;;;;;;;;;;;;
INST;R2;728;;;;;;;;;;;;;;;;;;;;;;;;;;;;;;;;;;;;;;;;;;;;;;;;;;;;;;;;;;;;;;;;;;;;;;;;;;;;;;;;;;;;;;;;;;;;;;;;;;;;;;;;;;;;;;;;;;;;;;;;;;;;;;;;;;;;;;;;;;;;
INST;R2;648;;;;;;;;;;;;;;;;;;;;;;;;;;;;;;;;;;;;;;;;;;;;;;;;;;;;;;;;;;;;;;;;;;;;;;;;;;;;;;;;;;;;;;;;;;;;;;;;;;;;;;;;;;;;;;;;;;;;;;;;;;;;;;;;;;;;;;;;;;;;
INST;R2;656;;;;;;;;;;;;;;;;;;;;;;;;;;;;;;;;;;;;;;;;;;;;;;;;;;;;;;;;;;;;;;;;;;;;;;;;;;;;;;;;;;;;;;;;;;;;;;;;;;;;;;;;;;;;;;;;;;;;;;;;;;;;;;;;;;;;;;;;;;;;
0;0;1;2;0;Inst_task;0;undefined;undefined;undefined;undefined;white;xpyriment;legacy;legacy;0;uniform;undefined;NA;undefined;undefined;undefined;1;3;4;NA;0;0;NA;0;3;1;0;0;0;0;0;0;0;0;0;0;0;3;1;0;0;0;3;NA;0;NA;undefined;1;0;06/15/21 15:59:40;The main experiment item;yes;;2. Instrumental.osexp;C:\Users\cncadmin\Desktop\Sara G\new task;no;mono;no;18;no;black;no;yes;768;legacy;3;3;1;0;0;C:/Users/cncadmin/Desktop/Sara G/DatiEEG/13ls2.csv;xpyriment;Kafkaesque Koffka;3.2.8;NA;0;0;0;0;4;3;1;m;NA;1;1;1;16093;NA;72449;16093;3703;2;legacy;1024;2;48000;-16;experiment;13;odd;7489;163793;152649;NA;80441;NA;NA;3253;152649;92051;80441;118359;118552;NA;7990;102266;3785;118553;80444;118359;80441;152649;92051;118552;80444;118552;163794;NA;3253;NA;pit experiment;0;0;0;yes;1024
INST;R2;566;;;;;;;;;;;;;;;;;;;;;;;;;;;;;;;;;;;;;;;;;;;;;;;;;;;;;;;;;;;;;;;;;;;;;;;;;;;;;;;;;;;;;;;;;;;;;;;;;;;;;;;;;;;;;;;;;;;;;;;;;;;;;;;;;;;;;;;;;;;;
INST;R2;736;;;;;;;;;;;;;;;;;;;;;;;;;;;;;;;;;;;;;;;;;;;;;;;;;;;;;;;;;;;;;;;;;;;;;;;;;;;;;;;;;;;;;;;;;;;;;;;;;;;;;;;;;;;;;;;;;;;;;;;;;;;;;;;;;;;;;;;;;;;;
INST;R2;799;;;;;;;;;;;;;;;;;;;;;;;;;;;;;;;;;;;;;;;;;;;;;;;;;;;;;;;;;;;;;;;;;;;;;;;;;;;;;;;;;;;;;;;;;;;;;;;;;;;;;;;;;;;;;;;;;;;;;;;;;;;;;;;;;;;;;;;;;;;;
INST;R2;857;;;;;;;;;;;;;;;;;;;;;;;;;;;;;;;;;;;;;;;;;;;;;;;;;;;;;;;;;;;;;;;;;;;;;;;;;;;;;;;;;;;;;;;;;;;;;;;;;;;;;;;;;;;;;;;;;;;;;;;;;;;;;;;;;;;;;;;;;;;;
0;0;1;2;0;Inst_task;0;undefined;undefined;undefined;undefined;white;xpyriment;legacy;legacy;0;uniform;undefined;NA;undefined;undefined;undefined;1;4;5;NA;0;0;NA;0;4;1;0;0;0;0;0;0;0;0;0;0;0;4;1;0;0;0;4;NA;0;NA;undefined;1;0;06/15/21 15:59:40;The main experiment item;yes;;2. Instrumental.osexp;C:\Users\cncadmin\Desktop\Sara G\new task;no;mono;no;18;no;black;no;yes;768;legacy;4;4;1;0;0;C:/Users/cncadmin/Desktop/Sara G/DatiEEG/13ls2.csv;xpyriment;Kafkaesque Koffka;3.2.8;NA;0;0;0;0;4;4;0;z;NA;1;1;1;16093;NA;72449;16093;3703;2;legacy;1024;2;48000;-16;experiment;13;odd;7489;175459;163876;NA;80441;NA;NA;3253;163876;92051;80441;118359;118552;NA;7990;102266;3785;118553;80444;118359;80441;163876;92051;118552;80444;118552;175459;NA;3253;NA;pit experiment;0;0;0;yes;1024
INST;R1;560;;;;;;;;;;;;;;;;;;;;;;;;;;;;;;;;;;;;;;;;;;;;;;;;;;;;;;;;;;;;;;;;;;;;;;;;;;;;;;;;;;;;;;;;;;;;;;;;;;;;;;;;;;;;;;;;;;;;;;;;;;;;;;;;;;;;;;;;;;;;
INST;R1;648;;;;;;;;;;;;;;;;;;;;;;;;;;;;;;;;;;;;;;;;;;;;;;;;;;;;;;;;;;;;;;;;;;;;;;;;;;;;;;;;;;;;;;;;;;;;;;;;;;;;;;;;;;;;;;;;;;;;;;;;;;;;;;;;;;;;;;;;;;;;
INST;R1;672;;;;;;;;;;;;;;;;;;;;;;;;;;;;;;;;;;;;;;;;;;;;;;;;;;;;;;;;;;;;;;;;;;;;;;;;;;;;;;;;;;;;;;;;;;;;;;;;;;;;;;;;;;;;;;;;;;;;;;;;;;;;;;;;;;;;;;;;;;;;
INST;R1;816;;;;;;;;;;;;;;;;;;;;;;;;;;;;;;;;;;;;;;;;;;;;;;;;;;;;;;;;;;;;;;;;;;;;;;;;;;;;;;;;;;;;;;;;;;;;;;;;;;;;;;;;;;;;;;;;;;;;;;;;;;;;;;;;;;;;;;;;;;;;
0;0;2;2;0;Inst_task;0;undefined;undefined;undefined;undefined;white;xpyriment;legacy;legacy;0;uniform;undefined;NA;undefined;undefined;undefined;1;5;6;NA;0;0;NA;0;5;1;0;0;0;0;0;0;0;0;0;0;0;5;1;0;0;0;5;NA;0;NA;undefined;1;0;06/15/21 15:59:40;The main experiment item;yes;;2. Instrumental.osexp;C:\Users\cncadmin\Desktop\Sara G\new task;no;mono;no;18;no;black;no;yes;768;legacy;5;5;1;0;0;C:/Users/cncadmin/Desktop/Sara G/DatiEEG/13ls2.csv;xpyriment;Kafkaesque Koffka;3.2.8;NA;0;4;3;1;0;0;0;z;NA;1;1;1;16093;NA;72449;16093;3703;2;legacy;1024;2;48000;-16;experiment;13;odd;7489;187190;175597;NA;80441;NA;NA;3253;175597;92051;80441;118359;118552;NA;7990;102266;3785;118553;80444;118359;80441;175597;92051;118552;80444;118552;187190;NA;3253;NA;pit experiment;0;0;0;yes;1024
INST;R1;667;;;;;;;;;;;;;;;;;;;;;;;;;;;;;;;;;;;;;;;;;;;;;;;;;;;;;;;;;;;;;;;;;;;;;;;;;;;;;;;;;;;;;;;;;;;;;;;;;;;;;;;;;;;;;;;;;;;;;;;;;;;;;;;;;;;;;;;;;;;;
INST;R1;752;;;;;;;;;;;;;;;;;;;;;;;;;;;;;;;;;;;;;;;;;;;;;;;;;;;;;;;;;;;;;;;;;;;;;;;;;;;;;;;;;;;;;;;;;;;;;;;;;;;;;;;;;;;;;;;;;;;;;;;;;;;;;;;;;;;;;;;;;;;;
INST;R1;808;;;;;;;;;;;;;;;;;;;;;;;;;;;;;;;;;;;;;;;;;;;;;;;;;;;;;;;;;;;;;;;;;;;;;;;;;;;;;;;;;;;;;;;;;;;;;;;;;;;;;;;;;;;;;;;;;;;;;;;;;;;;;;;;;;;;;;;;;;;;
INST;R1;720;;;;;;;;;;;;;;;;;;;;;;;;;;;;;;;;;;;;;;;;;;;;;;;;;;;;;;;;;;;;;;;;;;;;;;;;;;;;;;;;;;;;;;;;;;;;;;;;;;;;;;;;;;;;;;;;;;;;;;;;;;;;;;;;;;;;;;;;;;;;
0;0;3;2;0;Inst_task;0;undefined;undefined;undefined;undefined;white;xpyriment;legacy;legacy;0;uniform;undefined;NA;undefined;undefined;undefined;1;6;7;NA;0;0;NA;0;6;1;0;0;0;0;0;0;0;0;0;0;0;6;1;0;0;0;6;NA;0;NA;undefined;1;0;06/15/21 15:59:40;The main experiment item;yes;;2. Instrumental.osexp;C:\Users\cncadmin\Desktop\Sara G\new task;no;mono;no;18;no;black;no;yes;768;legacy;6;6;1;0;0;C:/Users/cncadmin/Desktop/Sara G/DatiEEG/13ls2.csv;xpyriment;Kafkaesque Koffka;3.2.8;NA;0;4;3;1;0;0;0;m;NA;1;1;1;16093;NA;72449;16093;3703;2;legacy;1024;2;48000;-16;experiment;13;odd;7489;198854;187284;NA;80441;NA;NA;3253;187284;92051;80441;118359;118552;NA;7990;102266;3785;118553;80444;118359;80441;187283;92051;118552;80444;118552;198854;NA;3253;NA;pit experiment;0;0;0;yes;1024
INST;R2;456;;;;;;;;;;;;;;;;;;;;;;;;;;;;;;;;;;;;;;;;;;;;;;;;;;;;;;;;;;;;;;;;;;;;;;;;;;;;;;;;;;;;;;;;;;;;;;;;;;;;;;;;;;;;;;;;;;;;;;;;;;;;;;;;;;;;;;;;;;;;
INST;R2;688;;;;;;;;;;;;;;;;;;;;;;;;;;;;;;;;;;;;;;;;;;;;;;;;;;;;;;;;;;;;;;;;;;;;;;;;;;;;;;;;;;;;;;;;;;;;;;;;;;;;;;;;;;;;;;;;;;;;;;;;;;;;;;;;;;;;;;;;;;;;
INST;R2;640;;;;;;;;;;;;;;;;;;;;;;;;;;;;;;;;;;;;;;;;;;;;;;;;;;;;;;;;;;;;;;;;;;;;;;;;;;;;;;;;;;;;;;;;;;;;;;;;;;;;;;;;;;;;;;;;;;;;;;;;;;;;;;;;;;;;;;;;;;;;
INST;R2;608;;;;;;;;;;;;;;;;;;;;;;;;;;;;;;;;;;;;;;;;;;;;;;;;;;;;;;;;;;;;;;;;;;;;;;;;;;;;;;;;;;;;;;;;;;;;;;;;;;;;;;;;;;;;;;;;;;;;;;;;;;;;;;;;;;;;;;;;;;;;
0;0;3;5;0;Inst_task;0;undefined;undefined;undefined;undefined;white;xpyriment;legacy;legacy;0;uniform;undefined;NA;undefined;undefined;undefined;1;7;8;NA;0;0;NA;0;7;1;0;0;0;0;0;0;0;0;0;0;0;7;1;0;0;0;7;NA;0;NA;undefined;1;0;06/15/21 15:59:40;The main experiment item;yes;;2. Instrumental.osexp;C:\Users\cncadmin\Desktop\Sara G\new task;no;mono;no;18;no;black;no;yes;768;legacy;7;7;1;0;0;C:/Users/cncadmin/Desktop/Sara G/DatiEEG/13ls2.csv;xpyriment;Kafkaesque Koffka;3.2.8;NA;0;0;0;0;4;1;3;m;NA;1;1;1;16093;NA;72449;16093;3703;2;legacy;1024;2;48000;-16;experiment;13;odd;7489;209880;198955;NA;80441;NA;NA;3253;198955;92051;80441;118359;118552;NA;7990;102266;3785;118553;80444;118359;80441;198954;92051;118552;80444;118552;209880;NA;3253;NA;pit experiment;0;0;0;yes;1024
INST;R2;526;;;;;;;;;;;;;;;;;;;;;;;;;;;;;;;;;;;;;;;;;;;;;;;;;;;;;;;;;;;;;;;;;;;;;;;;;;;;;;;;;;;;;;;;;;;;;;;;;;;;;;;;;;;;;;;;;;;;;;;;;;;;;;;;;;;;;;;;;;;;
INST;R2;592;;;;;;;;;;;;;;;;;;;;;;;;;;;;;;;;;;;;;;;;;;;;;;;;;;;;;;;;;;;;;;;;;;;;;;;;;;;;;;;;;;;;;;;;;;;;;;;;;;;;;;;;;;;;;;;;;;;;;;;;;;;;;;;;;;;;;;;;;;;;
INST;R2;656;;;;;;;;;;;;;;;;;;;;;;;;;;;;;;;;;;;;;;;;;;;;;;;;;;;;;;;;;;;;;;;;;;;;;;;;;;;;;;;;;;;;;;;;;;;;;;;;;;;;;;;;;;;;;;;;;;;;;;;;;;;;;;;;;;;;;;;;;;;;
INST;R2;671;;;;;;;;;;;;;;;;;;;;;;;;;;;;;;;;;;;;;;;;;;;;;;;;;;;;;;;;;;;;;;;;;;;;;;;;;;;;;;;;;;;;;;;;;;;;;;;;;;;;;;;;;;;;;;;;;;;;;;;;;;;;;;;;;;;;;;;;;;;;
0;0;3;5;0;Inst_task;0;undefined;undefined;undefined;undefined;white;xpyriment;legacy;legacy;0;uniform;undefined;NA;undefined;undefined;undefined;1;8;9;NA;0;0;NA;0;8;1;0;0;0;0;0;0;0;0;0;0;0;8;1;0;0;0;8;NA;0;NA;undefined;1;0;06/15/21 15:59:40;The main experiment item;yes;;2. Instrumental.osexp;C:\Users\cncadmin\Desktop\Sara G\new task;no;mono;no;18;no;black;no;yes;768;legacy;8;8;1;0;0;C:/Users/cncadmin/Desktop/Sara G/DatiEEG/13ls2.csv;xpyriment;Kafkaesque Koffka;3.2.8;NA;0;0;0;0;4;4;0;m;NA;1;1;1;16093;NA;72449;16093;3703;2;legacy;1024;2;48000;-16;experiment;13;odd;7489;221099;209951;NA;80441;NA;NA;3253;209951;92051;80441;118359;118552;NA;7990;102266;3785;118553;80444;118359;80441;209951;92051;118552;80444;118552;221099;NA;3253;NA;pit experiment;0;0;0;yes;1024
INST;R2;602;;;;;;;;;;;;;;;;;;;;;;;;;;;;;;;;;;;;;;;;;;;;;;;;;;;;;;;;;;;;;;;;;;;;;;;;;;;;;;;;;;;;;;;;;;;;;;;;;;;;;;;;;;;;;;;;;;;;;;;;;;;;;;;;;;;;;;;;;;;;
INST;R2;633;;;;;;;;;;;;;;;;;;;;;;;;;;;;;;;;;;;;;;;;;;;;;;;;;;;;;;;;;;;;;;;;;;;;;;;;;;;;;;;;;;;;;;;;;;;;;;;;;;;;;;;;;;;;;;;;;;;;;;;;;;;;;;;;;;;;;;;;;;;;
INST;R2;720;;;;;;;;;;;;;;;;;;;;;;;;;;;;;;;;;;;;;;;;;;;;;;;;;;;;;;;;;;;;;;;;;;;;;;;;;;;;;;;;;;;;;;;;;;;;;;;;;;;;;;;;;;;;;;;;;;;;;;;;;;;;;;;;;;;;;;;;;;;;
INST;R2;736;;;;;;;;;;;;;;;;;;;;;;;;;;;;;;;;;;;;;;;;;;;;;;;;;;;;;;;;;;;;;;;;;;;;;;;;;;;;;;;;;;;;;;;;;;;;;;;;;;;;;;;;;;;;;;;;;;;;;;;;;;;;;;;;;;;;;;;;;;;;
0;0;3;6;0;Inst_task;0;undefined;undefined;undefined;undefined;white;xpyriment;legacy;legacy;0;uniform;undefined;NA;undefined;undefined;undefined;1;9;10;NA;0;0;NA;0;9;1;0;0;0;0;0;0;0;0;0;0;0;9;1;0;0;0;9;NA;0;NA;undefined;1;0;06/15/21 15:59:40;The main experiment item;yes;;2. Instrumental.osexp;C:\Users\cncadmin\Desktop\Sara G\new task;no;mono;no;18;no;black;no;yes;768;legacy;9;9;1;0;0;C:/Users/cncadmin/Desktop/Sara G/DatiEEG/13ls2.csv;xpyriment;Kafkaesque Koffka;3.2.8;NA;0;0;0;0;4;3;1;z;NA;1;1;1;16093;NA;72449;16093;3703;2;legacy;1024;2;48000;-16;experiment;13;odd;7489;232551;221162;NA;80441;NA;NA;3253;221162;92051;80441;118359;118552;NA;7990;102266;3785;118553;80444;118359;80441;221162;92051;118552;80444;118552;232552;NA;3253;NA;pit experiment;0;0;0;yes;1024
INST;R1;452;;;;;;;;;;;;;;;;;;;;;;;;;;;;;;;;;;;;;;;;;;;;;;;;;;;;;;;;;;;;;;;;;;;;;;;;;;;;;;;;;;;;;;;;;;;;;;;;;;;;;;;;;;;;;;;;;;;;;;;;;;;;;;;;;;;;;;;;;;;;
INST;R1;640;;;;;;;;;;;;;;;;;;;;;;;;;;;;;;;;;;;;;;;;;;;;;;;;;;;;;;;;;;;;;;;;;;;;;;;;;;;;;;;;;;;;;;;;;;;;;;;;;;;;;;;;;;;;;;;;;;;;;;;;;;;;;;;;;;;;;;;;;;;;
INST;R1;656;;;;;;;;;;;;;;;;;;;;;;;;;;;;;;;;;;;;;;;;;;;;;;;;;;;;;;;;;;;;;;;;;;;;;;;;;;;;;;;;;;;;;;;;;;;;;;;;;;;;;;;;;;;;;;;;;;;;;;;;;;;;;;;;;;;;;;;;;;;;
INST;R1;632;;;;;;;;;;;;;;;;;;;;;;;;;;;;;;;;;;;;;;;;;;;;;;;;;;;;;;;;;;;;;;;;;;;;;;;;;;;;;;;;;;;;;;;;;;;;;;;;;;;;;;;;;;;;;;;;;;;;;;;;;;;;;;;;;;;;;;;;;;;;
0;0;6;6;0;Inst_task;0;undefined;undefined;undefined;undefined;white;xpyriment;legacy;legacy;0;uniform;undefined;NA;undefined;undefined;undefined;1;10;11;NA;0;0;NA;0;10;1;0;0;0;0;0;0;0;0;0;0;0;10;1;0;0;0;10;NA;0;NA;undefined;1;0;06/15/21 15:59:40;The main experiment item;yes;;2. Instrumental.osexp;C:\Users\cncadmin\Desktop\Sara G\new task;no;mono;no;18;no;black;no;yes;768;legacy;10;10;1;0;0;C:/Users/cncadmin/Desktop/Sara G/DatiEEG/13ls2.csv;xpyriment;Kafkaesque Koffka;3.2.8;NA;0;4;1;3;0;0;0;m;NA;1;1;1;16093;NA;72449;16093;3703;2;legacy;1024;2;48000;-16;experiment;13;odd;7489;243566;232609;NA;80441;NA;NA;3253;232609;92051;80441;118359;118552;NA;7990;102266;3785;118553;80444;118359;80441;232609;92051;118552;80444;118552;243566;NA;3253;NA;pit experiment;0;0;0;yes;1024
INST;R2;601;;;;;;;;;;;;;;;;;;;;;;;;;;;;;;;;;;;;;;;;;;;;;;;;;;;;;;;;;;;;;;;;;;;;;;;;;;;;;;;;;;;;;;;;;;;;;;;;;;;;;;;;;;;;;;;;;;;;;;;;;;;;;;;;;;;;;;;;;;;;
INST;R2;671;;;;;;;;;;;;;;;;;;;;;;;;;;;;;;;;;;;;;;;;;;;;;;;;;;;;;;;;;;;;;;;;;;;;;;;;;;;;;;;;;;;;;;;;;;;;;;;;;;;;;;;;;;;;;;;;;;;;;;;;;;;;;;;;;;;;;;;;;;;;
INST;R2;976;;;;;;;;;;;;;;;;;;;;;;;;;;;;;;;;;;;;;;;;;;;;;;;;;;;;;;;;;;;;;;;;;;;;;;;;;;;;;;;;;;;;;;;;;;;;;;;;;;;;;;;;;;;;;;;;;;;;;;;;;;;;;;;;;;;;;;;;;;;;
INST;R2;688;;;;;;;;;;;;;;;;;;;;;;;;;;;;;;;;;;;;;;;;;;;;;;;;;;;;;;;;;;;;;;;;;;;;;;;;;;;;;;;;;;;;;;;;;;;;;;;;;;;;;;;;;;;;;;;;;;;;;;;;;;;;;;;;;;;;;;;;;;;;
0;0;6;6;0;Inst_task;0;undefined;undefined;undefined;undefined;white;xpyriment;legacy;legacy;0;uniform;undefined;NA;undefined;undefined;undefined;1;11;12;NA;0;0;NA;0;11;1;0;0;0;0;0;0;0;0;0;0;0;11;1;0;0;0;11;NA;0;NA;undefined;1;0;06/15/21 15:59:40;The main experiment item;yes;;2. Instrumental.osexp;C:\Users\cncadmin\Desktop\Sara G\new task;no;mono;no;18;no;black;no;yes;768;legacy;11;11;1;0;0;C:/Users/cncadmin/Desktop/Sara G/DatiEEG/13ls2.csv;xpyriment;Kafkaesque Koffka;3.2.8;NA;0;0;0;0;4;4;0;z;NA;1;1;1;16093;NA;72449;16093;3703;2;legacy;1024;2;48000;-16;experiment;13;odd;7489;255087;243632;NA;80441;NA;NA;3253;243632;92051;80441;118359;118552;NA;7990;102266;3785;118553;80444;118359;80441;243632;92051;118552;80444;118552;255088;NA;3253;NA;pit experiment;0;0;0;yes;1024
INST;R2;689;;;;;;;;;;;;;;;;;;;;;;;;;;;;;;;;;;;;;;;;;;;;;;;;;;;;;;;;;;;;;;;;;;;;;;;;;;;;;;;;;;;;;;;;;;;;;;;;;;;;;;;;;;;;;;;;;;;;;;;;;;;;;;;;;;;;;;;;;;;;
INST;R2;609;;;;;;;;;;;;;;;;;;;;;;;;;;;;;;;;;;;;;;;;;;;;;;;;;;;;;;;;;;;;;;;;;;;;;;;;;;;;;;;;;;;;;;;;;;;;;;;;;;;;;;;;;;;;;;;;;;;;;;;;;;;;;;;;;;;;;;;;;;;;
INST;R2;704;;;;;;;;;;;;;;;;;;;;;;;;;;;;;;;;;;;;;;;;;;;;;;;;;;;;;;;;;;;;;;;;;;;;;;;;;;;;;;;;;;;;;;;;;;;;;;;;;;;;;;;;;;;;;;;;;;;;;;;;;;;;;;;;;;;;;;;;;;;;
INST;R2;736;;;;;;;;;;;;;;;;;;;;;;;;;;;;;;;;;;;;;;;;;;;;;;;;;;;;;;;;;;;;;;;;;;;;;;;;;;;;;;;;;;;;;;;;;;;;;;;;;;;;;;;;;;;;;;;;;;;;;;;;;;;;;;;;;;;;;;;;;;;;
0;0;6;7;0;Inst_task;0;undefined;undefined;undefined;undefined;white;xpyriment;legacy;legacy;0;uniform;undefined;NA;undefined;undefined;undefined;1;12;13;NA;0;0;NA;0;12;1;0;0;0;0;0;0;0;0;0;0;0;12;1;0;0;0;12;NA;0;NA;undefined;1;0;06/15/21 15:59:40;The main experiment item;yes;;2. Instrumental.osexp;C:\Users\cncadmin\Desktop\Sara G\new task;no;mono;no;18;no;black;no;yes;768;legacy;12;12;1;0;0;C:/Users/cncadmin/Desktop/Sara G/DatiEEG/13ls2.csv;xpyriment;Kafkaesque Koffka;3.2.8;NA;0;0;0;0;4;3;1;m;NA;1;1;1;16093;NA;72449;16093;3703;2;legacy;1024;2;48000;-16;experiment;13;odd;7489;266868;255152;NA;80441;NA;NA;3253;255152;92051;80441;118359;118552;NA;7990;102266;3785;118553;80444;118359;80441;255152;92051;118552;80444;118552;266868;NA;3253;NA;pit experiment;0;0;0;yes;1024
INST;R1;509;;;;;;;;;;;;;;;;;;;;;;;;;;;;;;;;;;;;;;;;;;;;;;;;;;;;;;;;;;;;;;;;;;;;;;;;;;;;;;;;;;;;;;;;;;;;;;;;;;;;;;;;;;;;;;;;;;;;;;;;;;;;;;;;;;;;;;;;;;;;
INST;R1;608;;;;;;;;;;;;;;;;;;;;;;;;;;;;;;;;;;;;;;;;;;;;;;;;;;;;;;;;;;;;;;;;;;;;;;;;;;;;;;;;;;;;;;;;;;;;;;;;;;;;;;;;;;;;;;;;;;;;;;;;;;;;;;;;;;;;;;;;;;;;
INST;R1;409;;;;;;;;;;;;;;;;;;;;;;;;;;;;;;;;;;;;;;;;;;;;;;;;;;;;;;;;;;;;;;;;;;;;;;;;;;;;;;;;;;;;;;;;;;;;;;;;;;;;;;;;;;;;;;;;;;;;;;;;;;;;;;;;;;;;;;;;;;;;
INST;R1;527;;;;;;;;;;;;;;;;;;;;;;;;;;;;;;;;;;;;;;;;;;;;;;;;;;;;;;;;;;;;;;;;;;;;;;;;;;;;;;;;;;;;;;;;;;;;;;;;;;;;;;;;;;;;;;;;;;;;;;;;;;;;;;;;;;;;;;;;;;;;
0;0;6;7;0;Inst_task;0;undefined;undefined;undefined;undefined;white;xpyriment;legacy;legacy;0;uniform;undefined;NA;undefined;undefined;undefined;1;13;14;NA;0;0;NA;0;13;1;0;0;0;0;0;0;0;0;0;0;0;13;1;0;0;0;13;NA;0;NA;undefined;1;0;06/15/21 15:59:40;The main experiment item;yes;;2. Instrumental.osexp;C:\Users\cncadmin\Desktop\Sara G\new task;no;mono;no;18;no;black;no;yes;768;legacy;13;13;1;0;0;C:/Users/cncadmin/Desktop/Sara G/DatiEEG/13ls2.csv;xpyriment;Kafkaesque Koffka;3.2.8;NA;0;4;4;0;0;0;0;z;NA;1;1;1;16093;NA;72449;16093;3703;2;legacy;1024;2;48000;-16;experiment;13;odd;7489;277640;266981;NA;80441;NA;NA;3253;266981;92051;80441;118359;118552;NA;7990;102266;3785;118553;80444;118359;80441;266981;92051;118552;80444;118552;277640;NA;3253;NA;pit experiment;0;0;0;yes;1024
INST;R1;709;;;;;;;;;;;;;;;;;;;;;;;;;;;;;;;;;;;;;;;;;;;;;;;;;;;;;;;;;;;;;;;;;;;;;;;;;;;;;;;;;;;;;;;;;;;;;;;;;;;;;;;;;;;;;;;;;;;;;;;;;;;;;;;;;;;;;;;;;;;;
INST;R1;688;;;;;;;;;;;;;;;;;;;;;;;;;;;;;;;;;;;;;;;;;;;;;;;;;;;;;;;;;;;;;;;;;;;;;;;;;;;;;;;;;;;;;;;;;;;;;;;;;;;;;;;;;;;;;;;;;;;;;;;;;;;;;;;;;;;;;;;;;;;;
INST;R1;712;;;;;;;;;;;;;;;;;;;;;;;;;;;;;;;;;;;;;;;;;;;;;;;;;;;;;;;;;;;;;;;;;;;;;;;;;;;;;;;;;;;;;;;;;;;;;;;;;;;;;;;;;;;;;;;;;;;;;;;;;;;;;;;;;;;;;;;;;;;;
INST;R1;840;;;;;;;;;;;;;;;;;;;;;;;;;;;;;;;;;;;;;;;;;;;;;;;;;;;;;;;;;;;;;;;;;;;;;;;;;;;;;;;;;;;;;;;;;;;;;;;;;;;;;;;;;;;;;;;;;;;;;;;;;;;;;;;;;;;;;;;;;;;;
0;0;8;7;0;Inst_task;0;undefined;undefined;undefined;undefined;white;xpyriment;legacy;legacy;0;uniform;undefined;NA;undefined;undefined;undefined;1;14;15;NA;0;0;NA;0;14;1;0;0;0;0;0;0;0;0;0;0;0;14;1;0;0;0;14;NA;0;NA;undefined;1;0;06/15/21 15:59:40;The main experiment item;yes;;2. Instrumental.osexp;C:\Users\cncadmin\Desktop\Sara G\new task;no;mono;no;18;no;black;no;yes;768;legacy;14;14;1;0;0;C:/Users/cncadmin/Desktop/Sara G/DatiEEG/13ls2.csv;xpyriment;Kafkaesque Koffka;3.2.8;NA;0;4;2;2;0;0;0;z;NA;1;1;1;16093;NA;72449;16093;3703;2;legacy;1024;2;48000;-16;experiment;13;odd;7489;289431;277732;NA;80441;NA;NA;3253;277732;92051;80441;118359;118552;NA;7990;102266;3785;118553;80444;118359;80441;277732;92051;118552;80444;118552;289431;NA;3253;NA;pit experiment;0;0;0;yes;1024
INST;R2;815;;;;;;;;;;;;;;;;;;;;;;;;;;;;;;;;;;;;;;;;;;;;;;;;;;;;;;;;;;;;;;;;;;;;;;;;;;;;;;;;;;;;;;;;;;;;;;;;;;;;;;;;;;;;;;;;;;;;;;;;;;;;;;;;;;;;;;;;;;;;
INST;R2;673;;;;;;;;;;;;;;;;;;;;;;;;;;;;;;;;;;;;;;;;;;;;;;;;;;;;;;;;;;;;;;;;;;;;;;;;;;;;;;;;;;;;;;;;;;;;;;;;;;;;;;;;;;;;;;;;;;;;;;;;;;;;;;;;;;;;;;;;;;;;
INST;R2;703;;;;;;;;;;;;;;;;;;;;;;;;;;;;;;;;;;;;;;;;;;;;;;;;;;;;;;;;;;;;;;;;;;;;;;;;;;;;;;;;;;;;;;;;;;;;;;;;;;;;;;;;;;;;;;;;;;;;;;;;;;;;;;;;;;;;;;;;;;;;
INST;R2;752;;;;;;;;;;;;;;;;;;;;;;;;;;;;;;;;;;;;;;;;;;;;;;;;;;;;;;;;;;;;;;;;;;;;;;;;;;;;;;;;;;;;;;;;;;;;;;;;;;;;;;;;;;;;;;;;;;;;;;;;;;;;;;;;;;;;;;;;;;;;
0;0;8;7;0;Inst_task;0;undefined;undefined;undefined;undefined;white;xpyriment;legacy;legacy;0;uniform;undefined;NA;undefined;undefined;undefined;1;15;16;NA;0;0;NA;0;15;1;0;0;0;0;0;0;0;0;0;0;0;15;1;0;0;0;15;NA;0;NA;undefined;1;0;06/15/21 15:59:40;The main experiment item;yes;;2. Instrumental.osexp;C:\Users\cncadmin\Desktop\Sara G\new task;no;mono;no;18;no;black;no;yes;768;legacy;15;15;1;0;0;C:/Users/cncadmin/Desktop/Sara G/DatiEEG/13ls2.csv;xpyriment;Kafkaesque Koffka;3.2.8;NA;0;0;0;0;4;4;0;z;NA;1;1;1;16093;NA;72449;16093;3703;2;legacy;1024;2;48000;-16;experiment;13;odd;7489;301220;289560;NA;80441;NA;NA;3253;289560;92051;80441;118359;118552;NA;7990;102266;3785;118553;80444;118359;80441;289560;92051;118552;80444;118552;301221;NA;3253;NA;pit experiment;0;0;0;yes;1024
INST;R1;478;;;;;;;;;;;;;;;;;;;;;;;;;;;;;;;;;;;;;;;;;;;;;;;;;;;;;;;;;;;;;;;;;;;;;;;;;;;;;;;;;;;;;;;;;;;;;;;;;;;;;;;;;;;;;;;;;;;;;;;;;;;;;;;;;;;;;;;;;;;;
INST;R1;712;;;;;;;;;;;;;;;;;;;;;;;;;;;;;;;;;;;;;;;;;;;;;;;;;;;;;;;;;;;;;;;;;;;;;;;;;;;;;;;;;;;;;;;;;;;;;;;;;;;;;;;;;;;;;;;;;;;;;;;;;;;;;;;;;;;;;;;;;;;;
INST;R1;640;;;;;;;;;;;;;;;;;;;;;;;;;;;;;;;;;;;;;;;;;;;;;;;;;;;;;;;;;;;;;;;;;;;;;;;;;;;;;;;;;;;;;;;;;;;;;;;;;;;;;;;;;;;;;;;;;;;;;;;;;;;;;;;;;;;;;;;;;;;;
INST;R1;736;;;;;;;;;;;;;;;;;;;;;;;;;;;;;;;;;;;;;;;;;;;;;;;;;;;;;;;;;;;;;;;;;;;;;;;;;;;;;;;;;;;;;;;;;;;;;;;;;;;;;;;;;;;;;;;;;;;;;;;;;;;;;;;;;;;;;;;;;;;;
0;0;9;7;0;Inst_task;0;undefined;undefined;undefined;undefined;white;xpyriment;legacy;legacy;0;uniform;undefined;NA;undefined;undefined;undefined;1;16;17;NA;0;0;NA;0;16;1;0;0;0;0;0;0;0;0;0;0;0;16;1;0;0;0;16;NA;0;NA;undefined;1;0;06/15/21 15:59:40;The main experiment item;yes;;2. Instrumental.osexp;C:\Users\cncadmin\Desktop\Sara G\new task;no;mono;no;18;no;black;no;yes;768;legacy;16;16;1;0;0;C:/Users/cncadmin/Desktop/Sara G/DatiEEG/13ls2.csv;xpyriment;Kafkaesque Koffka;3.2.8;NA;0;4;3;1;0;0;0;z;NA;1;1;1;16093;NA;72449;16093;3703;2;legacy;1024;2;48000;-16;experiment;13;odd;7489;312645;301305;NA;80441;NA;NA;3253;301305;92051;80441;118359;118552;NA;7990;102266;3785;118553;80444;118359;80441;301305;92051;118552;80444;118552;312645;NA;3253;NA;pit experiment;0;0;0;yes;1024
INST;R2;437;;;;;;;;;;;;;;;;;;;;;;;;;;;;;;;;;;;;;;;;;;;;;;;;;;;;;;;;;;;;;;;;;;;;;;;;;;;;;;;;;;;;;;;;;;;;;;;;;;;;;;;;;;;;;;;;;;;;;;;;;;;;;;;;;;;;;;;;;;;;
INST;R2;1104;;;;;;;;;;;;;;;;;;;;;;;;;;;;;;;;;;;;;;;;;;;;;;;;;;;;;;;;;;;;;;;;;;;;;;;;;;;;;;;;;;;;;;;;;;;;;;;;;;;;;;;;;;;;;;;;;;;;;;;;;;;;;;;;;;;;;;;;;;;;
INST;R2;864;;;;;;;;;;;;;;;;;;;;;;;;;;;;;;;;;;;;;;;;;;;;;;;;;;;;;;;;;;;;;;;;;;;;;;;;;;;;;;;;;;;;;;;;;;;;;;;;;;;;;;;;;;;;;;;;;;;;;;;;;;;;;;;;;;;;;;;;;;;;
INST;R2;752;;;;;;;;;;;;;;;;;;;;;;;;;;;;;;;;;;;;;;;;;;;;;;;;;;;;;;;;;;;;;;;;;;;;;;;;;;;;;;;;;;;;;;;;;;;;;;;;;;;;;;;;;;;;;;;;;;;;;;;;;;;;;;;;;;;;;;;;;;;;
0;0;9;9;0;Inst_task;0;undefined;undefined;undefined;undefined;white;xpyriment;legacy;legacy;0;uniform;undefined;NA;undefined;undefined;undefined;1;17;18;NA;0;0;NA;0;17;1;0;0;0;0;0;0;0;0;0;0;0;17;1;0;0;0;17;NA;0;NA;undefined;1;0;06/15/21 15:59:40;The main experiment item;yes;;2. Instrumental.osexp;C:\Users\cncadmin\Desktop\Sara G\new task;no;mono;no;18;no;black;no;yes;768;legacy;17;17;1;0;0;C:/Users/cncadmin/Desktop/Sara G/DatiEEG/13ls2.csv;xpyriment;Kafkaesque Koffka;3.2.8;NA;0;0;0;0;4;2;2;z;NA;1;1;1;16093;NA;72449;16093;3703;2;legacy;1024;2;48000;-16;experiment;13;odd;7489;324387;312749;NA;80441;NA;NA;3253;312749;92051;80441;118359;118552;NA;7990;102266;3785;118553;80444;118359;80441;312749;92051;118552;80444;118552;324387;NA;3253;NA;pit experiment;0;0;0;yes;1024
INST;R1;582;;;;;;;;;;;;;;;;;;;;;;;;;;;;;;;;;;;;;;;;;;;;;;;;;;;;;;;;;;;;;;;;;;;;;;;;;;;;;;;;;;;;;;;;;;;;;;;;;;;;;;;;;;;;;;;;;;;;;;;;;;;;;;;;;;;;;;;;;;;;
INST;R1;680;;;;;;;;;;;;;;;;;;;;;;;;;;;;;;;;;;;;;;;;;;;;;;;;;;;;;;;;;;;;;;;;;;;;;;;;;;;;;;;;;;;;;;;;;;;;;;;;;;;;;;;;;;;;;;;;;;;;;;;;;;;;;;;;;;;;;;;;;;;;
INST;R1;657;;;;;;;;;;;;;;;;;;;;;;;;;;;;;;;;;;;;;;;;;;;;;;;;;;;;;;;;;;;;;;;;;;;;;;;;;;;;;;;;;;;;;;;;;;;;;;;;;;;;;;;;;;;;;;;;;;;;;;;;;;;;;;;;;;;;;;;;;;;;
INST;R1;656;;;;;;;;;;;;;;;;;;;;;;;;;;;;;;;;;;;;;;;;;;;;;;;;;;;;;;;;;;;;;;;;;;;;;;;;;;;;;;;;;;;;;;;;;;;;;;;;;;;;;;;;;;;;;;;;;;;;;;;;;;;;;;;;;;;;;;;;;;;;
0;0;9;9;0;Inst_task;0;undefined;undefined;undefined;undefined;white;xpyriment;legacy;legacy;0;uniform;undefined;NA;undefined;undefined;undefined;1;18;19;NA;0;0;NA;0;18;1;0;0;0;0;0;0;0;0;0;0;0;18;1;0;0;0;18;NA;0;NA;undefined;1;0;06/15/21 15:59:40;The main experiment item;yes;;2. Instrumental.osexp;C:\Users\cncadmin\Desktop\Sara G\new task;no;mono;no;18;no;black;no;yes;768;legacy;18;18;1;0;0;C:/Users/cncadmin/Desktop/Sara G/DatiEEG/13ls2.csv;xpyriment;Kafkaesque Koffka;3.2.8;NA;0;4;4;0;0;0;0;m;NA;1;1;1;16093;NA;72449;16093;3703;2;legacy;1024;2;48000;-16;experiment;13;odd;7489;335542;324463;NA;80441;NA;NA;3253;324463;92051;80441;118359;118552;NA;7990;102266;3785;118553;80444;118359;80441;324463;92051;118552;80444;118552;335542;NA;3253;NA;pit experiment;0;0;0;yes;1024
INST;R2;554;;;;;;;;;;;;;;;;;;;;;;;;;;;;;;;;;;;;;;;;;;;;;;;;;;;;;;;;;;;;;;;;;;;;;;;;;;;;;;;;;;;;;;;;;;;;;;;;;;;;;;;;;;;;;;;;;;;;;;;;;;;;;;;;;;;;;;;;;;;;
INST;R2;632;;;;;;;;;;;;;;;;;;;;;;;;;;;;;;;;;;;;;;;;;;;;;;;;;;;;;;;;;;;;;;;;;;;;;;;;;;;;;;;;;;;;;;;;;;;;;;;;;;;;;;;;;;;;;;;;;;;;;;;;;;;;;;;;;;;;;;;;;;;;
INST;R2;727;;;;;;;;;;;;;;;;;;;;;;;;;;;;;;;;;;;;;;;;;;;;;;;;;;;;;;;;;;;;;;;;;;;;;;;;;;;;;;;;;;;;;;;;;;;;;;;;;;;;;;;;;;;;;;;;;;;;;;;;;;;;;;;;;;;;;;;;;;;;
INST;R2;648;;;;;;;;;;;;;;;;;;;;;;;;;;;;;;;;;;;;;;;;;;;;;;;;;;;;;;;;;;;;;;;;;;;;;;;;;;;;;;;;;;;;;;;;;;;;;;;;;;;;;;;;;;;;;;;;;;;;;;;;;;;;;;;;;;;;;;;;;;;;
0;0;9;9;0;Inst_task;0;undefined;undefined;undefined;undefined;white;xpyriment;legacy;legacy;0;uniform;undefined;NA;undefined;undefined;undefined;1;19;20;NA;0;0;NA;0;19;1;0;0;0;0;0;0;0;0;0;0;0;19;1;0;0;0;19;NA;0;NA;undefined;1;0;06/15/21 15:59:40;The main experiment item;yes;;2. Instrumental.osexp;C:\Users\cncadmin\Desktop\Sara G\new task;no;mono;no;18;no;black;no;yes;768;legacy;19;19;1;0;0;C:/Users/cncadmin/Desktop/Sara G/DatiEEG/13ls2.csv;xpyriment;Kafkaesque Koffka;3.2.8;NA;0;0;0;0;4;4;0;z;NA;1;1;1;16093;NA;72449;16093;3703;2;legacy;1024;2;48000;-16;experiment;13;odd;7489;347002;335621;NA;80441;NA;NA;3253;335621;92051;80441;118359;118552;NA;7990;102266;3785;118553;80444;118359;80441;335621;92051;118552;80444;118552;347002;NA;3253;NA;pit experiment;0;0;0;yes;1024
INST;R1;698;;;;;;;;;;;;;;;;;;;;;;;;;;;;;;;;;;;;;;;;;;;;;;;;;;;;;;;;;;;;;;;;;;;;;;;;;;;;;;;;;;;;;;;;;;;;;;;;;;;;;;;;;;;;;;;;;;;;;;;;;;;;;;;;;;;;;;;;;;;;
INST;R1;704;;;;;;;;;;;;;;;;;;;;;;;;;;;;;;;;;;;;;;;;;;;;;;;;;;;;;;;;;;;;;;;;;;;;;;;;;;;;;;;;;;;;;;;;;;;;;;;;;;;;;;;;;;;;;;;;;;;;;;;;;;;;;;;;;;;;;;;;;;;;
INST;R1;369;;;;;;;;;;;;;;;;;;;;;;;;;;;;;;;;;;;;;;;;;;;;;;;;;;;;;;;;;;;;;;;;;;;;;;;;;;;;;;;;;;;;;;;;;;;;;;;;;;;;;;;;;;;;;;;;;;;;;;;;;;;;;;;;;;;;;;;;;;;;
INST;R1;1023;;;;;;;;;;;;;;;;;;;;;;;;;;;;;;;;;;;;;;;;;;;;;;;;;;;;;;;;;;;;;;;;;;;;;;;;;;;;;;;;;;;;;;;;;;;;;;;;;;;;;;;;;;;;;;;;;;;;;;;;;;;;;;;;;;;;;;;;;;;;
0;0;10;9;0;Inst_task;0;undefined;undefined;undefined;undefined;white;xpyriment;legacy;legacy;0;uniform;undefined;NA;undefined;undefined;undefined;1;20;21;NA;0;0;NA;0;20;1;0;0;0;0;0;0;0;0;0;0;0;20;1;0;0;0;20;NA;0;NA;undefined;1;0;06/15/21 15:59:40;The main experiment item;yes;;2. Instrumental.osexp;C:\Users\cncadmin\Desktop\Sara G\new task;no;mono;no;18;no;black;no;yes;768;legacy;20;20;1;0;0;C:/Users/cncadmin/Desktop/Sara G/DatiEEG/13ls2.csv;xpyriment;Kafkaesque Koffka;3.2.8;NA;0;4;3;1;0;0;0;z;NA;1;1;1;16093;NA;72449;16093;3703;2;legacy;1024;2;48000;-16;experiment;13;odd;7489;358809;347098;NA;80441;NA;NA;3253;347098;92051;80441;118359;118552;NA;7990;102266;3785;118553;80444;118359;80441;347098;92051;118552;80444;118552;358809;NA;3253;NA;pit experiment;0;0;0;yes;1024
INST;R1;551;;;;;;;;;;;;;;;;;;;;;;;;;;;;;;;;;;;;;;;;;;;;;;;;;;;;;;;;;;;;;;;;;;;;;;;;;;;;;;;;;;;;;;;;;;;;;;;;;;;;;;;;;;;;;;;;;;;;;;;;;;;;;;;;;;;;;;;;;;;;
INST;R1;720;;;;;;;;;;;;;;;;;;;;;;;;;;;;;;;;;;;;;;;;;;;;;;;;;;;;;;;;;;;;;;;;;;;;;;;;;;;;;;;;;;;;;;;;;;;;;;;;;;;;;;;;;;;;;;;;;;;;;;;;;;;;;;;;;;;;;;;;;;;;
INST;R1;473;;;;;;;;;;;;;;;;;;;;;;;;;;;;;;;;;;;;;;;;;;;;;;;;;;;;;;;;;;;;;;;;;;;;;;;;;;;;;;;;;;;;;;;;;;;;;;;;;;;;;;;;;;;;;;;;;;;;;;;;;;;;;;;;;;;;;;;;;;;;
INST;R1;728;;;;;;;;;;;;;;;;;;;;;;;;;;;;;;;;;;;;;;;;;;;;;;;;;;;;;;;;;;;;;;;;;;;;;;;;;;;;;;;;;;;;;;;;;;;;;;;;;;;;;;;;;;;;;;;;;;;;;;;;;;;;;;;;;;;;;;;;;;;;
0;0;11;9;0;Inst_task;0;undefined;undefined;undefined;undefined;white;xpyriment;legacy;legacy;0;uniform;undefined;NA;undefined;undefined;undefined;1;21;22;NA;0;0;NA;0;21;1;0;0;0;0;0;0;0;0;0;0;0;21;1;0;0;0;21;NA;0;NA;undefined;1;0;06/15/21 15:59:40;The main experiment item;yes;;2. Instrumental.osexp;C:\Users\cncadmin\Desktop\Sara G\new task;no;mono;no;18;no;black;no;yes;768;legacy;21;21;1;0;0;C:/Users/cncadmin/Desktop/Sara G/DatiEEG/13ls2.csv;xpyriment;Kafkaesque Koffka;3.2.8;NA;0;4;3;1;0;0;0;z;NA;1;1;1;16093;NA;72449;16093;3703;2;legacy;1024;2;48000;-16;experiment;13;odd;7489;370227;358898;NA;80441;NA;NA;3253;358898;92051;80441;118359;118552;NA;7990;102266;3785;118553;80444;118359;80441;358898;92051;118552;80444;118552;370227;NA;3253;NA;pit experiment;0;0;0;yes;1024
INST;R2;412;;;;;;;;;;;;;;;;;;;;;;;;;;;;;;;;;;;;;;;;;;;;;;;;;;;;;;;;;;;;;;;;;;;;;;;;;;;;;;;;;;;;;;;;;;;;;;;;;;;;;;;;;;;;;;;;;;;;;;;;;;;;;;;;;;;;;;;;;;;;
INST;R2;656;;;;;;;;;;;;;;;;;;;;;;;;;;;;;;;;;;;;;;;;;;;;;;;;;;;;;;;;;;;;;;;;;;;;;;;;;;;;;;;;;;;;;;;;;;;;;;;;;;;;;;;;;;;;;;;;;;;;;;;;;;;;;;;;;;;;;;;;;;;;
INST;R2;664;;;;;;;;;;;;;;;;;;;;;;;;;;;;;;;;;;;;;;;;;;;;;;;;;;;;;;;;;;;;;;;;;;;;;;;;;;;;;;;;;;;;;;;;;;;;;;;;;;;;;;;;;;;;;;;;;;;;;;;;;;;;;;;;;;;;;;;;;;;;
INST;R2;632;;;;;;;;;;;;;;;;;;;;;;;;;;;;;;;;;;;;;;;;;;;;;;;;;;;;;;;;;;;;;;;;;;;;;;;;;;;;;;;;;;;;;;;;;;;;;;;;;;;;;;;;;;;;;;;;;;;;;;;;;;;;;;;;;;;;;;;;;;;;
0;0;11;10;0;Inst_task;0;undefined;undefined;undefined;undefined;white;xpyriment;legacy;legacy;0;uniform;undefined;NA;undefined;undefined;undefined;1;22;23;NA;0;0;NA;0;22;1;0;0;0;0;0;0;0;0;0;0;0;22;1;0;0;0;22;NA;0;NA;undefined;1;0;06/15/21 15:59:40;The main experiment item;yes;;2. Instrumental.osexp;C:\Users\cncadmin\Desktop\Sara G\new task;no;mono;no;18;no;black;no;yes;768;legacy;22;22;1;0;0;C:/Users/cncadmin/Desktop/Sara G/DatiEEG/13ls2.csv;xpyriment;Kafkaesque Koffka;3.2.8;NA;0;0;0;0;4;3;1;z;NA;1;1;1;16093;NA;72449;16093;3703;2;legacy;1024;2;48000;-16;experiment;13;odd;7489;381440;370299;NA;80441;NA;NA;3253;370299;92051;80441;118359;118552;NA;7990;102266;3785;118553;80444;118359;80441;370299;92051;118552;80444;118552;381440;NA;3253;NA;pit experiment;0;0;0;yes;1024
INST;R2;566;;;;;;;;;;;;;;;;;;;;;;;;;;;;;;;;;;;;;;;;;;;;;;;;;;;;;;;;;;;;;;;;;;;;;;;;;;;;;;;;;;;;;;;;;;;;;;;;;;;;;;;;;;;;;;;;;;;;;;;;;;;;;;;;;;;;;;;;;;;;
INST;R2;744;;;;;;;;;;;;;;;;;;;;;;;;;;;;;;;;;;;;;;;;;;;;;;;;;;;;;;;;;;;;;;;;;;;;;;;;;;;;;;;;;;;;;;;;;;;;;;;;;;;;;;;;;;;;;;;;;;;;;;;;;;;;;;;;;;;;;;;;;;;;
INST;R2;727;;;;;;;;;;;;;;;;;;;;;;;;;;;;;;;;;;;;;;;;;;;;;;;;;;;;;;;;;;;;;;;;;;;;;;;;;;;;;;;;;;;;;;;;;;;;;;;;;;;;;;;;;;;;;;;;;;;;;;;;;;;;;;;;;;;;;;;;;;;;
INST;R2;704;;;;;;;;;;;;;;;;;;;;;;;;;;;;;;;;;;;;;;;;;;;;;;;;;;;;;;;;;;;;;;;;;;;;;;;;;;;;;;;;;;;;;;;;;;;;;;;;;;;;;;;;;;;;;;;;;;;;;;;;;;;;;;;;;;;;;;;;;;;;
0;0;11;10;0;Inst_task;0;undefined;undefined;undefined;undefined;white;xpyriment;legacy;legacy;0;uniform;undefined;NA;undefined;undefined;undefined;1;23;24;NA;0;0;NA;0;23;1;0;0;0;0;0;0;0;0;0;0;0;23;1;0;0;0;23;NA;0;NA;undefined;1;0;06/15/21 15:59:40;The main experiment item;yes;;2. Instrumental.osexp;C:\Users\cncadmin\Desktop\Sara G\new task;no;mono;no;18;no;black;no;yes;768;legacy;23;23;1;0;0;C:/Users/cncadmin/Desktop/Sara G/DatiEEG/13ls2.csv;xpyriment;Kafkaesque Koffka;3.2.8;NA;0;0;0;0;4;4;0;m;NA;1;1;1;16093;NA;72449;16093;3703;2;legacy;1024;2;48000;-16;experiment;13;odd;7489;392986;381542;NA;80441;NA;NA;3253;381542;92051;80441;118359;118552;NA;7990;102266;3785;118553;80444;118359;80441;381542;92051;118552;80444;118552;392986;NA;3253;NA;pit experiment;0;0;0;yes;1024
INST;R2;1697;;;;;;;;;;;;;;;;;;;;;;;;;;;;;;;;;;;;;;;;;;;;;;;;;;;;;;;;;;;;;;;;;;;;;;;;;;;;;;;;;;;;;;;;;;;;;;;;;;;;;;;;;;;;;;;;;;;;;;;;;;;;;;;;;;;;;;;;;;;;
INST;R2;664;;;;;;;;;;;;;;;;;;;;;;;;;;;;;;;;;;;;;;;;;;;;;;;;;;;;;;;;;;;;;;;;;;;;;;;;;;;;;;;;;;;;;;;;;;;;;;;;;;;;;;;;;;;;;;;;;;;;;;;;;;;;;;;;;;;;;;;;;;;;
INST;R2;665;;;;;;;;;;;;;;;;;;;;;;;;;;;;;;;;;;;;;;;;;;;;;;;;;;;;;;;;;;;;;;;;;;;;;;;;;;;;;;;;;;;;;;;;;;;;;;;;;;;;;;;;;;;;;;;;;;;;;;;;;;;;;;;;;;;;;;;;;;;;
0;0;11;10;0;Inst_task;0;undefined;undefined;undefined;undefined;white;xpyriment;legacy;legacy;0;uniform;undefined;NA;undefined;undefined;undefined;1;24;25;NA;0;0;NA;0;24;1;0;0;0;0;0;0;0;0;0;0;0;24;1;0;0;0;24;NA;0;NA;undefined;1;0;06/15/21 15:59:40;The main experiment item;yes;;2. Instrumental.osexp;C:\Users\cncadmin\Desktop\Sara G\new task;no;mono;no;18;no;black;no;yes;768;legacy;24;24;1;0;0;C:/Users/cncadmin/Desktop/Sara G/DatiEEG/13ls2.csv;xpyriment;Kafkaesque Koffka;3.2.8;NA;0;0;0;0;3;3;0;m;NA;1;1;1;16093;NA;72449;16093;3703;2;legacy;1024;2;48000;-16;experiment;13;odd;7489;403669;393087;NA;80441;NA;NA;3253;393087;92051;80441;118359;118552;NA;7990;102266;3785;118553;80444;118359;80441;393087;92051;118552;80444;118552;403670;NA;3253;NA;pit experiment;0;0;0;yes;1024
INST;R2;506;;;;;;;;;;;;;;;;;;;;;;;;;;;;;;;;;;;;;;;;;;;;;;;;;;;;;;;;;;;;;;;;;;;;;;;;;;;;;;;;;;;;;;;;;;;;;;;;;;;;;;;;;;;;;;;;;;;;;;;;;;;;;;;;;;;;;;;;;;;;
INST;R2;648;;;;;;;;;;;;;;;;;;;;;;;;;;;;;;;;;;;;;;;;;;;;;;;;;;;;;;;;;;;;;;;;;;;;;;;;;;;;;;;;;;;;;;;;;;;;;;;;;;;;;;;;;;;;;;;;;;;;;;;;;;;;;;;;;;;;;;;;;;;;
INST;R2;712;;;;;;;;;;;;;;;;;;;;;;;;;;;;;;;;;;;;;;;;;;;;;;;;;;;;;;;;;;;;;;;;;;;;;;;;;;;;;;;;;;;;;;;;;;;;;;;;;;;;;;;;;;;;;;;;;;;;;;;;;;;;;;;;;;;;;;;;;;;;
INST;R2;520;;;;;;;;;;;;;;;;;;;;;;;;;;;;;;;;;;;;;;;;;;;;;;;;;;;;;;;;;;;;;;;;;;;;;;;;;;;;;;;;;;;;;;;;;;;;;;;;;;;;;;;;;;;;;;;;;;;;;;;;;;;;;;;;;;;;;;;;;;;;
0;0;11;11;0;Inst_task;0;undefined;undefined;undefined;undefined;white;xpyriment;legacy;legacy;0;uniform;undefined;NA;undefined;undefined;undefined;1;25;26;NA;0;0;NA;0;25;1;0;0;0;0;0;0;0;0;0;0;0;25;1;0;0;0;25;NA;0;NA;undefined;1;0;06/15/21 15:59:40;The main experiment item;yes;;2. Instrumental.osexp;C:\Users\cncadmin\Desktop\Sara G\new task;no;mono;no;18;no;black;no;yes;768;legacy;25;25;1;0;0;C:/Users/cncadmin/Desktop/Sara G/DatiEEG/13ls2.csv;xpyriment;Kafkaesque Koffka;3.2.8;NA;0;0;0;0;4;3;1;m;NA;1;1;1;16093;NA;72449;16093;3703;2;legacy;1024;2;48000;-16;experiment;13;odd;7489;414953;403749;NA;80441;NA;NA;3253;403749;92051;80441;118359;118552;NA;7990;102266;3785;118553;80444;118359;80441;403749;92051;118552;80444;118552;414954;NA;3253;NA;pit experiment;0;0;0;yes;1024
INST;R1;859;;;;;;;;;;;;;;;;;;;;;;;;;;;;;;;;;;;;;;;;;;;;;;;;;;;;;;;;;;;;;;;;;;;;;;;;;;;;;;;;;;;;;;;;;;;;;;;;;;;;;;;;;;;;;;;;;;;;;;;;;;;;;;;;;;;;;;;;;;;;
INST;R1;695;;;;;;;;;;;;;;;;;;;;;;;;;;;;;;;;;;;;;;;;;;;;;;;;;;;;;;;;;;;;;;;;;;;;;;;;;;;;;;;;;;;;;;;;;;;;;;;;;;;;;;;;;;;;;;;;;;;;;;;;;;;;;;;;;;;;;;;;;;;;
INST;R1;672;;;;;;;;;;;;;;;;;;;;;;;;;;;;;;;;;;;;;;;;;;;;;;;;;;;;;;;;;;;;;;;;;;;;;;;;;;;;;;;;;;;;;;;;;;;;;;;;;;;;;;;;;;;;;;;;;;;;;;;;;;;;;;;;;;;;;;;;;;;;
INST;R1;904;;;;;;;;;;;;;;;;;;;;;;;;;;;;;;;;;;;;;;;;;;;;;;;;;;;;;;;;;;;;;;;;;;;;;;;;;;;;;;;;;;;;;;;;;;;;;;;;;;;;;;;;;;;;;;;;;;;;;;;;;;;;;;;;;;;;;;;;;;;;
0;0;12;11;0;Inst_task;0;undefined;undefined;undefined;undefined;white;xpyriment;legacy;legacy;0;uniform;undefined;NA;undefined;undefined;undefined;1;26;27;NA;0;0;NA;0;26;1;0;0;0;0;0;0;0;0;0;0;0;26;1;0;0;0;26;NA;0;NA;undefined;1;0;06/15/21 15:59:40;The main experiment item;yes;;2. Instrumental.osexp;C:\Users\cncadmin\Desktop\Sara G\new task;no;mono;no;18;no;black;no;yes;768;legacy;26;26;1;0;0;C:/Users/cncadmin/Desktop/Sara G/DatiEEG/13ls2.csv;xpyriment;Kafkaesque Koffka;3.2.8;NA;0;4;3;1;0;0;0;z;NA;1;1;1;16093;NA;72449;16093;3703;2;legacy;1024;2;48000;-16;experiment;13;odd;7489;426651;415038;NA;80441;NA;NA;3253;415038;92051;80441;118359;118552;NA;7990;102266;3785;118553;80444;118359;80441;415038;92051;118552;80444;118552;426652;NA;3253;NA;pit experiment;0;0;0;yes;1024
INST;R2;736;;;;;;;;;;;;;;;;;;;;;;;;;;;;;;;;;;;;;;;;;;;;;;;;;;;;;;;;;;;;;;;;;;;;;;;;;;;;;;;;;;;;;;;;;;;;;;;;;;;;;;;;;;;;;;;;;;;;;;;;;;;;;;;;;;;;;;;;;;;;
INST;R2;672;;;;;;;;;;;;;;;;;;;;;;;;;;;;;;;;;;;;;;;;;;;;;;;;;;;;;;;;;;;;;;;;;;;;;;;;;;;;;;;;;;;;;;;;;;;;;;;;;;;;;;;;;;;;;;;;;;;;;;;;;;;;;;;;;;;;;;;;;;;;
INST;R2;728;;;;;;;;;;;;;;;;;;;;;;;;;;;;;;;;;;;;;;;;;;;;;;;;;;;;;;;;;;;;;;;;;;;;;;;;;;;;;;;;;;;;;;;;;;;;;;;;;;;;;;;;;;;;;;;;;;;;;;;;;;;;;;;;;;;;;;;;;;;;
INST;R2;672;;;;;;;;;;;;;;;;;;;;;;;;;;;;;;;;;;;;;;;;;;;;;;;;;;;;;;;;;;;;;;;;;;;;;;;;;;;;;;;;;;;;;;;;;;;;;;;;;;;;;;;;;;;;;;;;;;;;;;;;;;;;;;;;;;;;;;;;;;;;
0;0;12;12;0;Inst_task;0;undefined;undefined;undefined;undefined;white;xpyriment;legacy;legacy;0;uniform;undefined;NA;undefined;undefined;undefined;1;27;28;NA;0;0;NA;0;27;1;0;0;0;0;0;0;0;0;0;0;0;27;1;0;0;0;27;NA;0;NA;undefined;1;0;06/15/21 15:59:40;The main experiment item;yes;;2. Instrumental.osexp;C:\Users\cncadmin\Desktop\Sara G\new task;no;mono;no;18;no;black;no;yes;768;legacy;27;27;1;0;0;C:/Users/cncadmin/Desktop/Sara G/DatiEEG/13ls2.csv;xpyriment;Kafkaesque Koffka;3.2.8;NA;0;0;0;0;4;3;1;z;NA;1;1;1;16093;NA;72449;16093;3703;2;legacy;1024;2;48000;-16;experiment;13;odd;7489;438294;426756;NA;80441;NA;NA;3253;426756;92051;80441;118359;118552;NA;7990;102266;3785;118553;80444;118359;80441;426756;92051;118552;80444;118552;438294;NA;3253;NA;pit experiment;0;0;0;yes;1024
INST;R1;587;;;;;;;;;;;;;;;;;;;;;;;;;;;;;;;;;;;;;;;;;;;;;;;;;;;;;;;;;;;;;;;;;;;;;;;;;;;;;;;;;;;;;;;;;;;;;;;;;;;;;;;;;;;;;;;;;;;;;;;;;;;;;;;;;;;;;;;;;;;;
INST;R1;720;;;;;;;;;;;;;;;;;;;;;;;;;;;;;;;;;;;;;;;;;;;;;;;;;;;;;;;;;;;;;;;;;;;;;;;;;;;;;;;;;;;;;;;;;;;;;;;;;;;;;;;;;;;;;;;;;;;;;;;;;;;;;;;;;;;;;;;;;;;;
INST;R1;704;;;;;;;;;;;;;;;;;;;;;;;;;;;;;;;;;;;;;;;;;;;;;;;;;;;;;;;;;;;;;;;;;;;;;;;;;;;;;;;;;;;;;;;;;;;;;;;;;;;;;;;;;;;;;;;;;;;;;;;;;;;;;;;;;;;;;;;;;;;;
INST;R1;624;;;;;;;;;;;;;;;;;;;;;;;;;;;;;;;;;;;;;;;;;;;;;;;;;;;;;;;;;;;;;;;;;;;;;;;;;;;;;;;;;;;;;;;;;;;;;;;;;;;;;;;;;;;;;;;;;;;;;;;;;;;;;;;;;;;;;;;;;;;;
0;0;13;12;0;Inst_task;0;undefined;undefined;undefined;undefined;white;xpyriment;legacy;legacy;0;uniform;undefined;NA;undefined;undefined;undefined;1;28;29;NA;0;0;NA;0;28;1;0;0;0;0;0;0;0;0;0;0;0;28;1;0;0;0;28;NA;0;NA;undefined;1;0;06/15/21 15:59:40;The main experiment item;yes;;2. Instrumental.osexp;C:\Users\cncadmin\Desktop\Sara G\new task;no;mono;no;18;no;black;no;yes;768;legacy;28;28;1;0;0;C:/Users/cncadmin/Desktop/Sara G/DatiEEG/13ls2.csv;xpyriment;Kafkaesque Koffka;3.2.8;NA;0;4;3;1;0;0;0;z;NA;1;1;1;16093;NA;72449;16093;3703;2;legacy;1024;2;48000;-16;experiment;13;odd;7489;449673;438368;NA;80441;NA;NA;3253;438368;92051;80441;118359;118552;NA;7990;102266;3785;118553;80444;118359;80441;438368;92051;118552;80444;118552;449673;NA;3253;NA;pit experiment;0;0;0;yes;1024
INST;R1;586;;;;;;;;;;;;;;;;;;;;;;;;;;;;;;;;;;;;;;;;;;;;;;;;;;;;;;;;;;;;;;;;;;;;;;;;;;;;;;;;;;;;;;;;;;;;;;;;;;;;;;;;;;;;;;;;;;;;;;;;;;;;;;;;;;;;;;;;;;;;
INST;R1;704;;;;;;;;;;;;;;;;;;;;;;;;;;;;;;;;;;;;;;;;;;;;;;;;;;;;;;;;;;;;;;;;;;;;;;;;;;;;;;;;;;;;;;;;;;;;;;;;;;;;;;;;;;;;;;;;;;;;;;;;;;;;;;;;;;;;;;;;;;;;
INST;R1;680;;;;;;;;;;;;;;;;;;;;;;;;;;;;;;;;;;;;;;;;;;;;;;;;;;;;;;;;;;;;;;;;;;;;;;;;;;;;;;;;;;;;;;;;;;;;;;;;;;;;;;;;;;;;;;;;;;;;;;;;;;;;;;;;;;;;;;;;;;;;
INST;R1;744;;;;;;;;;;;;;;;;;;;;;;;;;;;;;;;;;;;;;;;;;;;;;;;;;;;;;;;;;;;;;;;;;;;;;;;;;;;;;;;;;;;;;;;;;;;;;;;;;;;;;;;;;;;;;;;;;;;;;;;;;;;;;;;;;;;;;;;;;;;;
0;0;13;12;0;Inst_task;0;undefined;undefined;undefined;undefined;white;xpyriment;legacy;legacy;0;uniform;undefined;NA;undefined;undefined;undefined;1;29;30;NA;0;0;NA;0;29;1;0;0;0;0;0;0;0;0;0;0;0;29;1;0;0;0;29;NA;0;NA;undefined;1;0;06/15/21 15:59:40;The main experiment item;yes;;2. Instrumental.osexp;C:\Users\cncadmin\Desktop\Sara G\new task;no;mono;no;18;no;black;no;yes;768;legacy;29;29;1;0;0;C:/Users/cncadmin/Desktop/Sara G/DatiEEG/13ls2.csv;xpyriment;Kafkaesque Koffka;3.2.8;NA;0;4;4;0;0;0;0;m;NA;1;1;1;16093;NA;72449;16093;3703;2;legacy;1024;2;48000;-16;experiment;13;odd;7489;461333;449763;NA;80441;NA;NA;3253;449763;92051;80441;118359;118552;NA;7990;102266;3785;118553;80444;118359;80441;449763;92051;118552;80444;118552;461333;NA;3253;NA;pit experiment;0;0;0;yes;1024
INST;R1;596;;;;;;;;;;;;;;;;;;;;;;;;;;;;;;;;;;;;;;;;;;;;;;;;;;;;;;;;;;;;;;;;;;;;;;;;;;;;;;;;;;;;;;;;;;;;;;;;;;;;;;;;;;;;;;;;;;;;;;;;;;;;;;;;;;;;;;;;;;;;
INST;R1;759;;;;;;;;;;;;;;;;;;;;;;;;;;;;;;;;;;;;;;;;;;;;;;;;;;;;;;;;;;;;;;;;;;;;;;;;;;;;;;;;;;;;;;;;;;;;;;;;;;;;;;;;;;;;;;;;;;;;;;;;;;;;;;;;;;;;;;;;;;;;
INST;R1;680;;;;;;;;;;;;;;;;;;;;;;;;;;;;;;;;;;;;;;;;;;;;;;;;;;;;;;;;;;;;;;;;;;;;;;;;;;;;;;;;;;;;;;;;;;;;;;;;;;;;;;;;;;;;;;;;;;;;;;;;;;;;;;;;;;;;;;;;;;;;
INST;R1;673;;;;;;;;;;;;;;;;;;;;;;;;;;;;;;;;;;;;;;;;;;;;;;;;;;;;;;;;;;;;;;;;;;;;;;;;;;;;;;;;;;;;;;;;;;;;;;;;;;;;;;;;;;;;;;;;;;;;;;;;;;;;;;;;;;;;;;;;;;;;
0;0;13;12;0;Inst_task;0;undefined;undefined;undefined;undefined;white;xpyriment;legacy;legacy;0;uniform;undefined;NA;undefined;undefined;undefined;1;30;31;NA;0;0;NA;0;30;1;0;0;0;0;0;0;0;0;0;0;0;30;1;0;0;0;30;NA;0;NA;undefined;1;0;06/15/21 15:59:40;The main experiment item;yes;;2. Instrumental.osexp;C:\Users\cncadmin\Desktop\Sara G\new task;no;mono;no;18;no;black;no;yes;768;legacy;30;30;1;0;0;C:/Users/cncadmin/Desktop/Sara G/DatiEEG/13ls2.csv;xpyriment;Kafkaesque Koffka;3.2.8;NA;0;4;4;0;0;0;0;m;NA;1;1;1;16093;NA;72449;16093;3703;2;legacy;1024;2;48000;-16;experiment;13;odd;7489;473061;461468;NA;80441;NA;NA;3253;461468;92051;80441;118359;118552;NA;7990;102266;3785;118553;80444;118359;80441;461468;92051;118552;80444;118552;473061;NA;3253;NA;pit experiment;0;0;0;yes;1024
INST;R2;461;;;;;;;;;;;;;;;;;;;;;;;;;;;;;;;;;;;;;;;;;;;;;;;;;;;;;;;;;;;;;;;;;;;;;;;;;;;;;;;;;;;;;;;;;;;;;;;;;;;;;;;;;;;;;;;;;;;;;;;;;;;;;;;;;;;;;;;;;;;;
INST;R2;672;;;;;;;;;;;;;;;;;;;;;;;;;;;;;;;;;;;;;;;;;;;;;;;;;;;;;;;;;;;;;;;;;;;;;;;;;;;;;;;;;;;;;;;;;;;;;;;;;;;;;;;;;;;;;;;;;;;;;;;;;;;;;;;;;;;;;;;;;;;;
INST;R2;656;;;;;;;;;;;;;;;;;;;;;;;;;;;;;;;;;;;;;;;;;;;;;;;;;;;;;;;;;;;;;;;;;;;;;;;;;;;;;;;;;;;;;;;;;;;;;;;;;;;;;;;;;;;;;;;;;;;;;;;;;;;;;;;;;;;;;;;;;;;;
INST;R2;824;;;;;;;;;;;;;;;;;;;;;;;;;;;;;;;;;;;;;;;;;;;;;;;;;;;;;;;;;;;;;;;;;;;;;;;;;;;;;;;;;;;;;;;;;;;;;;;;;;;;;;;;;;;;;;;;;;;;;;;;;;;;;;;;;;;;;;;;;;;;
0;0;13;13;0;Inst_task;0;undefined;undefined;undefined;undefined;white;xpyriment;legacy;legacy;0;uniform;undefined;NA;undefined;undefined;undefined;1;31;32;NA;0;0;NA;0;31;1;0;0;0;0;0;0;0;0;0;0;0;31;1;0;0;0;31;NA;0;NA;undefined;1;0;06/15/21 15:59:40;The main experiment item;yes;;2. Instrumental.osexp;C:\Users\cncadmin\Desktop\Sara G\new task;no;mono;no;18;no;black;no;yes;768;legacy;31;31;1;0;0;C:/Users/cncadmin/Desktop/Sara G/DatiEEG/13ls2.csv;xpyriment;Kafkaesque Koffka;3.2.8;NA;0;0;0;0;4;3;1;z;NA;1;1;1;16093;NA;72449;16093;3703;2;legacy;1024;2;48000;-16;experiment;13;odd;7489;484580;473145;NA;80441;NA;NA;3253;473145;92051;80441;118359;118552;NA;7990;102266;3785;118553;80444;118359;80441;473145;92051;118552;80444;118552;484580;NA;3253;NA;pit experiment;0;0;0;yes;1024
INST;R1;405;;;;;;;;;;;;;;;;;;;;;;;;;;;;;;;;;;;;;;;;;;;;;;;;;;;;;;;;;;;;;;;;;;;;;;;;;;;;;;;;;;;;;;;;;;;;;;;;;;;;;;;;;;;;;;;;;;;;;;;;;;;;;;;;;;;;;;;;;;;;
INST;R1;952;;;;;;;;;;;;;;;;;;;;;;;;;;;;;;;;;;;;;;;;;;;;;;;;;;;;;;;;;;;;;;;;;;;;;;;;;;;;;;;;;;;;;;;;;;;;;;;;;;;;;;;;;;;;;;;;;;;;;;;;;;;;;;;;;;;;;;;;;;;;
INST;R1;920;;;;;;;;;;;;;;;;;;;;;;;;;;;;;;;;;;;;;;;;;;;;;;;;;;;;;;;;;;;;;;;;;;;;;;;;;;;;;;;;;;;;;;;;;;;;;;;;;;;;;;;;;;;;;;;;;;;;;;;;;;;;;;;;;;;;;;;;;;;;
INST;R1;888;;;;;;;;;;;;;;;;;;;;;;;;;;;;;;;;;;;;;;;;;;;;;;;;;;;;;;;;;;;;;;;;;;;;;;;;;;;;;;;;;;;;;;;;;;;;;;;;;;;;;;;;;;;;;;;;;;;;;;;;;;;;;;;;;;;;;;;;;;;;
0;0;14;13;0;Inst_task;0;undefined;undefined;undefined;undefined;white;xpyriment;legacy;legacy;0;uniform;undefined;NA;undefined;undefined;undefined;1;32;33;NA;0;0;NA;0;32;1;0;0;0;0;0;0;0;0;0;0;0;32;1;0;0;0;32;NA;0;NA;undefined;1;0;06/15/21 15:59:40;The main experiment item;yes;;2. Instrumental.osexp;C:\Users\cncadmin\Desktop\Sara G\new task;no;mono;no;18;no;black;no;yes;768;legacy;32;32;1;0;0;C:/Users/cncadmin/Desktop/Sara G/DatiEEG/13ls2.csv;xpyriment;Kafkaesque Koffka;3.2.8;NA;0;4;3;1;0;0;0;z;NA;1;1;1;16093;NA;72449;16093;3703;2;legacy;1024;2;48000;-16;experiment;13;odd;7489;496494;484675;NA;80441;NA;NA;3253;484675;92051;80441;118359;118552;NA;7990;102266;3785;118553;80444;118359;80441;484675;92051;118552;80444;118552;496494;NA;3253;NA;pit experiment;0;0;0;yes;1024
INST;R2;472;;;;;;;;;;;;;;;;;;;;;;;;;;;;;;;;;;;;;;;;;;;;;;;;;;;;;;;;;;;;;;;;;;;;;;;;;;;;;;;;;;;;;;;;;;;;;;;;;;;;;;;;;;;;;;;;;;;;;;;;;;;;;;;;;;;;;;;;;;;;
INST;R2;1200;;;;;;;;;;;;;;;;;;;;;;;;;;;;;;;;;;;;;;;;;;;;;;;;;;;;;;;;;;;;;;;;;;;;;;;;;;;;;;;;;;;;;;;;;;;;;;;;;;;;;;;;;;;;;;;;;;;;;;;;;;;;;;;;;;;;;;;;;;;;
INST;R2;848;;;;;;;;;;;;;;;;;;;;;;;;;;;;;;;;;;;;;;;;;;;;;;;;;;;;;;;;;;;;;;;;;;;;;;;;;;;;;;;;;;;;;;;;;;;;;;;;;;;;;;;;;;;;;;;;;;;;;;;;;;;;;;;;;;;;;;;;;;;;
INST;R2;713;;;;;;;;;;;;;;;;;;;;;;;;;;;;;;;;;;;;;;;;;;;;;;;;;;;;;;;;;;;;;;;;;;;;;;;;;;;;;;;;;;;;;;;;;;;;;;;;;;;;;;;;;;;;;;;;;;;;;;;;;;;;;;;;;;;;;;;;;;;;
0;0;14;14;0;Inst_task;0;undefined;undefined;undefined;undefined;white;xpyriment;legacy;legacy;0;uniform;undefined;NA;undefined;undefined;undefined;1;33;34;NA;0;0;NA;0;33;1;0;0;0;0;0;0;0;0;0;0;0;33;1;0;0;0;33;NA;0;NA;undefined;1;0;06/15/21 15:59:40;The main experiment item;yes;;2. Instrumental.osexp;C:\Users\cncadmin\Desktop\Sara G\new task;no;mono;no;18;no;black;no;yes;768;legacy;33;33;1;0;0;C:/Users/cncadmin/Desktop/Sara G/DatiEEG/13ls2.csv;xpyriment;Kafkaesque Koffka;3.2.8;NA;0;0;0;0;4;3;1;z;NA;1;1;1;16093;NA;72449;16093;3703;2;legacy;1024;2;48000;-16;experiment;13;odd;7489;508656;496565;NA;80441;NA;NA;3253;496565;92051;80441;118359;118552;NA;7990;102266;3785;118553;80444;118359;80441;496565;92051;118552;80444;118552;508656;NA;3253;NA;pit experiment;0;0;0;yes;1024
INST;R1;376;;;;;;;;;;;;;;;;;;;;;;;;;;;;;;;;;;;;;;;;;;;;;;;;;;;;;;;;;;;;;;;;;;;;;;;;;;;;;;;;;;;;;;;;;;;;;;;;;;;;;;;;;;;;;;;;;;;;;;;;;;;;;;;;;;;;;;;;;;;;
INST;R1;824;;;;;;;;;;;;;;;;;;;;;;;;;;;;;;;;;;;;;;;;;;;;;;;;;;;;;;;;;;;;;;;;;;;;;;;;;;;;;;;;;;;;;;;;;;;;;;;;;;;;;;;;;;;;;;;;;;;;;;;;;;;;;;;;;;;;;;;;;;;;
INST;R1;624;;;;;;;;;;;;;;;;;;;;;;;;;;;;;;;;;;;;;;;;;;;;;;;;;;;;;;;;;;;;;;;;;;;;;;;;;;;;;;;;;;;;;;;;;;;;;;;;;;;;;;;;;;;;;;;;;;;;;;;;;;;;;;;;;;;;;;;;;;;;
INST;R1;752;;;;;;;;;;;;;;;;;;;;;;;;;;;;;;;;;;;;;;;;;;;;;;;;;;;;;;;;;;;;;;;;;;;;;;;;;;;;;;;;;;;;;;;;;;;;;;;;;;;;;;;;;;;;;;;;;;;;;;;;;;;;;;;;;;;;;;;;;;;;
0;0;17;14;0;Inst_task;0;undefined;undefined;undefined;undefined;white;xpyriment;legacy;legacy;0;uniform;undefined;NA;undefined;undefined;undefined;1;34;35;NA;0;0;NA;0;34;1;0;0;0;0;0;0;0;0;0;0;0;34;1;0;0;0;34;NA;0;NA;undefined;1;0;06/15/21 15:59:40;The main experiment item;yes;;2. Instrumental.osexp;C:\Users\cncadmin\Desktop\Sara G\new task;no;mono;no;18;no;black;no;yes;768;legacy;34;34;1;0;0;C:/Users/cncadmin/Desktop/Sara G/DatiEEG/13ls2.csv;xpyriment;Kafkaesque Koffka;3.2.8;NA;0;4;1;3;0;0;0;m;NA;1;1;1;16093;NA;72449;16093;3703;2;legacy;1024;2;48000;-16;experiment;13;odd;7489;519993;508747;NA;80441;NA;NA;3253;508747;92051;80441;118359;118552;NA;7990;102266;3785;118553;80444;118359;80441;508747;92051;118552;80444;118552;519993;NA;3253;NA;pit experiment;0;0;0;yes;1024
INST;R2;510;;;;;;;;;;;;;;;;;;;;;;;;;;;;;;;;;;;;;;;;;;;;;;;;;;;;;;;;;;;;;;;;;;;;;;;;;;;;;;;;;;;;;;;;;;;;;;;;;;;;;;;;;;;;;;;;;;;;;;;;;;;;;;;;;;;;;;;;;;;;
INST;R2;672;;;;;;;;;;;;;;;;;;;;;;;;;;;;;;;;;;;;;;;;;;;;;;;;;;;;;;;;;;;;;;;;;;;;;;;;;;;;;;;;;;;;;;;;;;;;;;;;;;;;;;;;;;;;;;;;;;;;;;;;;;;;;;;;;;;;;;;;;;;;
INST;R2;656;;;;;;;;;;;;;;;;;;;;;;;;;;;;;;;;;;;;;;;;;;;;;;;;;;;;;;;;;;;;;;;;;;;;;;;;;;;;;;;;;;;;;;;;;;;;;;;;;;;;;;;;;;;;;;;;;;;;;;;;;;;;;;;;;;;;;;;;;;;;
INST;R2;864;;;;;;;;;;;;;;;;;;;;;;;;;;;;;;;;;;;;;;;;;;;;;;;;;;;;;;;;;;;;;;;;;;;;;;;;;;;;;;;;;;;;;;;;;;;;;;;;;;;;;;;;;;;;;;;;;;;;;;;;;;;;;;;;;;;;;;;;;;;;
0;0;17;15;0;Inst_task;0;undefined;undefined;undefined;undefined;white;xpyriment;legacy;legacy;0;uniform;undefined;NA;undefined;undefined;undefined;1;35;36;NA;0;0;NA;0;35;1;0;0;0;0;0;0;0;0;0;0;0;35;1;0;0;0;35;NA;0;NA;undefined;1;0;06/15/21 15:59:40;The main experiment item;yes;;2. Instrumental.osexp;C:\Users\cncadmin\Desktop\Sara G\new task;no;mono;no;18;no;black;no;yes;768;legacy;35;35;1;0;0;C:/Users/cncadmin/Desktop/Sara G/DatiEEG/13ls2.csv;xpyriment;Kafkaesque Koffka;3.2.8;NA;0;0;0;0;4;3;1;z;NA;1;1;1;16093;NA;72449;16093;3703;2;legacy;1024;2;48000;-16;experiment;13;odd;7489;531560;520107;NA;80441;NA;NA;3253;520107;92051;80441;118359;118552;NA;7990;102266;3785;118553;80444;118359;80441;520107;92051;118552;80444;118552;531560;NA;3253;NA;pit experiment;0;0;0;yes;1024
1;0;17;15;0;Inst_question;0;undefined;undefined;undefined;undefined;white;xpyriment;legacy;legacy;0;uniform;undefined;l;undefined;undefined;undefined;2;35;36;0;0;0;0;0;35;1;0;0;0;0;0;0;0;0;0;0;0;35;1;0;0;0;36;0;0;0;undefined;1;0;06/15/21 15:59:40;The main experiment item;yes;;2. Instrumental.osexp;C:\Users\cncadmin\Desktop\Sara G\new task;no;mono;no;18;no;black;no;yes;768;legacy;0;36;1;0;0;C:/Users/cncadmin/Desktop/Sara G/DatiEEG/13ls2.csv;xpyriment;Kafkaesque Koffka;3.2.8;left;0;0;0;0;4;3;1;l;NA;1;1;1;16093;NA;72449;16093;3703;2;legacy;1024;2;48000;-16;experiment;13;odd;543242;531560;520107;532178;80441;NA;532181;3253;520107;92051;80441;118359;118552;531644;7990;102266;3785;118553;80444;118359;80441;520107;92051;118552;80444;118552;543742;532178;3253;532181;pit experiment;0;0;0;yes;1024
2;0;17;15;0;Inst_question;0;undefined;undefined;undefined;undefined;white;xpyriment;legacy;legacy;0;uniform;undefined;a;undefined;undefined;undefined;3;35;36;1;0;0;1;0;35;1;0;0;0;0;0;0;0;0;0;0;0;35;1;0;0;0;37;1;0;1;undefined;1;0;06/15/21 15:59:40;The main experiment item;yes;;2. Instrumental.osexp;C:\Users\cncadmin\Desktop\Sara G\new task;no;mono;no;18;no;black;no;yes;768;legacy;1;36;1;0;0;C:/Users/cncadmin/Desktop/Sara G/DatiEEG/13ls2.csv;xpyriment;Kafkaesque Koffka;3.2.8;right;0;0;0;0;4;3;1;a;NA;1;1;1;16093;NA;72449;16093;3703;2;legacy;1024;2;48000;-16;experiment;13;odd;548977;531560;520107;544345;80441;NA;544347;3253;520107;92051;80441;118359;118552;531644;7990;102266;3785;118553;80444;118359;80441;520107;92051;118552;80444;118552;549477;544345;3253;544347;pit experiment;0;0;0;yes;1024
INST;R2;929;;;;;;;;;;;;;;;;;;;;;;;;;;;;;;;;;;;;;;;;;;;;;;;;;;;;;;;;;;;;;;;;;;;;;;;;;;;;;;;;;;;;;;;;;;;;;;;;;;;;;;;;;;;;;;;;;;;;;;;;;;;;;;;;;;;;;;;;;;;;
INST;R2;1320;;;;;;;;;;;;;;;;;;;;;;;;;;;;;;;;;;;;;;;;;;;;;;;;;;;;;;;;;;;;;;;;;;;;;;;;;;;;;;;;;;;;;;;;;;;;;;;;;;;;;;;;;;;;;;;;;;;;;;;;;;;;;;;;;;;;;;;;;;;;
INST;R2;1049;;;;;;;;;;;;;;;;;;;;;;;;;;;;;;;;;;;;;;;;;;;;;;;;;;;;;;;;;;;;;;;;;;;;;;;;;;;;;;;;;;;;;;;;;;;;;;;;;;;;;;;;;;;;;;;;;;;;;;;;;;;;;;;;;;;;;;;;;;;;
2;0;0;1;0;Inst_task;0;undefined;undefined;undefined;undefined;white;xpyriment;legacy;legacy;0;uniform;undefined;a;undefined;undefined;undefined;3;36;37;1;0;1;1;0;36;1;0;0;1;1;0;0;0;1;0;0;0;36;1;1;0;1;38;1;0;1;undefined;1;0;06/15/21 15:59:40;The main experiment item;yes;;2. Instrumental.osexp;C:\Users\cncadmin\Desktop\Sara G\new task;no;mono;no;18;no;black;no;yes;768;legacy;0;0;1;1;0;C:/Users/cncadmin/Desktop/Sara G/DatiEEG/13ls2.csv;xpyriment;Kafkaesque Koffka;3.2.8;right;0;0;0;0;3;2;1;z;NA;1;1;1;16093;NA;72449;16093;3703;2;legacy;1024;2;48000;-16;experiment;13;odd;548977;560848;549802;544345;80441;NA;544347;3253;549802;92051;80441;118359;549777;531644;7990;102266;3785;549777;80444;118359;80441;549801;92051;549777;80444;549777;560848;544345;3253;544347;pit experiment;0;0;0;yes;1024
INST;R1;600;;;;;;;;;;;;;;;;;;;;;;;;;;;;;;;;;;;;;;;;;;;;;;;;;;;;;;;;;;;;;;;;;;;;;;;;;;;;;;;;;;;;;;;;;;;;;;;;;;;;;;;;;;;;;;;;;;;;;;;;;;;;;;;;;;;;;;;;;;;;
INST;R1;768;;;;;;;;;;;;;;;;;;;;;;;;;;;;;;;;;;;;;;;;;;;;;;;;;;;;;;;;;;;;;;;;;;;;;;;;;;;;;;;;;;;;;;;;;;;;;;;;;;;;;;;;;;;;;;;;;;;;;;;;;;;;;;;;;;;;;;;;;;;;
INST;R1;744;;;;;;;;;;;;;;;;;;;;;;;;;;;;;;;;;;;;;;;;;;;;;;;;;;;;;;;;;;;;;;;;;;;;;;;;;;;;;;;;;;;;;;;;;;;;;;;;;;;;;;;;;;;;;;;;;;;;;;;;;;;;;;;;;;;;;;;;;;;;
INST;R1;800;;;;;;;;;;;;;;;;;;;;;;;;;;;;;;;;;;;;;;;;;;;;;;;;;;;;;;;;;;;;;;;;;;;;;;;;;;;;;;;;;;;;;;;;;;;;;;;;;;;;;;;;;;;;;;;;;;;;;;;;;;;;;;;;;;;;;;;;;;;;
2;0;1;1;0;Inst_task;0;undefined;undefined;undefined;undefined;white;xpyriment;legacy;legacy;0;uniform;undefined;a;undefined;undefined;undefined;3;37;38;1;0;1;1;0;37;1;0;0;1;1;0;0;0;1;0;0;0;37;1;1;0;1;39;1;0;1;undefined;1;0;06/15/21 15:59:40;The main experiment item;yes;;2. Instrumental.osexp;C:\Users\cncadmin\Desktop\Sara G\new task;no;mono;no;18;no;black;no;yes;768;legacy;1;1;1;1;0;C:/Users/cncadmin/Desktop/Sara G/DatiEEG/13ls2.csv;xpyriment;Kafkaesque Koffka;3.2.8;right;0;4;3;1;0;0;0;m;NA;1;1;1;16093;NA;72449;16093;3703;2;legacy;1024;2;48000;-16;experiment;13;odd;548977;572511;560927;544345;80441;NA;544347;3253;560927;92051;80441;118359;549777;531644;7990;102266;3785;549777;80444;118359;80441;560927;92051;549777;80444;549777;572511;544345;3253;544347;pit experiment;0;0;0;yes;1024
INST;R1;490;;;;;;;;;;;;;;;;;;;;;;;;;;;;;;;;;;;;;;;;;;;;;;;;;;;;;;;;;;;;;;;;;;;;;;;;;;;;;;;;;;;;;;;;;;;;;;;;;;;;;;;;;;;;;;;;;;;;;;;;;;;;;;;;;;;;;;;;;;;;
INST;R1;704;;;;;;;;;;;;;;;;;;;;;;;;;;;;;;;;;;;;;;;;;;;;;;;;;;;;;;;;;;;;;;;;;;;;;;;;;;;;;;;;;;;;;;;;;;;;;;;;;;;;;;;;;;;;;;;;;;;;;;;;;;;;;;;;;;;;;;;;;;;;
INST;R1;776;;;;;;;;;;;;;;;;;;;;;;;;;;;;;;;;;;;;;;;;;;;;;;;;;;;;;;;;;;;;;;;;;;;;;;;;;;;;;;;;;;;;;;;;;;;;;;;;;;;;;;;;;;;;;;;;;;;;;;;;;;;;;;;;;;;;;;;;;;;;
INST;R1;664;;;;;;;;;;;;;;;;;;;;;;;;;;;;;;;;;;;;;;;;;;;;;;;;;;;;;;;;;;;;;;;;;;;;;;;;;;;;;;;;;;;;;;;;;;;;;;;;;;;;;;;;;;;;;;;;;;;;;;;;;;;;;;;;;;;;;;;;;;;;
2;0;2;1;0;Inst_task;0;undefined;undefined;undefined;undefined;white;xpyriment;legacy;legacy;0;uniform;undefined;a;undefined;undefined;undefined;3;38;39;1;0;1;1;0;38;1;0;0;1;1;0;0;0;1;0;0;0;38;1;1;0;1;40;1;0;1;undefined;1;0;06/15/21 15:59:40;The main experiment item;yes;;2. Instrumental.osexp;C:\Users\cncadmin\Desktop\Sara G\new task;no;mono;no;18;no;black;no;yes;768;legacy;2;2;1;1;0;C:/Users/cncadmin/Desktop/Sara G/DatiEEG/13ls2.csv;xpyriment;Kafkaesque Koffka;3.2.8;right;0;4;3;1;0;0;0;z;NA;1;1;1;16093;NA;72449;16093;3703;2;legacy;1024;2;48000;-16;experiment;13;odd;548977;584098;572604;544345;80441;NA;544347;3253;572604;92051;80441;118359;549777;531644;7990;102266;3785;549777;80444;118359;80441;572604;92051;549777;80444;549777;584099;544345;3253;544347;pit experiment;0;0;0;yes;1024
INST;R2;536;;;;;;;;;;;;;;;;;;;;;;;;;;;;;;;;;;;;;;;;;;;;;;;;;;;;;;;;;;;;;;;;;;;;;;;;;;;;;;;;;;;;;;;;;;;;;;;;;;;;;;;;;;;;;;;;;;;;;;;;;;;;;;;;;;;;;;;;;;;;
INST;R2;696;;;;;;;;;;;;;;;;;;;;;;;;;;;;;;;;;;;;;;;;;;;;;;;;;;;;;;;;;;;;;;;;;;;;;;;;;;;;;;;;;;;;;;;;;;;;;;;;;;;;;;;;;;;;;;;;;;;;;;;;;;;;;;;;;;;;;;;;;;;;
INST;R2;632;;;;;;;;;;;;;;;;;;;;;;;;;;;;;;;;;;;;;;;;;;;;;;;;;;;;;;;;;;;;;;;;;;;;;;;;;;;;;;;;;;;;;;;;;;;;;;;;;;;;;;;;;;;;;;;;;;;;;;;;;;;;;;;;;;;;;;;;;;;;
INST;R2;784;;;;;;;;;;;;;;;;;;;;;;;;;;;;;;;;;;;;;;;;;;;;;;;;;;;;;;;;;;;;;;;;;;;;;;;;;;;;;;;;;;;;;;;;;;;;;;;;;;;;;;;;;;;;;;;;;;;;;;;;;;;;;;;;;;;;;;;;;;;;
2;0;2;2;0;Inst_task;0;undefined;undefined;undefined;undefined;white;xpyriment;legacy;legacy;0;uniform;undefined;a;undefined;undefined;undefined;3;39;40;1;0;1;1;0;39;1;0;0;1;1;0;0;0;1;0;0;0;39;1;1;0;1;41;1;0;1;undefined;1;0;06/15/21 15:59:40;The main experiment item;yes;;2. Instrumental.osexp;C:\Users\cncadmin\Desktop\Sara G\new task;no;mono;no;18;no;black;no;yes;768;legacy;3;3;1;1;0;C:/Users/cncadmin/Desktop/Sara G/DatiEEG/13ls2.csv;xpyriment;Kafkaesque Koffka;3.2.8;right;0;0;0;0;4;3;1;z;NA;1;1;1;16093;NA;72449;16093;3703;2;legacy;1024;2;48000;-16;experiment;13;odd;548977;595460;584171;544345;80441;NA;544347;3253;584171;92051;80441;118359;549777;531644;7990;102266;3785;549777;80444;118359;80441;584171;92051;549777;80444;549777;595460;544345;3253;544347;pit experiment;0;0;0;yes;1024
INST;R2;700;;;;;;;;;;;;;;;;;;;;;;;;;;;;;;;;;;;;;;;;;;;;;;;;;;;;;;;;;;;;;;;;;;;;;;;;;;;;;;;;;;;;;;;;;;;;;;;;;;;;;;;;;;;;;;;;;;;;;;;;;;;;;;;;;;;;;;;;;;;;
INST;R2;736;;;;;;;;;;;;;;;;;;;;;;;;;;;;;;;;;;;;;;;;;;;;;;;;;;;;;;;;;;;;;;;;;;;;;;;;;;;;;;;;;;;;;;;;;;;;;;;;;;;;;;;;;;;;;;;;;;;;;;;;;;;;;;;;;;;;;;;;;;;;
INST;R2;1840;;;;;;;;;;;;;;;;;;;;;;;;;;;;;;;;;;;;;;;;;;;;;;;;;;;;;;;;;;;;;;;;;;;;;;;;;;;;;;;;;;;;;;;;;;;;;;;;;;;;;;;;;;;;;;;;;;;;;;;;;;;;;;;;;;;;;;;;;;;;
2;0;2;2;0;Inst_task;0;undefined;undefined;undefined;undefined;white;xpyriment;legacy;legacy;0;uniform;undefined;a;undefined;undefined;undefined;3;40;41;1;0;1;1;0;40;1;0;0;1;1;0;0;0;1;0;0;0;40;1;1;0;1;42;1;0;1;undefined;1;0;06/15/21 15:59:40;The main experiment item;yes;;2. Instrumental.osexp;C:\Users\cncadmin\Desktop\Sara G\new task;no;mono;no;18;no;black;no;yes;768;legacy;4;4;1;1;0;C:/Users/cncadmin/Desktop/Sara G/DatiEEG/13ls2.csv;xpyriment;Kafkaesque Koffka;3.2.8;right;0;0;0;0;3;3;0;z;NA;1;1;1;16093;NA;72449;16093;3703;2;legacy;1024;2;48000;-16;experiment;13;odd;548977;606466;595542;544345;80441;NA;544347;3253;595542;92051;80441;118359;549777;531644;7990;102266;3785;549777;80444;118359;80441;595542;92051;549777;80444;549777;606466;544345;3253;544347;pit experiment;0;0;0;yes;1024
INST;R1;522;;;;;;;;;;;;;;;;;;;;;;;;;;;;;;;;;;;;;;;;;;;;;;;;;;;;;;;;;;;;;;;;;;;;;;;;;;;;;;;;;;;;;;;;;;;;;;;;;;;;;;;;;;;;;;;;;;;;;;;;;;;;;;;;;;;;;;;;;;;;
INST;R1;768;;;;;;;;;;;;;;;;;;;;;;;;;;;;;;;;;;;;;;;;;;;;;;;;;;;;;;;;;;;;;;;;;;;;;;;;;;;;;;;;;;;;;;;;;;;;;;;;;;;;;;;;;;;;;;;;;;;;;;;;;;;;;;;;;;;;;;;;;;;;
INST;R1;696;;;;;;;;;;;;;;;;;;;;;;;;;;;;;;;;;;;;;;;;;;;;;;;;;;;;;;;;;;;;;;;;;;;;;;;;;;;;;;;;;;;;;;;;;;;;;;;;;;;;;;;;;;;;;;;;;;;;;;;;;;;;;;;;;;;;;;;;;;;;
INST;R1;776;;;;;;;;;;;;;;;;;;;;;;;;;;;;;;;;;;;;;;;;;;;;;;;;;;;;;;;;;;;;;;;;;;;;;;;;;;;;;;;;;;;;;;;;;;;;;;;;;;;;;;;;;;;;;;;;;;;;;;;;;;;;;;;;;;;;;;;;;;;;
2;0;3;2;0;Inst_task;0;undefined;undefined;undefined;undefined;white;xpyriment;legacy;legacy;0;uniform;undefined;a;undefined;undefined;undefined;3;41;42;1;0;1;1;0;41;1;0;0;1;1;0;0;0;1;0;0;0;41;1;1;0;1;43;1;0;1;undefined;1;0;06/15/21 15:59:40;The main experiment item;yes;;2. Instrumental.osexp;C:\Users\cncadmin\Desktop\Sara G\new task;no;mono;no;18;no;black;no;yes;768;legacy;5;5;1;1;0;C:/Users/cncadmin/Desktop/Sara G/DatiEEG/13ls2.csv;xpyriment;Kafkaesque Koffka;3.2.8;right;0;4;3;1;0;0;0;z;NA;1;1;1;16093;NA;72449;16093;3703;2;legacy;1024;2;48000;-16;experiment;13;odd;548977;618035;606568;544345;80441;NA;544347;3253;606568;92051;80441;118359;549777;531644;7990;102266;3785;549777;80444;118359;80441;606568;92051;549777;80444;549777;618035;544345;3253;544347;pit experiment;0;0;0;yes;1024
INST;R2;694;;;;;;;;;;;;;;;;;;;;;;;;;;;;;;;;;;;;;;;;;;;;;;;;;;;;;;;;;;;;;;;;;;;;;;;;;;;;;;;;;;;;;;;;;;;;;;;;;;;;;;;;;;;;;;;;;;;;;;;;;;;;;;;;;;;;;;;;;;;;
INST;R2;911;;;;;;;;;;;;;;;;;;;;;;;;;;;;;;;;;;;;;;;;;;;;;;;;;;;;;;;;;;;;;;;;;;;;;;;;;;;;;;;;;;;;;;;;;;;;;;;;;;;;;;;;;;;;;;;;;;;;;;;;;;;;;;;;;;;;;;;;;;;;
INST;R2;672;;;;;;;;;;;;;;;;;;;;;;;;;;;;;;;;;;;;;;;;;;;;;;;;;;;;;;;;;;;;;;;;;;;;;;;;;;;;;;;;;;;;;;;;;;;;;;;;;;;;;;;;;;;;;;;;;;;;;;;;;;;;;;;;;;;;;;;;;;;;
INST;R2;681;;;;;;;;;;;;;;;;;;;;;;;;;;;;;;;;;;;;;;;;;;;;;;;;;;;;;;;;;;;;;;;;;;;;;;;;;;;;;;;;;;;;;;;;;;;;;;;;;;;;;;;;;;;;;;;;;;;;;;;;;;;;;;;;;;;;;;;;;;;;
2;0;3;3;0;Inst_task;0;undefined;undefined;undefined;undefined;white;xpyriment;legacy;legacy;0;uniform;undefined;a;undefined;undefined;undefined;3;42;43;1;0;1;1;0;42;1;0;0;1;1;0;0;0;1;0;0;0;42;1;1;0;1;44;1;0;1;undefined;1;0;06/15/21 15:59:40;The main experiment item;yes;;2. Instrumental.osexp;C:\Users\cncadmin\Desktop\Sara G\new task;no;mono;no;18;no;black;no;yes;768;legacy;6;6;1;1;0;C:/Users/cncadmin/Desktop/Sara G/DatiEEG/13ls2.csv;xpyriment;Kafkaesque Koffka;3.2.8;right;0;0;0;0;4;3;1;m;NA;1;1;1;16093;NA;72449;16093;3703;2;legacy;1024;2;48000;-16;experiment;13;odd;548977;629937;618125;544345;80441;NA;544347;3253;618125;92051;80441;118359;549777;531644;7990;102266;3785;549777;80444;118359;80441;618125;92051;549777;80444;549777;629938;544345;3253;544347;pit experiment;0;0;0;yes;1024
INST;R1;645;;;;;;;;;;;;;;;;;;;;;;;;;;;;;;;;;;;;;;;;;;;;;;;;;;;;;;;;;;;;;;;;;;;;;;;;;;;;;;;;;;;;;;;;;;;;;;;;;;;;;;;;;;;;;;;;;;;;;;;;;;;;;;;;;;;;;;;;;;;;
INST;R1;752;;;;;;;;;;;;;;;;;;;;;;;;;;;;;;;;;;;;;;;;;;;;;;;;;;;;;;;;;;;;;;;;;;;;;;;;;;;;;;;;;;;;;;;;;;;;;;;;;;;;;;;;;;;;;;;;;;;;;;;;;;;;;;;;;;;;;;;;;;;;
INST;R1;712;;;;;;;;;;;;;;;;;;;;;;;;;;;;;;;;;;;;;;;;;;;;;;;;;;;;;;;;;;;;;;;;;;;;;;;;;;;;;;;;;;;;;;;;;;;;;;;;;;;;;;;;;;;;;;;;;;;;;;;;;;;;;;;;;;;;;;;;;;;;
INST;R1;711;;;;;;;;;;;;;;;;;;;;;;;;;;;;;;;;;;;;;;;;;;;;;;;;;;;;;;;;;;;;;;;;;;;;;;;;;;;;;;;;;;;;;;;;;;;;;;;;;;;;;;;;;;;;;;;;;;;;;;;;;;;;;;;;;;;;;;;;;;;;
2;0;3;3;0;Inst_task;0;undefined;undefined;undefined;undefined;white;xpyriment;legacy;legacy;0;uniform;undefined;a;undefined;undefined;undefined;3;43;44;1;0;1;1;0;43;1;0;0;1;1;0;0;0;1;0;0;0;43;1;1;0;1;45;1;0;1;undefined;1;0;06/15/21 15:59:40;The main experiment item;yes;;2. Instrumental.osexp;C:\Users\cncadmin\Desktop\Sara G\new task;no;mono;no;18;no;black;no;yes;768;legacy;7;7;1;1;0;C:/Users/cncadmin/Desktop/Sara G/DatiEEG/13ls2.csv;xpyriment;Kafkaesque Koffka;3.2.8;right;0;4;4;0;0;0;0;z;NA;1;1;1;16093;NA;72449;16093;3703;2;legacy;1024;2;48000;-16;experiment;13;odd;548977;641763;630012;544345;80441;NA;544347;3253;630012;92051;80441;118359;549777;531644;7990;102266;3785;549777;80444;118359;80441;630012;92051;549777;80444;549777;641763;544345;3253;544347;pit experiment;0;0;0;yes;1024
INST;R2;1264;;;;;;;;;;;;;;;;;;;;;;;;;;;;;;;;;;;;;;;;;;;;;;;;;;;;;;;;;;;;;;;;;;;;;;;;;;;;;;;;;;;;;;;;;;;;;;;;;;;;;;;;;;;;;;;;;;;;;;;;;;;;;;;;;;;;;;;;;;;;
INST;R2;736;;;;;;;;;;;;;;;;;;;;;;;;;;;;;;;;;;;;;;;;;;;;;;;;;;;;;;;;;;;;;;;;;;;;;;;;;;;;;;;;;;;;;;;;;;;;;;;;;;;;;;;;;;;;;;;;;;;;;;;;;;;;;;;;;;;;;;;;;;;;
INST;R2;824;;;;;;;;;;;;;;;;;;;;;;;;;;;;;;;;;;;;;;;;;;;;;;;;;;;;;;;;;;;;;;;;;;;;;;;;;;;;;;;;;;;;;;;;;;;;;;;;;;;;;;;;;;;;;;;;;;;;;;;;;;;;;;;;;;;;;;;;;;;;
2;0;3;4;0;Inst_task;0;undefined;undefined;undefined;undefined;white;xpyriment;legacy;legacy;0;uniform;undefined;a;undefined;undefined;undefined;3;44;45;1;0;1;1;0;44;1;0;0;1;1;0;0;0;1;0;0;0;44;1;1;0;1;46;1;0;1;undefined;1;0;06/15/21 15:59:40;The main experiment item;yes;;2. Instrumental.osexp;C:\Users\cncadmin\Desktop\Sara G\new task;no;mono;no;18;no;black;no;yes;768;legacy;8;8;1;1;0;C:/Users/cncadmin/Desktop/Sara G/DatiEEG/13ls2.csv;xpyriment;Kafkaesque Koffka;3.2.8;right;0;0;0;0;3;2;1;z;NA;1;1;1;16093;NA;72449;16093;3703;2;legacy;1024;2;48000;-16;experiment;13;odd;548977;652317;641840;544345;80441;NA;544347;3253;641840;92051;80441;118359;549777;531644;7990;102266;3785;549777;80444;118359;80441;641840;92051;549777;80444;549777;652318;544345;3253;544347;pit experiment;0;0;0;yes;1024
INST;R1;631;;;;;;;;;;;;;;;;;;;;;;;;;;;;;;;;;;;;;;;;;;;;;;;;;;;;;;;;;;;;;;;;;;;;;;;;;;;;;;;;;;;;;;;;;;;;;;;;;;;;;;;;;;;;;;;;;;;;;;;;;;;;;;;;;;;;;;;;;;;;
INST;R1;736;;;;;;;;;;;;;;;;;;;;;;;;;;;;;;;;;;;;;;;;;;;;;;;;;;;;;;;;;;;;;;;;;;;;;;;;;;;;;;;;;;;;;;;;;;;;;;;;;;;;;;;;;;;;;;;;;;;;;;;;;;;;;;;;;;;;;;;;;;;;
INST;R1;712;;;;;;;;;;;;;;;;;;;;;;;;;;;;;;;;;;;;;;;;;;;;;;;;;;;;;;;;;;;;;;;;;;;;;;;;;;;;;;;;;;;;;;;;;;;;;;;;;;;;;;;;;;;;;;;;;;;;;;;;;;;;;;;;;;;;;;;;;;;;
INST;R1;680;;;;;;;;;;;;;;;;;;;;;;;;;;;;;;;;;;;;;;;;;;;;;;;;;;;;;;;;;;;;;;;;;;;;;;;;;;;;;;;;;;;;;;;;;;;;;;;;;;;;;;;;;;;;;;;;;;;;;;;;;;;;;;;;;;;;;;;;;;;;
2;0;4;4;0;Inst_task;0;undefined;undefined;undefined;undefined;white;xpyriment;legacy;legacy;0;uniform;undefined;a;undefined;undefined;undefined;3;45;46;1;0;1;1;0;45;1;0;0;1;1;0;0;0;1;0;0;0;45;1;1;0;1;47;1;0;1;undefined;1;0;06/15/21 15:59:40;The main experiment item;yes;;2. Instrumental.osexp;C:\Users\cncadmin\Desktop\Sara G\new task;no;mono;no;18;no;black;no;yes;768;legacy;9;9;1;1;0;C:/Users/cncadmin/Desktop/Sara G/DatiEEG/13ls2.csv;xpyriment;Kafkaesque Koffka;3.2.8;right;0;4;3;1;0;0;0;z;NA;1;1;1;16093;NA;72449;16093;3703;2;legacy;1024;2;48000;-16;experiment;13;odd;548977;663707;652396;544345;80441;NA;544347;3253;652396;92051;80441;118359;549777;531644;7990;102266;3785;549777;80444;118359;80441;652396;92051;549777;80444;549777;663707;544345;3253;544347;pit experiment;0;0;0;yes;1024
INST;R2;836;;;;;;;;;;;;;;;;;;;;;;;;;;;;;;;;;;;;;;;;;;;;;;;;;;;;;;;;;;;;;;;;;;;;;;;;;;;;;;;;;;;;;;;;;;;;;;;;;;;;;;;;;;;;;;;;;;;;;;;;;;;;;;;;;;;;;;;;;;;;
INST;R2;775;;;;;;;;;;;;;;;;;;;;;;;;;;;;;;;;;;;;;;;;;;;;;;;;;;;;;;;;;;;;;;;;;;;;;;;;;;;;;;;;;;;;;;;;;;;;;;;;;;;;;;;;;;;;;;;;;;;;;;;;;;;;;;;;;;;;;;;;;;;;
INST;R2;648;;;;;;;;;;;;;;;;;;;;;;;;;;;;;;;;;;;;;;;;;;;;;;;;;;;;;;;;;;;;;;;;;;;;;;;;;;;;;;;;;;;;;;;;;;;;;;;;;;;;;;;;;;;;;;;;;;;;;;;;;;;;;;;;;;;;;;;;;;;;
INST;R2;760;;;;;;;;;;;;;;;;;;;;;;;;;;;;;;;;;;;;;;;;;;;;;;;;;;;;;;;;;;;;;;;;;;;;;;;;;;;;;;;;;;;;;;;;;;;;;;;;;;;;;;;;;;;;;;;;;;;;;;;;;;;;;;;;;;;;;;;;;;;;
2;0;4;6;0;Inst_task;0;undefined;undefined;undefined;undefined;white;xpyriment;legacy;legacy;0;uniform;undefined;a;undefined;undefined;undefined;3;46;47;1;0;1;1;0;46;1;0;0;1;1;0;0;0;1;0;0;0;46;1;1;0;1;48;1;0;1;undefined;1;0;06/15/21 15:59:40;The main experiment item;yes;;2. Instrumental.osexp;C:\Users\cncadmin\Desktop\Sara G\new task;no;mono;no;18;no;black;no;yes;768;legacy;10;10;1;1;0;C:/Users/cncadmin/Desktop/Sara G/DatiEEG/13ls2.csv;xpyriment;Kafkaesque Koffka;3.2.8;right;0;0;0;0;4;2;2;m;NA;1;1;1;16093;NA;72449;16093;3703;2;legacy;1024;2;48000;-16;experiment;13;odd;548977;675623;663786;544345;80441;NA;544347;3253;663786;92051;80441;118359;549777;531644;7990;102266;3785;549777;80444;118359;80441;663786;92051;549777;80444;549777;675623;544345;3253;544347;pit experiment;0;0;0;yes;1024
INST;R2;633;;;;;;;;;;;;;;;;;;;;;;;;;;;;;;;;;;;;;;;;;;;;;;;;;;;;;;;;;;;;;;;;;;;;;;;;;;;;;;;;;;;;;;;;;;;;;;;;;;;;;;;;;;;;;;;;;;;;;;;;;;;;;;;;;;;;;;;;;;;;
INST;R2;713;;;;;;;;;;;;;;;;;;;;;;;;;;;;;;;;;;;;;;;;;;;;;;;;;;;;;;;;;;;;;;;;;;;;;;;;;;;;;;;;;;;;;;;;;;;;;;;;;;;;;;;;;;;;;;;;;;;;;;;;;;;;;;;;;;;;;;;;;;;;
INST;R2;712;;;;;;;;;;;;;;;;;;;;;;;;;;;;;;;;;;;;;;;;;;;;;;;;;;;;;;;;;;;;;;;;;;;;;;;;;;;;;;;;;;;;;;;;;;;;;;;;;;;;;;;;;;;;;;;;;;;;;;;;;;;;;;;;;;;;;;;;;;;;
INST;R2;784;;;;;;;;;;;;;;;;;;;;;;;;;;;;;;;;;;;;;;;;;;;;;;;;;;;;;;;;;;;;;;;;;;;;;;;;;;;;;;;;;;;;;;;;;;;;;;;;;;;;;;;;;;;;;;;;;;;;;;;;;;;;;;;;;;;;;;;;;;;;
2;0;4;8;0;Inst_task;0;undefined;undefined;undefined;undefined;white;xpyriment;legacy;legacy;0;uniform;undefined;a;undefined;undefined;undefined;3;47;48;1;0;1;1;0;47;1;0;0;1;1;0;0;0;1;0;0;0;47;1;1;0;1;49;1;0;1;undefined;1;0;06/15/21 15:59:40;The main experiment item;yes;;2. Instrumental.osexp;C:\Users\cncadmin\Desktop\Sara G\new task;no;mono;no;18;no;black;no;yes;768;legacy;11;11;1;1;0;C:/Users/cncadmin/Desktop/Sara G/DatiEEG/13ls2.csv;xpyriment;Kafkaesque Koffka;3.2.8;right;0;0;0;0;4;2;2;m;NA;1;1;1;16093;NA;72449;16093;3703;2;legacy;1024;2;48000;-16;experiment;13;odd;548977;687058;675705;544345;80441;NA;544347;3253;675706;92051;80441;118359;549777;531644;7990;102266;3785;549777;80444;118359;80441;675705;92051;549777;80444;549777;687058;544345;3253;544347;pit experiment;0;0;0;yes;1024
INST;R1;625;;;;;;;;;;;;;;;;;;;;;;;;;;;;;;;;;;;;;;;;;;;;;;;;;;;;;;;;;;;;;;;;;;;;;;;;;;;;;;;;;;;;;;;;;;;;;;;;;;;;;;;;;;;;;;;;;;;;;;;;;;;;;;;;;;;;;;;;;;;;
INST;R1;760;;;;;;;;;;;;;;;;;;;;;;;;;;;;;;;;;;;;;;;;;;;;;;;;;;;;;;;;;;;;;;;;;;;;;;;;;;;;;;;;;;;;;;;;;;;;;;;;;;;;;;;;;;;;;;;;;;;;;;;;;;;;;;;;;;;;;;;;;;;;
INST;R1;800;;;;;;;;;;;;;;;;;;;;;;;;;;;;;;;;;;;;;;;;;;;;;;;;;;;;;;;;;;;;;;;;;;;;;;;;;;;;;;;;;;;;;;;;;;;;;;;;;;;;;;;;;;;;;;;;;;;;;;;;;;;;;;;;;;;;;;;;;;;;
INST;R1;712;;;;;;;;;;;;;;;;;;;;;;;;;;;;;;;;;;;;;;;;;;;;;;;;;;;;;;;;;;;;;;;;;;;;;;;;;;;;;;;;;;;;;;;;;;;;;;;;;;;;;;;;;;;;;;;;;;;;;;;;;;;;;;;;;;;;;;;;;;;;
2;0;7;8;0;Inst_task;0;undefined;undefined;undefined;undefined;white;xpyriment;legacy;legacy;0;uniform;undefined;a;undefined;undefined;undefined;3;48;49;1;0;1;1;0;48;1;0;0;1;1;0;0;0;1;0;0;0;48;1;1;0;1;50;1;0;1;undefined;1;0;06/15/21 15:59:40;The main experiment item;yes;;2. Instrumental.osexp;C:\Users\cncadmin\Desktop\Sara G\new task;no;mono;no;18;no;black;no;yes;768;legacy;12;12;1;1;0;C:/Users/cncadmin/Desktop/Sara G/DatiEEG/13ls2.csv;xpyriment;Kafkaesque Koffka;3.2.8;right;0;4;1;3;0;0;0;m;NA;1;1;1;16093;NA;72449;16093;3703;2;legacy;1024;2;48000;-16;experiment;13;odd;548977;698877;687160;544345;80441;NA;544347;3253;687160;92051;80441;118359;549777;531644;7990;102266;3785;549777;80444;118359;80441;687160;92051;549777;80444;549777;698877;544345;3253;544347;pit experiment;0;0;0;yes;1024
INST;R2;533;;;;;;;;;;;;;;;;;;;;;;;;;;;;;;;;;;;;;;;;;;;;;;;;;;;;;;;;;;;;;;;;;;;;;;;;;;;;;;;;;;;;;;;;;;;;;;;;;;;;;;;;;;;;;;;;;;;;;;;;;;;;;;;;;;;;;;;;;;;;
INST;R2;752;;;;;;;;;;;;;;;;;;;;;;;;;;;;;;;;;;;;;;;;;;;;;;;;;;;;;;;;;;;;;;;;;;;;;;;;;;;;;;;;;;;;;;;;;;;;;;;;;;;;;;;;;;;;;;;;;;;;;;;;;;;;;;;;;;;;;;;;;;;;
INST;R2;640;;;;;;;;;;;;;;;;;;;;;;;;;;;;;;;;;;;;;;;;;;;;;;;;;;;;;;;;;;;;;;;;;;;;;;;;;;;;;;;;;;;;;;;;;;;;;;;;;;;;;;;;;;;;;;;;;;;;;;;;;;;;;;;;;;;;;;;;;;;;
INST;R2;720;;;;;;;;;;;;;;;;;;;;;;;;;;;;;;;;;;;;;;;;;;;;;;;;;;;;;;;;;;;;;;;;;;;;;;;;;;;;;;;;;;;;;;;;;;;;;;;;;;;;;;;;;;;;;;;;;;;;;;;;;;;;;;;;;;;;;;;;;;;;
2;0;7;9;0;Inst_task;0;undefined;undefined;undefined;undefined;white;xpyriment;legacy;legacy;0;uniform;undefined;a;undefined;undefined;undefined;3;49;50;1;0;1;1;0;49;1;0;0;1;1;0;0;0;1;0;0;0;49;1;1;0;1;51;1;0;1;undefined;1;0;06/15/21 15:59:40;The main experiment item;yes;;2. Instrumental.osexp;C:\Users\cncadmin\Desktop\Sara G\new task;no;mono;no;18;no;black;no;yes;768;legacy;13;13;1;1;0;C:/Users/cncadmin/Desktop/Sara G/DatiEEG/13ls2.csv;xpyriment;Kafkaesque Koffka;3.2.8;right;0;0;0;0;4;3;1;z;NA;1;1;1;16093;NA;72449;16093;3703;2;legacy;1024;2;48000;-16;experiment;13;odd;548977;710240;698957;544345;80441;NA;544347;3253;698957;92051;80441;118359;549777;531644;7990;102266;3785;549777;80444;118359;80441;698957;92051;549777;80444;549777;710240;544345;3253;544347;pit experiment;0;0;0;yes;1024
INST;R1;507;;;;;;;;;;;;;;;;;;;;;;;;;;;;;;;;;;;;;;;;;;;;;;;;;;;;;;;;;;;;;;;;;;;;;;;;;;;;;;;;;;;;;;;;;;;;;;;;;;;;;;;;;;;;;;;;;;;;;;;;;;;;;;;;;;;;;;;;;;;;
INST;R1;640;;;;;;;;;;;;;;;;;;;;;;;;;;;;;;;;;;;;;;;;;;;;;;;;;;;;;;;;;;;;;;;;;;;;;;;;;;;;;;;;;;;;;;;;;;;;;;;;;;;;;;;;;;;;;;;;;;;;;;;;;;;;;;;;;;;;;;;;;;;;
INST;R1;584;;;;;;;;;;;;;;;;;;;;;;;;;;;;;;;;;;;;;;;;;;;;;;;;;;;;;;;;;;;;;;;;;;;;;;;;;;;;;;;;;;;;;;;;;;;;;;;;;;;;;;;;;;;;;;;;;;;;;;;;;;;;;;;;;;;;;;;;;;;;
INST;R1;784;;;;;;;;;;;;;;;;;;;;;;;;;;;;;;;;;;;;;;;;;;;;;;;;;;;;;;;;;;;;;;;;;;;;;;;;;;;;;;;;;;;;;;;;;;;;;;;;;;;;;;;;;;;;;;;;;;;;;;;;;;;;;;;;;;;;;;;;;;;;
2;0;7;9;0;Inst_task;0;undefined;undefined;undefined;undefined;white;xpyriment;legacy;legacy;0;uniform;undefined;a;undefined;undefined;undefined;3;50;51;1;0;1;1;0;50;1;0;0;1;1;0;0;0;1;0;0;0;50;1;1;0;1;52;1;0;1;undefined;1;0;06/15/21 15:59:40;The main experiment item;yes;;2. Instrumental.osexp;C:\Users\cncadmin\Desktop\Sara G\new task;no;mono;no;18;no;black;no;yes;768;legacy;14;14;1;1;0;C:/Users/cncadmin/Desktop/Sara G/DatiEEG/13ls2.csv;xpyriment;Kafkaesque Koffka;3.2.8;right;0;4;4;0;0;0;0;m;NA;1;1;1;16093;NA;72449;16093;3703;2;legacy;1024;2;48000;-16;experiment;13;odd;548977;721579;710350;544345;80441;NA;544347;3253;710350;92051;80441;118359;549777;531644;7990;102266;3785;549777;80444;118359;80441;710350;92051;549777;80444;549777;721579;544345;3253;544347;pit experiment;0;0;0;yes;1024
INST;R2;588;;;;;;;;;;;;;;;;;;;;;;;;;;;;;;;;;;;;;;;;;;;;;;;;;;;;;;;;;;;;;;;;;;;;;;;;;;;;;;;;;;;;;;;;;;;;;;;;;;;;;;;;;;;;;;;;;;;;;;;;;;;;;;;;;;;;;;;;;;;;
INST;R2;648;;;;;;;;;;;;;;;;;;;;;;;;;;;;;;;;;;;;;;;;;;;;;;;;;;;;;;;;;;;;;;;;;;;;;;;;;;;;;;;;;;;;;;;;;;;;;;;;;;;;;;;;;;;;;;;;;;;;;;;;;;;;;;;;;;;;;;;;;;;;
INST;R2;472;;;;;;;;;;;;;;;;;;;;;;;;;;;;;;;;;;;;;;;;;;;;;;;;;;;;;;;;;;;;;;;;;;;;;;;;;;;;;;;;;;;;;;;;;;;;;;;;;;;;;;;;;;;;;;;;;;;;;;;;;;;;;;;;;;;;;;;;;;;;
INST;R2;488;;;;;;;;;;;;;;;;;;;;;;;;;;;;;;;;;;;;;;;;;;;;;;;;;;;;;;;;;;;;;;;;;;;;;;;;;;;;;;;;;;;;;;;;;;;;;;;;;;;;;;;;;;;;;;;;;;;;;;;;;;;;;;;;;;;;;;;;;;;;
2;0;7;10;0;Inst_task;0;undefined;undefined;undefined;undefined;white;xpyriment;legacy;legacy;0;uniform;undefined;a;undefined;undefined;undefined;3;51;52;1;0;1;1;0;51;1;0;0;1;1;0;0;0;1;0;0;0;51;1;1;0;1;53;1;0;1;undefined;1;0;06/15/21 15:59:40;The main experiment item;yes;;2. Instrumental.osexp;C:\Users\cncadmin\Desktop\Sara G\new task;no;mono;no;18;no;black;no;yes;768;legacy;15;15;1;1;0;C:/Users/cncadmin/Desktop/Sara G/DatiEEG/13ls2.csv;xpyriment;Kafkaesque Koffka;3.2.8;right;0;0;0;0;4;3;1;m;NA;1;1;1;16093;NA;72449;16093;3703;2;legacy;1024;2;48000;-16;experiment;13;odd;548977;732923;721676;544345;80441;NA;544347;3253;721677;92051;80441;118359;549777;531644;7990;102266;3785;549777;80444;118359;80441;721676;92051;549777;80444;549777;732923;544345;3253;544347;pit experiment;0;0;0;yes;1024
INST;R1;466;;;;;;;;;;;;;;;;;;;;;;;;;;;;;;;;;;;;;;;;;;;;;;;;;;;;;;;;;;;;;;;;;;;;;;;;;;;;;;;;;;;;;;;;;;;;;;;;;;;;;;;;;;;;;;;;;;;;;;;;;;;;;;;;;;;;;;;;;;;;
INST;R1;720;;;;;;;;;;;;;;;;;;;;;;;;;;;;;;;;;;;;;;;;;;;;;;;;;;;;;;;;;;;;;;;;;;;;;;;;;;;;;;;;;;;;;;;;;;;;;;;;;;;;;;;;;;;;;;;;;;;;;;;;;;;;;;;;;;;;;;;;;;;;
INST;R1;792;;;;;;;;;;;;;;;;;;;;;;;;;;;;;;;;;;;;;;;;;;;;;;;;;;;;;;;;;;;;;;;;;;;;;;;;;;;;;;;;;;;;;;;;;;;;;;;;;;;;;;;;;;;;;;;;;;;;;;;;;;;;;;;;;;;;;;;;;;;;
INST;R2;3720;;;;;;;;;;;;;;;;;;;;;;;;;;;;;;;;;;;;;;;;;;;;;;;;;;;;;;;;;;;;;;;;;;;;;;;;;;;;;;;;;;;;;;;;;;;;;;;;;;;;;;;;;;;;;;;;;;;;;;;;;;;;;;;;;;;;;;;;;;;;
2;0;8;10;0;Inst_task;0;undefined;undefined;undefined;undefined;white;xpyriment;legacy;legacy;0;uniform;undefined;a;undefined;undefined;undefined;3;52;53;1;0;1;1;0;52;1;0;0;1;1;0;0;0;1;0;0;0;52;1;1;0;1;54;1;0;1;undefined;1;0;06/15/21 15:59:40;The main experiment item;yes;;2. Instrumental.osexp;C:\Users\cncadmin\Desktop\Sara G\new task;no;mono;no;18;no;black;no;yes;768;legacy;16;16;1;1;0;C:/Users/cncadmin/Desktop/Sara G/DatiEEG/13ls2.csv;xpyriment;Kafkaesque Koffka;3.2.8;right;0;3;2;1;1;1;0;m;NA;1;1;1;16093;NA;72449;16093;3703;2;legacy;1024;2;48000;-16;experiment;13;odd;548977;747563;733005;544345;80441;NA;544347;3253;733005;92051;80441;118359;549777;531644;7990;102266;3785;549777;80444;118359;80441;733004;92051;549777;80444;549777;747564;544345;3253;544347;pit experiment;0;0;0;yes;1024
INST;R2;560;;;;;;;;;;;;;;;;;;;;;;;;;;;;;;;;;;;;;;;;;;;;;;;;;;;;;;;;;;;;;;;;;;;;;;;;;;;;;;;;;;;;;;;;;;;;;;;;;;;;;;;;;;;;;;;;;;;;;;;;;;;;;;;;;;;;;;;;;;;;
INST;R2;680;;;;;;;;;;;;;;;;;;;;;;;;;;;;;;;;;;;;;;;;;;;;;;;;;;;;;;;;;;;;;;;;;;;;;;;;;;;;;;;;;;;;;;;;;;;;;;;;;;;;;;;;;;;;;;;;;;;;;;;;;;;;;;;;;;;;;;;;;;;;
INST;R2;656;;;;;;;;;;;;;;;;;;;;;;;;;;;;;;;;;;;;;;;;;;;;;;;;;;;;;;;;;;;;;;;;;;;;;;;;;;;;;;;;;;;;;;;;;;;;;;;;;;;;;;;;;;;;;;;;;;;;;;;;;;;;;;;;;;;;;;;;;;;;
INST;R2;920;;;;;;;;;;;;;;;;;;;;;;;;;;;;;;;;;;;;;;;;;;;;;;;;;;;;;;;;;;;;;;;;;;;;;;;;;;;;;;;;;;;;;;;;;;;;;;;;;;;;;;;;;;;;;;;;;;;;;;;;;;;;;;;;;;;;;;;;;;;;
2;0;8;11;0;Inst_task;0;undefined;undefined;undefined;undefined;white;xpyriment;legacy;legacy;0;uniform;undefined;a;undefined;undefined;undefined;3;53;54;1;0;1;1;0;53;1;0;0;1;1;0;0;0;1;0;0;0;53;1;1;0;1;55;1;0;1;undefined;1;0;06/15/21 15:59:40;The main experiment item;yes;;2. Instrumental.osexp;C:\Users\cncadmin\Desktop\Sara G\new task;no;mono;no;18;no;black;no;yes;768;legacy;17;17;1;1;0;C:/Users/cncadmin/Desktop/Sara G/DatiEEG/13ls2.csv;xpyriment;Kafkaesque Koffka;3.2.8;right;0;0;0;0;4;3;1;m;NA;1;1;1;16093;NA;72449;16093;3703;2;legacy;1024;2;48000;-16;experiment;13;odd;548977;759140;747631;544345;80441;NA;544347;3253;747631;92051;80441;118359;549777;531644;7990;102266;3785;549777;80444;118359;80441;747631;92051;549777;80444;549777;759140;544345;3253;544347;pit experiment;0;0;0;yes;1024
INST;R1;496;;;;;;;;;;;;;;;;;;;;;;;;;;;;;;;;;;;;;;;;;;;;;;;;;;;;;;;;;;;;;;;;;;;;;;;;;;;;;;;;;;;;;;;;;;;;;;;;;;;;;;;;;;;;;;;;;;;;;;;;;;;;;;;;;;;;;;;;;;;;
INST;R1;720;;;;;;;;;;;;;;;;;;;;;;;;;;;;;;;;;;;;;;;;;;;;;;;;;;;;;;;;;;;;;;;;;;;;;;;;;;;;;;;;;;;;;;;;;;;;;;;;;;;;;;;;;;;;;;;;;;;;;;;;;;;;;;;;;;;;;;;;;;;;
INST;R1;688;;;;;;;;;;;;;;;;;;;;;;;;;;;;;;;;;;;;;;;;;;;;;;;;;;;;;;;;;;;;;;;;;;;;;;;;;;;;;;;;;;;;;;;;;;;;;;;;;;;;;;;;;;;;;;;;;;;;;;;;;;;;;;;;;;;;;;;;;;;;
INST;R1;985;;;;;;;;;;;;;;;;;;;;;;;;;;;;;;;;;;;;;;;;;;;;;;;;;;;;;;;;;;;;;;;;;;;;;;;;;;;;;;;;;;;;;;;;;;;;;;;;;;;;;;;;;;;;;;;;;;;;;;;;;;;;;;;;;;;;;;;;;;;;
2;0;9;11;0;Inst_task;0;undefined;undefined;undefined;undefined;white;xpyriment;legacy;legacy;0;uniform;undefined;a;undefined;undefined;undefined;3;54;55;1;0;1;1;0;54;1;0;0;1;1;0;0;0;1;0;0;0;54;1;1;0;1;56;1;0;1;undefined;1;0;06/15/21 15:59:40;The main experiment item;yes;;2. Instrumental.osexp;C:\Users\cncadmin\Desktop\Sara G\new task;no;mono;no;18;no;black;no;yes;768;legacy;18;18;1;1;0;C:/Users/cncadmin/Desktop/Sara G/DatiEEG/13ls2.csv;xpyriment;Kafkaesque Koffka;3.2.8;right;0;4;3;1;0;0;0;z;NA;1;1;1;16093;NA;72449;16093;3703;2;legacy;1024;2;48000;-16;experiment;13;odd;548977;770885;759251;544345;80441;NA;544347;3253;759251;92051;80441;118359;549777;531644;7990;102266;3785;549777;80444;118359;80441;759250;92051;549777;80444;549777;770886;544345;3253;544347;pit experiment;0;0;0;yes;1024
INST;R2;560;;;;;;;;;;;;;;;;;;;;;;;;;;;;;;;;;;;;;;;;;;;;;;;;;;;;;;;;;;;;;;;;;;;;;;;;;;;;;;;;;;;;;;;;;;;;;;;;;;;;;;;;;;;;;;;;;;;;;;;;;;;;;;;;;;;;;;;;;;;;
INST;R2;656;;;;;;;;;;;;;;;;;;;;;;;;;;;;;;;;;;;;;;;;;;;;;;;;;;;;;;;;;;;;;;;;;;;;;;;;;;;;;;;;;;;;;;;;;;;;;;;;;;;;;;;;;;;;;;;;;;;;;;;;;;;;;;;;;;;;;;;;;;;;
INST;R2;552;;;;;;;;;;;;;;;;;;;;;;;;;;;;;;;;;;;;;;;;;;;;;;;;;;;;;;;;;;;;;;;;;;;;;;;;;;;;;;;;;;;;;;;;;;;;;;;;;;;;;;;;;;;;;;;;;;;;;;;;;;;;;;;;;;;;;;;;;;;;
INST;R2;2135;;;;;;;;;;;;;;;;;;;;;;;;;;;;;;;;;;;;;;;;;;;;;;;;;;;;;;;;;;;;;;;;;;;;;;;;;;;;;;;;;;;;;;;;;;;;;;;;;;;;;;;;;;;;;;;;;;;;;;;;;;;;;;;;;;;;;;;;;;;;
2;0;9;12;0;Inst_task;0;undefined;undefined;undefined;undefined;white;xpyriment;legacy;legacy;0;uniform;undefined;a;undefined;undefined;undefined;3;55;56;1;0;1;1;0;55;1;0;0;1;1;0;0;0;1;0;0;0;55;1;1;0;1;57;1;0;1;undefined;1;0;06/15/21 15:59:40;The main experiment item;yes;;2. Instrumental.osexp;C:\Users\cncadmin\Desktop\Sara G\new task;no;mono;no;18;no;black;no;yes;768;legacy;19;19;1;1;0;C:/Users/cncadmin/Desktop/Sara G/DatiEEG/13ls2.csv;xpyriment;Kafkaesque Koffka;3.2.8;right;0;0;0;0;4;3;1;m;NA;1;1;1;16093;NA;72449;16093;3703;2;legacy;1024;2;48000;-16;experiment;13;odd;548977;783477;770978;544345;80441;NA;544347;3253;770978;92051;80441;118359;549777;531644;7990;102266;3785;549777;80444;118359;80441;770978;92051;549777;80444;549777;783477;544345;3253;544347;pit experiment;0;0;0;yes;1024
INST;R1;553;;;;;;;;;;;;;;;;;;;;;;;;;;;;;;;;;;;;;;;;;;;;;;;;;;;;;;;;;;;;;;;;;;;;;;;;;;;;;;;;;;;;;;;;;;;;;;;;;;;;;;;;;;;;;;;;;;;;;;;;;;;;;;;;;;;;;;;;;;;;
INST;R1;632;;;;;;;;;;;;;;;;;;;;;;;;;;;;;;;;;;;;;;;;;;;;;;;;;;;;;;;;;;;;;;;;;;;;;;;;;;;;;;;;;;;;;;;;;;;;;;;;;;;;;;;;;;;;;;;;;;;;;;;;;;;;;;;;;;;;;;;;;;;;
INST;R1;395;;;;;;;;;;;;;;;;;;;;;;;;;;;;;;;;;;;;;;;;;;;;;;;;;;;;;;;;;;;;;;;;;;;;;;;;;;;;;;;;;;;;;;;;;;;;;;;;;;;;;;;;;;;;;;;;;;;;;;;;;;;;;;;;;;;;;;;;;;;;
INST;R1;908;;;;;;;;;;;;;;;;;;;;;;;;;;;;;;;;;;;;;;;;;;;;;;;;;;;;;;;;;;;;;;;;;;;;;;;;;;;;;;;;;;;;;;;;;;;;;;;;;;;;;;;;;;;;;;;;;;;;;;;;;;;;;;;;;;;;;;;;;;;;
2;0;10;12;0;Inst_task;0;undefined;undefined;undefined;undefined;white;xpyriment;legacy;legacy;0;uniform;undefined;a;undefined;undefined;undefined;3;56;57;1;0;1;1;0;56;1;0;0;1;1;0;0;0;1;0;0;0;56;1;1;0;1;58;1;0;1;undefined;1;0;06/15/21 15:59:40;The main experiment item;yes;;2. Instrumental.osexp;C:\Users\cncadmin\Desktop\Sara G\new task;no;mono;no;18;no;black;no;yes;768;legacy;20;20;1;1;0;C:/Users/cncadmin/Desktop/Sara G/DatiEEG/13ls2.csv;xpyriment;Kafkaesque Koffka;3.2.8;right;0;4;3;1;0;0;0;z;NA;1;1;1;16093;NA;72449;16093;3703;2;legacy;1024;2;48000;-16;experiment;13;odd;548977;794938;783548;544345;80441;NA;544347;3253;783548;92051;80441;118359;549777;531644;7990;102266;3785;549777;80444;118359;80441;783548;92051;549777;80444;549777;794938;544345;3253;544347;pit experiment;0;0;0;yes;1024
INST;R2;782;;;;;;;;;;;;;;;;;;;;;;;;;;;;;;;;;;;;;;;;;;;;;;;;;;;;;;;;;;;;;;;;;;;;;;;;;;;;;;;;;;;;;;;;;;;;;;;;;;;;;;;;;;;;;;;;;;;;;;;;;;;;;;;;;;;;;;;;;;;;
INST;R2;1088;;;;;;;;;;;;;;;;;;;;;;;;;;;;;;;;;;;;;;;;;;;;;;;;;;;;;;;;;;;;;;;;;;;;;;;;;;;;;;;;;;;;;;;;;;;;;;;;;;;;;;;;;;;;;;;;;;;;;;;;;;;;;;;;;;;;;;;;;;;;
INST;R2;993;;;;;;;;;;;;;;;;;;;;;;;;;;;;;;;;;;;;;;;;;;;;;;;;;;;;;;;;;;;;;;;;;;;;;;;;;;;;;;;;;;;;;;;;;;;;;;;;;;;;;;;;;;;;;;;;;;;;;;;;;;;;;;;;;;;;;;;;;;;;
2;0;10;13;0;Inst_task;0;undefined;undefined;undefined;undefined;white;xpyriment;legacy;legacy;0;uniform;undefined;a;undefined;undefined;undefined;3;57;58;1;0;1;1;0;57;1;0;0;1;1;0;0;0;1;0;0;0;57;1;1;0;1;59;1;0;1;undefined;1;0;06/15/21 15:59:40;The main experiment item;yes;;2. Instrumental.osexp;C:\Users\cncadmin\Desktop\Sara G\new task;no;mono;no;18;no;black;no;yes;768;legacy;21;21;1;1;0;C:/Users/cncadmin/Desktop/Sara G/DatiEEG/13ls2.csv;xpyriment;Kafkaesque Koffka;3.2.8;right;0;0;0;0;3;2;1;z;NA;1;1;1;16093;NA;72449;16093;3703;2;legacy;1024;2;48000;-16;experiment;13;odd;548977;805456;795021;544345;80441;NA;544347;3253;795021;92051;80441;118359;549777;531644;7990;102266;3785;549777;80444;118359;80441;795021;92051;549777;80444;549777;805456;544345;3253;544347;pit experiment;0;0;0;yes;1024
INST;R1;713;;;;;;;;;;;;;;;;;;;;;;;;;;;;;;;;;;;;;;;;;;;;;;;;;;;;;;;;;;;;;;;;;;;;;;;;;;;;;;;;;;;;;;;;;;;;;;;;;;;;;;;;;;;;;;;;;;;;;;;;;;;;;;;;;;;;;;;;;;;;
INST;R1;968;;;;;;;;;;;;;;;;;;;;;;;;;;;;;;;;;;;;;;;;;;;;;;;;;;;;;;;;;;;;;;;;;;;;;;;;;;;;;;;;;;;;;;;;;;;;;;;;;;;;;;;;;;;;;;;;;;;;;;;;;;;;;;;;;;;;;;;;;;;;
INST;R1;1160;;;;;;;;;;;;;;;;;;;;;;;;;;;;;;;;;;;;;;;;;;;;;;;;;;;;;;;;;;;;;;;;;;;;;;;;;;;;;;;;;;;;;;;;;;;;;;;;;;;;;;;;;;;;;;;;;;;;;;;;;;;;;;;;;;;;;;;;;;;;
2;0;11;13;0;Inst_task;0;undefined;undefined;undefined;undefined;white;xpyriment;legacy;legacy;0;uniform;undefined;a;undefined;undefined;undefined;3;58;59;1;0;1;1;0;58;1;0;0;1;1;0;0;0;1;0;0;0;58;1;1;0;1;60;1;0;1;undefined;1;0;06/15/21 15:59:40;The main experiment item;yes;;2. Instrumental.osexp;C:\Users\cncadmin\Desktop\Sara G\new task;no;mono;no;18;no;black;no;yes;768;legacy;22;22;1;1;0;C:/Users/cncadmin/Desktop/Sara G/DatiEEG/13ls2.csv;xpyriment;Kafkaesque Koffka;3.2.8;right;0;3;2;1;0;0;0;z;NA;1;1;1;16093;NA;72449;16093;3703;2;legacy;1024;2;48000;-16;experiment;13;odd;548977;816140;805575;544345;80441;NA;544347;3253;805575;92051;80441;118359;549777;531644;7990;102266;3785;549777;80444;118359;80441;805575;92051;549777;80444;549777;816140;544345;3253;544347;pit experiment;0;0;0;yes;1024
INST;R2;581;;;;;;;;;;;;;;;;;;;;;;;;;;;;;;;;;;;;;;;;;;;;;;;;;;;;;;;;;;;;;;;;;;;;;;;;;;;;;;;;;;;;;;;;;;;;;;;;;;;;;;;;;;;;;;;;;;;;;;;;;;;;;;;;;;;;;;;;;;;;
INST;R2;760;;;;;;;;;;;;;;;;;;;;;;;;;;;;;;;;;;;;;;;;;;;;;;;;;;;;;;;;;;;;;;;;;;;;;;;;;;;;;;;;;;;;;;;;;;;;;;;;;;;;;;;;;;;;;;;;;;;;;;;;;;;;;;;;;;;;;;;;;;;;
INST;R2;720;;;;;;;;;;;;;;;;;;;;;;;;;;;;;;;;;;;;;;;;;;;;;;;;;;;;;;;;;;;;;;;;;;;;;;;;;;;;;;;;;;;;;;;;;;;;;;;;;;;;;;;;;;;;;;;;;;;;;;;;;;;;;;;;;;;;;;;;;;;;
INST;R2;847;;;;;;;;;;;;;;;;;;;;;;;;;;;;;;;;;;;;;;;;;;;;;;;;;;;;;;;;;;;;;;;;;;;;;;;;;;;;;;;;;;;;;;;;;;;;;;;;;;;;;;;;;;;;;;;;;;;;;;;;;;;;;;;;;;;;;;;;;;;;
2;0;11;14;0;Inst_task;0;undefined;undefined;undefined;undefined;white;xpyriment;legacy;legacy;0;uniform;undefined;a;undefined;undefined;undefined;3;59;60;1;0;1;1;0;59;1;0;0;1;1;0;0;0;1;0;0;0;59;1;1;0;1;61;1;0;1;undefined;1;0;06/15/21 15:59:40;The main experiment item;yes;;2. Instrumental.osexp;C:\Users\cncadmin\Desktop\Sara G\new task;no;mono;no;18;no;black;no;yes;768;legacy;23;23;1;1;0;C:/Users/cncadmin/Desktop/Sara G/DatiEEG/13ls2.csv;xpyriment;Kafkaesque Koffka;3.2.8;right;0;0;0;0;4;3;1;z;NA;1;1;1;16093;NA;72449;16093;3703;2;legacy;1024;2;48000;-16;experiment;13;odd;548977;827764;816248;544345;80441;NA;544347;3253;816248;92051;80441;118359;549777;531644;7990;102266;3785;549777;80444;118359;80441;816248;92051;549777;80444;549777;827764;544345;3253;544347;pit experiment;0;0;0;yes;1024
INST;R1;473;;;;;;;;;;;;;;;;;;;;;;;;;;;;;;;;;;;;;;;;;;;;;;;;;;;;;;;;;;;;;;;;;;;;;;;;;;;;;;;;;;;;;;;;;;;;;;;;;;;;;;;;;;;;;;;;;;;;;;;;;;;;;;;;;;;;;;;;;;;;
INST;R1;824;;;;;;;;;;;;;;;;;;;;;;;;;;;;;;;;;;;;;;;;;;;;;;;;;;;;;;;;;;;;;;;;;;;;;;;;;;;;;;;;;;;;;;;;;;;;;;;;;;;;;;;;;;;;;;;;;;;;;;;;;;;;;;;;;;;;;;;;;;;;
INST;R1;808;;;;;;;;;;;;;;;;;;;;;;;;;;;;;;;;;;;;;;;;;;;;;;;;;;;;;;;;;;;;;;;;;;;;;;;;;;;;;;;;;;;;;;;;;;;;;;;;;;;;;;;;;;;;;;;;;;;;;;;;;;;;;;;;;;;;;;;;;;;;
INST;R1;1041;;;;;;;;;;;;;;;;;;;;;;;;;;;;;;;;;;;;;;;;;;;;;;;;;;;;;;;;;;;;;;;;;;;;;;;;;;;;;;;;;;;;;;;;;;;;;;;;;;;;;;;;;;;;;;;;;;;;;;;;;;;;;;;;;;;;;;;;;;;;
2;0;12;14;0;Inst_task;0;undefined;undefined;undefined;undefined;white;xpyriment;legacy;legacy;0;uniform;undefined;a;undefined;undefined;undefined;3;60;61;1;0;1;1;0;60;1;0;0;1;1;0;0;0;1;0;0;0;60;1;1;0;1;62;1;0;1;undefined;1;0;06/15/21 15:59:40;The main experiment item;yes;;2. Instrumental.osexp;C:\Users\cncadmin\Desktop\Sara G\new task;no;mono;no;18;no;black;no;yes;768;legacy;24;24;1;1;0;C:/Users/cncadmin/Desktop/Sara G/DatiEEG/13ls2.csv;xpyriment;Kafkaesque Koffka;3.2.8;right;0;4;3;1;0;0;0;z;NA;1;1;1;16093;NA;72449;16093;3703;2;legacy;1024;2;48000;-16;experiment;13;odd;548977;839911;827832;544345;80441;NA;544347;3253;827832;92051;80441;118359;549777;531644;7990;102266;3785;549777;80444;118359;80441;827832;92051;549777;80444;549777;839911;544345;3253;544347;pit experiment;0;0;0;yes;1024
INST;R2;399;;;;;;;;;;;;;;;;;;;;;;;;;;;;;;;;;;;;;;;;;;;;;;;;;;;;;;;;;;;;;;;;;;;;;;;;;;;;;;;;;;;;;;;;;;;;;;;;;;;;;;;;;;;;;;;;;;;;;;;;;;;;;;;;;;;;;;;;;;;;
INST;R2;704;;;;;;;;;;;;;;;;;;;;;;;;;;;;;;;;;;;;;;;;;;;;;;;;;;;;;;;;;;;;;;;;;;;;;;;;;;;;;;;;;;;;;;;;;;;;;;;;;;;;;;;;;;;;;;;;;;;;;;;;;;;;;;;;;;;;;;;;;;;;
INST;R2;424;;;;;;;;;;;;;;;;;;;;;;;;;;;;;;;;;;;;;;;;;;;;;;;;;;;;;;;;;;;;;;;;;;;;;;;;;;;;;;;;;;;;;;;;;;;;;;;;;;;;;;;;;;;;;;;;;;;;;;;;;;;;;;;;;;;;;;;;;;;;
INST;R2;840;;;;;;;;;;;;;;;;;;;;;;;;;;;;;;;;;;;;;;;;;;;;;;;;;;;;;;;;;;;;;;;;;;;;;;;;;;;;;;;;;;;;;;;;;;;;;;;;;;;;;;;;;;;;;;;;;;;;;;;;;;;;;;;;;;;;;;;;;;;;
2;0;12;15;0;Inst_task;0;undefined;undefined;undefined;undefined;white;xpyriment;legacy;legacy;0;uniform;undefined;a;undefined;undefined;undefined;3;61;62;1;0;1;1;0;61;1;0;0;1;1;0;0;0;1;0;0;0;61;1;1;0;1;63;1;0;1;undefined;1;0;06/15/21 15:59:40;The main experiment item;yes;;2. Instrumental.osexp;C:\Users\cncadmin\Desktop\Sara G\new task;no;mono;no;18;no;black;no;yes;768;legacy;25;25;1;1;0;C:/Users/cncadmin/Desktop/Sara G/DatiEEG/13ls2.csv;xpyriment;Kafkaesque Koffka;3.2.8;right;0;0;0;0;4;3;1;m;NA;1;1;1;16093;NA;72449;16093;3703;2;legacy;1024;2;48000;-16;experiment;13;odd;548977;850948;839984;544345;80441;NA;544347;3253;839984;92051;80441;118359;549777;531644;7990;102266;3785;549777;80444;118359;80441;839984;92051;549777;80444;549777;850948;544345;3253;544347;pit experiment;0;0;0;yes;1024
INST;R2;734;;;;;;;;;;;;;;;;;;;;;;;;;;;;;;;;;;;;;;;;;;;;;;;;;;;;;;;;;;;;;;;;;;;;;;;;;;;;;;;;;;;;;;;;;;;;;;;;;;;;;;;;;;;;;;;;;;;;;;;;;;;;;;;;;;;;;;;;;;;;
INST;R2;687;;;;;;;;;;;;;;;;;;;;;;;;;;;;;;;;;;;;;;;;;;;;;;;;;;;;;;;;;;;;;;;;;;;;;;;;;;;;;;;;;;;;;;;;;;;;;;;;;;;;;;;;;;;;;;;;;;;;;;;;;;;;;;;;;;;;;;;;;;;;
INST;R2;568;;;;;;;;;;;;;;;;;;;;;;;;;;;;;;;;;;;;;;;;;;;;;;;;;;;;;;;;;;;;;;;;;;;;;;;;;;;;;;;;;;;;;;;;;;;;;;;;;;;;;;;;;;;;;;;;;;;;;;;;;;;;;;;;;;;;;;;;;;;;
INST;R2;792;;;;;;;;;;;;;;;;;;;;;;;;;;;;;;;;;;;;;;;;;;;;;;;;;;;;;;;;;;;;;;;;;;;;;;;;;;;;;;;;;;;;;;;;;;;;;;;;;;;;;;;;;;;;;;;;;;;;;;;;;;;;;;;;;;;;;;;;;;;;
2;0;12;16;0;Inst_task;0;undefined;undefined;undefined;undefined;white;xpyriment;legacy;legacy;0;uniform;undefined;a;undefined;undefined;undefined;3;62;63;1;0;1;1;0;62;1;0;0;1;1;0;0;0;1;0;0;0;62;1;1;0;1;64;1;0;1;undefined;1;0;06/15/21 15:59:40;The main experiment item;yes;;2. Instrumental.osexp;C:\Users\cncadmin\Desktop\Sara G\new task;no;mono;no;18;no;black;no;yes;768;legacy;26;26;1;1;0;C:/Users/cncadmin/Desktop/Sara G/DatiEEG/13ls2.csv;xpyriment;Kafkaesque Koffka;3.2.8;right;0;0;0;0;4;3;1;m;NA;1;1;1;16093;NA;72449;16093;3703;2;legacy;1024;2;48000;-16;experiment;13;odd;548977;862370;851021;544345;80441;NA;544347;3253;851021;92051;80441;118359;549777;531644;7990;102266;3785;549777;80444;118359;80441;851021;92051;549777;80444;549777;862371;544345;3253;544347;pit experiment;0;0;0;yes;1024
INST;R1;915;;;;;;;;;;;;;;;;;;;;;;;;;;;;;;;;;;;;;;;;;;;;;;;;;;;;;;;;;;;;;;;;;;;;;;;;;;;;;;;;;;;;;;;;;;;;;;;;;;;;;;;;;;;;;;;;;;;;;;;;;;;;;;;;;;;;;;;;;;;;
INST;R1;1032;;;;;;;;;;;;;;;;;;;;;;;;;;;;;;;;;;;;;;;;;;;;;;;;;;;;;;;;;;;;;;;;;;;;;;;;;;;;;;;;;;;;;;;;;;;;;;;;;;;;;;;;;;;;;;;;;;;;;;;;;;;;;;;;;;;;;;;;;;;;
INST;R1;807;;;;;;;;;;;;;;;;;;;;;;;;;;;;;;;;;;;;;;;;;;;;;;;;;;;;;;;;;;;;;;;;;;;;;;;;;;;;;;;;;;;;;;;;;;;;;;;;;;;;;;;;;;;;;;;;;;;;;;;;;;;;;;;;;;;;;;;;;;;;
2;0;12;16;0;Inst_task;0;undefined;undefined;undefined;undefined;white;xpyriment;legacy;legacy;0;uniform;undefined;a;undefined;undefined;undefined;3;63;64;1;0;1;1;0;63;1;0;0;1;1;0;0;0;1;0;0;0;63;1;1;0;1;65;1;0;1;undefined;1;0;06/15/21 15:59:40;The main experiment item;yes;;2. Instrumental.osexp;C:\Users\cncadmin\Desktop\Sara G\new task;no;mono;no;18;no;black;no;yes;768;legacy;27;27;1;1;0;C:/Users/cncadmin/Desktop/Sara G/DatiEEG/13ls2.csv;xpyriment;Kafkaesque Koffka;3.2.8;right;0;3;3;0;0;0;0;z;NA;1;1;1;16093;NA;72449;16093;3703;2;legacy;1024;2;48000;-16;experiment;13;odd;548977;873264;862684;544345;80441;NA;544347;3253;862684;92051;80441;118359;549777;531644;7990;102266;3785;549777;80444;118359;80441;862684;92051;549777;80444;549777;873264;544345;3253;544347;pit experiment;0;0;0;yes;1024
INST;R2;488;;;;;;;;;;;;;;;;;;;;;;;;;;;;;;;;;;;;;;;;;;;;;;;;;;;;;;;;;;;;;;;;;;;;;;;;;;;;;;;;;;;;;;;;;;;;;;;;;;;;;;;;;;;;;;;;;;;;;;;;;;;;;;;;;;;;;;;;;;;;
INST;R2;760;;;;;;;;;;;;;;;;;;;;;;;;;;;;;;;;;;;;;;;;;;;;;;;;;;;;;;;;;;;;;;;;;;;;;;;;;;;;;;;;;;;;;;;;;;;;;;;;;;;;;;;;;;;;;;;;;;;;;;;;;;;;;;;;;;;;;;;;;;;;
INST;R2;768;;;;;;;;;;;;;;;;;;;;;;;;;;;;;;;;;;;;;;;;;;;;;;;;;;;;;;;;;;;;;;;;;;;;;;;;;;;;;;;;;;;;;;;;;;;;;;;;;;;;;;;;;;;;;;;;;;;;;;;;;;;;;;;;;;;;;;;;;;;;
INST;R2;920;;;;;;;;;;;;;;;;;;;;;;;;;;;;;;;;;;;;;;;;;;;;;;;;;;;;;;;;;;;;;;;;;;;;;;;;;;;;;;;;;;;;;;;;;;;;;;;;;;;;;;;;;;;;;;;;;;;;;;;;;;;;;;;;;;;;;;;;;;;;
2;0;12;17;0;Inst_task;0;undefined;undefined;undefined;undefined;white;xpyriment;legacy;legacy;0;uniform;undefined;a;undefined;undefined;undefined;3;64;65;1;0;1;1;0;64;1;0;0;1;1;0;0;0;1;0;0;0;64;1;1;0;1;66;1;0;1;undefined;1;0;06/15/21 15:59:40;The main experiment item;yes;;2. Instrumental.osexp;C:\Users\cncadmin\Desktop\Sara G\new task;no;mono;no;18;no;black;no;yes;768;legacy;28;28;1;1;0;C:/Users/cncadmin/Desktop/Sara G/DatiEEG/13ls2.csv;xpyriment;Kafkaesque Koffka;3.2.8;right;0;0;0;0;4;3;1;m;NA;1;1;1;16093;NA;72449;16093;3703;2;legacy;1024;2;48000;-16;experiment;13;odd;548977;884960;873352;544345;80441;NA;544347;3253;873352;92051;80441;118359;549777;531644;7990;102266;3785;549777;80444;118359;80441;873352;92051;549777;80444;549777;884960;544345;3253;544347;pit experiment;0;0;0;yes;1024
INST;R1;765;;;;;;;;;;;;;;;;;;;;;;;;;;;;;;;;;;;;;;;;;;;;;;;;;;;;;;;;;;;;;;;;;;;;;;;;;;;;;;;;;;;;;;;;;;;;;;;;;;;;;;;;;;;;;;;;;;;;;;;;;;;;;;;;;;;;;;;;;;;;
INST;R1;849;;;;;;;;;;;;;;;;;;;;;;;;;;;;;;;;;;;;;;;;;;;;;;;;;;;;;;;;;;;;;;;;;;;;;;;;;;;;;;;;;;;;;;;;;;;;;;;;;;;;;;;;;;;;;;;;;;;;;;;;;;;;;;;;;;;;;;;;;;;;
INST;R1;744;;;;;;;;;;;;;;;;;;;;;;;;;;;;;;;;;;;;;;;;;;;;;;;;;;;;;;;;;;;;;;;;;;;;;;;;;;;;;;;;;;;;;;;;;;;;;;;;;;;;;;;;;;;;;;;;;;;;;;;;;;;;;;;;;;;;;;;;;;;;
INST;R1;920;;;;;;;;;;;;;;;;;;;;;;;;;;;;;;;;;;;;;;;;;;;;;;;;;;;;;;;;;;;;;;;;;;;;;;;;;;;;;;;;;;;;;;;;;;;;;;;;;;;;;;;;;;;;;;;;;;;;;;;;;;;;;;;;;;;;;;;;;;;;
2;0;13;17;0;Inst_task;0;undefined;undefined;undefined;undefined;white;xpyriment;legacy;legacy;0;uniform;undefined;a;undefined;undefined;undefined;3;65;66;1;0;1;1;0;65;1;0;0;1;1;0;0;0;1;0;0;0;65;1;1;0;1;67;1;0;1;undefined;1;0;06/15/21 15:59:40;The main experiment item;yes;;2. Instrumental.osexp;C:\Users\cncadmin\Desktop\Sara G\new task;no;mono;no;18;no;black;no;yes;768;legacy;29;29;1;1;0;C:/Users/cncadmin/Desktop/Sara G/DatiEEG/13ls2.csv;xpyriment;Kafkaesque Koffka;3.2.8;right;0;4;3;1;0;0;0;z;NA;1;1;1;16093;NA;72449;16093;3703;2;legacy;1024;2;48000;-16;experiment;13;odd;548977;897111;885051;544345;80441;NA;544347;3253;885051;92051;80441;118359;549777;531644;7990;102266;3785;549777;80444;118359;80441;885051;92051;549777;80444;549777;897111;544345;3253;544347;pit experiment;0;0;0;yes;1024
INST;R2;634;;;;;;;;;;;;;;;;;;;;;;;;;;;;;;;;;;;;;;;;;;;;;;;;;;;;;;;;;;;;;;;;;;;;;;;;;;;;;;;;;;;;;;;;;;;;;;;;;;;;;;;;;;;;;;;;;;;;;;;;;;;;;;;;;;;;;;;;;;;;
INST;R2;759;;;;;;;;;;;;;;;;;;;;;;;;;;;;;;;;;;;;;;;;;;;;;;;;;;;;;;;;;;;;;;;;;;;;;;;;;;;;;;;;;;;;;;;;;;;;;;;;;;;;;;;;;;;;;;;;;;;;;;;;;;;;;;;;;;;;;;;;;;;;
INST;R2;712;;;;;;;;;;;;;;;;;;;;;;;;;;;;;;;;;;;;;;;;;;;;;;;;;;;;;;;;;;;;;;;;;;;;;;;;;;;;;;;;;;;;;;;;;;;;;;;;;;;;;;;;;;;;;;;;;;;;;;;;;;;;;;;;;;;;;;;;;;;;
INST;R2;864;;;;;;;;;;;;;;;;;;;;;;;;;;;;;;;;;;;;;;;;;;;;;;;;;;;;;;;;;;;;;;;;;;;;;;;;;;;;;;;;;;;;;;;;;;;;;;;;;;;;;;;;;;;;;;;;;;;;;;;;;;;;;;;;;;;;;;;;;;;;
2;0;13;18;0;Inst_task;0;undefined;undefined;undefined;undefined;white;xpyriment;legacy;legacy;0;uniform;undefined;a;undefined;undefined;undefined;3;66;67;1;0;1;1;0;66;1;0;0;1;1;0;0;0;1;0;0;0;66;1;1;0;1;68;1;0;1;undefined;1;0;06/15/21 15:59:40;The main experiment item;yes;;2. Instrumental.osexp;C:\Users\cncadmin\Desktop\Sara G\new task;no;mono;no;18;no;black;no;yes;768;legacy;30;30;1;1;0;C:/Users/cncadmin/Desktop/Sara G/DatiEEG/13ls2.csv;xpyriment;Kafkaesque Koffka;3.2.8;right;0;0;0;0;4;3;1;z;NA;1;1;1;16093;NA;72449;16093;3703;2;legacy;1024;2;48000;-16;experiment;13;odd;548977;908933;897196;544345;80441;NA;544347;3253;897196;92051;80441;118359;549777;531644;7990;102266;3785;549777;80444;118359;80441;897196;92051;549777;80444;549777;908933;544345;3253;544347;pit experiment;0;0;0;yes;1024
INST;R1;692;;;;;;;;;;;;;;;;;;;;;;;;;;;;;;;;;;;;;;;;;;;;;;;;;;;;;;;;;;;;;;;;;;;;;;;;;;;;;;;;;;;;;;;;;;;;;;;;;;;;;;;;;;;;;;;;;;;;;;;;;;;;;;;;;;;;;;;;;;;;
INST;R1;864;;;;;;;;;;;;;;;;;;;;;;;;;;;;;;;;;;;;;;;;;;;;;;;;;;;;;;;;;;;;;;;;;;;;;;;;;;;;;;;;;;;;;;;;;;;;;;;;;;;;;;;;;;;;;;;;;;;;;;;;;;;;;;;;;;;;;;;;;;;;
INST;R1;840;;;;;;;;;;;;;;;;;;;;;;;;;;;;;;;;;;;;;;;;;;;;;;;;;;;;;;;;;;;;;;;;;;;;;;;;;;;;;;;;;;;;;;;;;;;;;;;;;;;;;;;;;;;;;;;;;;;;;;;;;;;;;;;;;;;;;;;;;;;;
INST;R1;767;;;;;;;;;;;;;;;;;;;;;;;;;;;;;;;;;;;;;;;;;;;;;;;;;;;;;;;;;;;;;;;;;;;;;;;;;;;;;;;;;;;;;;;;;;;;;;;;;;;;;;;;;;;;;;;;;;;;;;;;;;;;;;;;;;;;;;;;;;;;
2;0;15;18;0;Inst_task;0;undefined;undefined;undefined;undefined;white;xpyriment;legacy;legacy;0;uniform;undefined;a;undefined;undefined;undefined;3;67;68;1;0;1;1;0;67;1;0;0;1;1;0;0;0;1;0;0;0;67;1;1;0;1;69;1;0;1;undefined;1;0;06/15/21 15:59:40;The main experiment item;yes;;2. Instrumental.osexp;C:\Users\cncadmin\Desktop\Sara G\new task;no;mono;no;18;no;black;no;yes;768;legacy;31;31;1;1;0;C:/Users/cncadmin/Desktop/Sara G/DatiEEG/13ls2.csv;xpyriment;Kafkaesque Koffka;3.2.8;right;0;4;2;2;0;0;0;m;NA;1;1;1;16093;NA;72449;16093;3703;2;legacy;1024;2;48000;-16;experiment;13;odd;548977;920933;909038;544345;80441;NA;544347;3253;909038;92051;80441;118359;549777;531644;7990;102266;3785;549777;80444;118359;80441;909038;92051;549777;80444;549777;920933;544345;3253;544347;pit experiment;0;0;0;yes;1024
3;0;15;18;0;Inst_question;0;undefined;undefined;undefined;undefined;white;xpyriment;legacy;legacy;0;uniform;undefined;l;undefined;undefined;undefined;4;67;68;2;0;1;2;0;67;1;0;0;1;1;0;0;0;1;0;0;0;67;1;1;0;1;70;2;0;2;undefined;1;0;06/15/21 15:59:40;The main experiment item;yes;;2. Instrumental.osexp;C:\Users\cncadmin\Desktop\Sara G\new task;no;mono;no;18;no;black;no;yes;768;legacy;0;32;1;1;0;C:/Users/cncadmin/Desktop/Sara G/DatiEEG/13ls2.csv;xpyriment;Kafkaesque Koffka;3.2.8;left;0;4;2;2;0;0;0;l;NA;1;1;1;16093;NA;72449;16093;3703;2;legacy;1024;2;48000;-16;experiment;13;odd;939470;920933;909038;921546;80441;NA;921549;3253;909038;92051;80441;118359;549777;921009;7990;102266;3785;549777;80444;118359;80441;909038;92051;549777;80444;549777;939970;921546;3253;921548;pit experiment;0;0;0;yes;1024
4;0;15;18;0;Inst_question;0;undefined;undefined;undefined;undefined;white;xpyriment;legacy;legacy;0;uniform;undefined;a;undefined;undefined;undefined;5;67;68;3;0;1;3;0;67;1;0;0;1;1;0;0;0;1;0;0;0;67;1;1;0;1;71;3;0;3;undefined;1;0;06/15/21 15:59:40;The main experiment item;yes;;2. Instrumental.osexp;C:\Users\cncadmin\Desktop\Sara G\new task;no;mono;no;18;no;black;no;yes;768;legacy;1;32;1;1;0;C:/Users/cncadmin/Desktop/Sara G/DatiEEG/13ls2.csv;xpyriment;Kafkaesque Koffka;3.2.8;right;0;4;2;2;0;0;0;a;NA;1;1;1;16093;NA;72449;16093;3703;2;legacy;1024;2;48000;-16;experiment;13;odd;943375;920933;909038;940574;80441;NA;940577;3253;909038;92051;80441;118359;549777;921009;7990;102266;3785;549777;80444;118359;80441;909038;92051;549777;80444;549777;943875;940574;3253;940576;pit experiment;0;0;0;yes;1024
